epoch,gBest_fitness
1,20.57875631512682
2,20.469578553208112
3,20.400416929273177
4,20.370953200469447
5,20.35917992287282
