epoch,gBest_fitness
1,20.189198221315085
2,18.508517186918134
3,15.307562730366598
4,13.933276451492269
5,13.616854813051422
