epoch,gBest_fitness
1,20.75103103422989
2,20.547570082366775
3,20.39279482745699
4,20.31020043289626
5,20.276167483062252
