epoch,gBest_fitness
1,6.5992441597625735
2,5.678531906141597
3,5.43402818830678
4,5.332359120895639
5,5.077261124452956
