epoch,gBest_fitness
1,20.995236208655307
2,20.900025777770736
3,20.749021791247802
4,20.603462628509735
5,20.568614897320558
