epoch,gBest_fitness
1,21.134728661048317
2,20.958435126388817
3,20.92826568263902
4,20.849767339794234
5,20.82313793908377
