epoch,gBest_fitness
1,4.217941546305617
2,4.025881403855333
3,3.7998443801126744
4,3.7368415033958304
5,3.71982318420816
