epoch,gBest_fitness
1,5.565320276607192
2,5.070828116111937
3,4.768100566599362
4,4.581899141539175
5,4.497905985647538
