epoch,gBest_fitness
1,4.8961950106413035
2,4.667555075617354
3,4.374643239583225
4,4.2602221671534615
5,4.217842913670154
