epoch,gBest_fitness
1,20.276533671612828
2,20.09510474470521
3,20.001071603771006
4,19.987483295205443
5,19.986405670235666
