epoch,gBest_fitness
1,20.791566851971552
2,20.444215532452898
3,20.272406449088546
4,20.222936432726748
5,20.14782410596067
