epoch,gBest_fitness
1,20.570399994523704
2,20.426085513015074
3,20.25097789616133
4,20.09270038770258
5,20.02332292196603
