epoch,gBest_fitness
1,21.12210696554521
2,20.926948291992396
3,20.829960793922755
4,20.756118111177187
5,20.685028882422195
