epoch,gBest_fitness
1,5.134526572138945
2,4.840914262110736
3,4.57712787320818
4,4.393696559955174
5,4.220227471194544
