epoch,gBest_fitness
1,20.5974579226489
2,20.507215202903755
3,20.384799467235144
4,20.351874019622493
5,20.329283643269196
