epoch,gBest_fitness
1,5.01892062724297
2,3.8779922934064257
3,3.649507014657076
4,3.5278938694417126
5,3.5020057053243545
