epoch,gBest_fitness
1,6.113395365102441
2,5.6421745733294415
3,5.31132679832179
4,5.063616263378332
5,4.885468252852657
