epoch,gBest_fitness
1,20.45311048222748
2,20.316233483415626
3,20.219690922012095
4,20.10428733573836
5,20.086126403946196
