epoch,gBest_fitness
1,3.461035203782164
2,2.924221768861639
3,2.746244885028571
4,2.6425901343651543
5,2.5332171634366607
