epoch,gBest_fitness
1,6.792215427538716
2,6.624802012760359
3,6.442178995574217
4,6.314618629967519
5,6.199717853476987
