epoch,gBest_fitness
1,2.1049150258357554
2,1.9455237708587174
3,1.8733383515033464
4,1.8444433563955198
5,1.8424991137661917
