epoch,gBest_fitness
1,3.2521712217599164
2,2.8987866176565267
3,2.692371110810282
4,2.6110873161159565
5,2.59660496161472
