epoch,gBest_fitness
1,21.019660520627976
2,20.80457413574209
3,20.43649115995893
4,20.251623913175727
5,20.04964155738735
