epoch,gBest_fitness
1,5.965583637129772
2,5.803653567002797
3,5.704011807920686
4,5.556042397040983
5,5.46311266114806
