epoch,gBest_fitness
1,6.49863939223717
2,6.248742927438542
3,6.143714162126571
4,6.081372464362236
5,5.961737304143295
