epoch,gBest_fitness
1,5.723180008730651
2,3.6036823766410007
3,3.3432362102125883
4,3.1221052097470268
5,3.0405854007062776
