epoch,gBest_fitness
1,3.537232876714381
2,3.083124521799832
3,3.0371489790070823
4,3.031226547742229
5,3.0292133271473536
