epoch,gBest_fitness
1,20.373845805725956
2,20.14475761127343
3,20.119034714909375
4,20.027924154087756
5,19.99050363918896
