epoch,gBest_fitness
1,20.658498860128443
2,20.423418364650082
3,19.57346542944772
4,18.453981616503942
5,17.636644249055554
