epoch,gBest_fitness
1,21.035769595526688
2,20.920234108709238
3,20.84276042935067
4,20.80550984400184
5,20.776467355291604
