epoch,gBest_fitness
1,20.861337243973676
2,20.630475063339905
3,20.38017930621695
4,20.210988085016233
5,20.190204381293217
