epoch,gBest_fitness
1,9.605368780800405e-225
2,9.605368780800405e-225
3,1.7096998152769468e-236
4,9.409053842373494e-243
5,9.409053842373494e-243
