epoch,gBest_fitness
1,1.258659371494854e-153
2,1.2425735030413632e-180
3,1.2425735030413632e-180
4,1.2425735030413632e-180
5,1.2425735030413632e-180
