epoch,gBest_fitness
1,4.621792916208632e-21
2,3.448352727126296e-23
3,2.4578490027880742e-29
4,2.4578490027880742e-29
5,1.4330704288910774e-31
