epoch,gBest_fitness
1,8.06359308348312e-30
2,8.06359308348312e-30
3,8.06359308348312e-30
4,8.06359308348312e-30
5,8.06359308348312e-30
