epoch,gBest_fitness
1,3.0030632800800974e-26
2,3.0030632800800974e-26
3,1.875853174818455e-27
4,1.0230055933339123e-32
5,8.851695729413872e-42
