epoch,gBest_fitness
1,9.40510064454152e-243
2,9.40510064454152e-243
3,1.6966272326913632e-244
4,1.6966272326913632e-244
5,1.6966272326913632e-244
