epoch,gBest_fitness
1,1.3916494705793762e-192
2,1.3916494705793762e-192
3,1.3916494705793762e-192
4,1.3916494705793762e-192
5,1.3916494705793762e-192
