epoch,gBest_fitness
1,3.883620987113559e-29
2,3.883620987113559e-29
3,3.883620987113559e-29
4,3.84056876104743e-31
5,3.84056876104743e-31
