epoch,gBest_fitness
1,6.2526013731770545e-28
2,6.2526013731770545e-28
3,1.1308723241368642e-28
4,1.1308723241368642e-28
5,1.1308723241368642e-28
