epoch,gBest_fitness
1,4.273866270765517e-174
2,4.273866270765517e-174
3,4.273866270765517e-174
4,4.273866270765517e-174
5,2.3726031056794483e-202
