epoch,gBest_fitness
1,2.774262900023256e-241
2,5.029867011584748e-255
3,5.029867011584748e-255
4,5.029867011584748e-255
5,5.029867011584748e-255
