epoch,gBest_fitness
1,4.202594995645189e-214
2,2.3351831593844124e-236
3,1.8929822771008243e-243
4,1.8929822771008243e-243
5,9.78159091182608e-254
