epoch,gBest_fitness
1,1.536748984186744e-172
2,1.536748984186744e-172
3,4.399747302869244e-189
4,4.399747302869244e-189
5,9.843599428381788e-192
