epoch,gBest_fitness
1,2.27992855131107e-233
2,2.27992855131107e-233
3,2.27992855131107e-233
4,1.0690986272024173e-245
5,5.2463580111644104e-247
