epoch,gBest_fitness
1,2.9003655441378983e-32
2,2.9003655441378983e-32
3,2.9003655441378983e-32
4,2.9003655441378983e-32
5,2.9003655441378983e-32
