epoch,gBest_fitness
1,3.333491374910805e-181
2,6.497576858486079e-213
3,6.497576858486079e-213
4,6.497576858486079e-213
5,6.497576858486079e-213
