epoch,gBest_fitness
1,5.526047606681976e-25
2,5.526047606681976e-25
3,2.33128385013545e-26
4,2.33128385013545e-26
5,1.901671381941942e-28
