epoch,gBest_fitness
1,3.315141497893292e-22
2,1.0618386550720182e-28
3,2.433559241318307e-35
4,2.433559241318307e-35
5,2.433559241318307e-35
