epoch,gBest_fitness
1,5.1591095856606886e-20
2,8.600000790390518e-25
3,1.2349159005438764e-26
4,1.4906111894504881e-34
5,1.4906111894504881e-34
