epoch,gBest_fitness
1,6.076199647207228e-29
2,4.950520452829334e-34
3,3.476510015180042e-35
4,3.476510015180042e-35
5,3.476510015180042e-35
