epoch,gBest_fitness
1,8.253504246019841e-34
2,8.253504246019841e-34
3,8.253504246019841e-34
4,8.253504246019841e-34
5,8.253504246019841e-34
