epoch,gBest_fitness
1,6.489625364758337e-28
2,1.264580743725131e-46
3,1.264580743725131e-46
4,1.264580743725131e-46
5,1.264580743725131e-46
