epoch,gBest_fitness
1,1.55040163837787e-30
2,1.55040163837787e-30
3,1.55040163837787e-30
4,1.55040163837787e-30
5,1.551258105928052e-33
