epoch,gBest_fitness
1,3.717131276682231e-185
2,1.186060536177625e-193
3,1.186060536177625e-193
4,1.186060536177625e-193
5,1.186060536177625e-193
