epoch,gBest_fitness
1,8.206064844817849e-33
2,3.071094196275085e-45
3,3.071094196275085e-45
4,3.071094196275085e-45
5,3.071094196275085e-45
