epoch,gBest_fitness
1,3.104458090474995e-21
2,3.917145060636049e-31
3,3.917145060636049e-31
4,6.299469693395659e-36
5,6.299469693395659e-36
