epoch,gBest_fitness
1,2.0345986041872028e-217
2,4.3029221036610845e-221
3,1.9288511344363003e-223
4,7.614800073908925e-254
5,7.614800073908925e-254
