epoch,gBest_fitness
1,2.575115027867911e-35
2,9.797060801607451e-40
3,4.988030532514216e-40
4,4.988030532514216e-40
5,4.988030532514216e-40
