epoch,gBest_fitness
1,1.0473458320225764e-169
2,4.276569288011131e-176
3,4.276569288011131e-176
4,8.160915500974439e-181
5,8.160915500974439e-181
