epoch,gBest_fitness
1,3.576094929051464e-26
2,2.351085976602404e-28
3,2.351085976602404e-28
4,2.351085976602404e-28
5,1.0097468455406794e-29
