epoch,gBest_fitness
1,1.667001392464886e-181
2,1.667001392464886e-181
3,1.667001392464886e-181
4,1.667001392464886e-181
5,1.2979606916448425e-190
