epoch,gBest_fitness
1,2.251801972202051e-218
2,1.6788426240356728e-239
3,2.235023141867854e-241
4,2.235023141867854e-241
5,2.235023141867854e-241
