epoch,gBest_fitness
1,1.5970029287926113e-157
2,6.522244404456941e-178
3,6.522244404456941e-178
4,6.522244404456941e-178
5,6.522244404456941e-178
