epoch,gBest_fitness
1,2.498125579896431e-162
2,3.603696619361911e-172
3,3.603696619361911e-172
4,3.888292659826802e-183
5,3.888292659826802e-183
