epoch,gBest_fitness
1,2.798581554411309e-250
2,1.4792592798632521e-260
3,1.4792592798632521e-260
4,1.4792592798632521e-260
5,1.4792592798632521e-260
