epoch,gBest_fitness
1,2.4839954763998683e-28
2,3.106826293448701e-32
3,8.158105955371877e-33
4,8.158105955371877e-33
5,8.158105955371877e-33
