epoch,gBest_fitness
1,2.7417659910093827e-189
2,2.7417659910093827e-189
3,2.7417659910093827e-189
4,2.7417659910093827e-189
5,2.7417659910093827e-189
