epoch,gBest_fitness
1,1.3722816462558257e-175
2,1.3722816462558257e-175
3,1.3722816462558257e-175
4,2.1313664329499996e-181
5,2.1313664329499996e-181
