epoch,gBest_fitness
1,1.8118365023608413e-34
2,1.8200641481158062e-35
3,1.8200641481158062e-35
4,1.8200641481158062e-35
5,1.8200641481158062e-35
