epoch,gBest_fitness
1,2.6585944329632185e-213
2,6.940227892001816e-233
3,6.940227892001816e-233
4,6.940227892001816e-233
5,1.0074650523362143e-240
