epoch,gBest_fitness
1,3.7756372365810496e-26
2,2.1646631511097373e-32
3,2.1646631511097373e-32
4,2.1646631511097373e-32
5,2.1646631511097373e-32
