epoch,gBest_fitness
1,3.910180923076692e-27
2,2.6058924076402193e-35
3,1.627436804266102e-37
4,1.627436804266102e-37
5,1.627436804266102e-37
