epoch,gBest_fitness
1,5.6041747578699e-176
2,2.2065929135178824e-176
3,9.169026501715987e-198
4,9.169026501715987e-198
5,9.169026501715987e-198
