epoch,gBest_fitness
1,1.18579701279603e-23
2,1.38114130420117e-34
3,1.38114130420117e-34
4,1.38114130420117e-34
5,1.38114130420117e-34
