epoch,gBest_fitness
1,1.886207102416665e-28
2,2.004216546017236e-30
3,1.2008799779178958e-37
4,1.2008799779178958e-37
5,1.2008799779178958e-37
