epoch,gBest_fitness
1,1.512803488306537e-30
2,3.041914227937747e-36
3,3.041914227937747e-36
4,2.0330915037835883e-48
5,2.0330915037835883e-48
