epoch,gBest_fitness
1,6.835520465592561e-170
2,2.5407274286415175e-181
3,2.5407274286415175e-181
4,2.9652383031375157e-189
5,2.9652383031375157e-189
