epoch,gBest_fitness
1,2.2159730980315852e-259
2,2.2159730980315852e-259
3,2.2159730980315852e-259
4,2.2159730980315852e-259
5,2.2159730980315852e-259
