epoch,gBest_fitness
1,1.9088968926022304e-21
2,1.3512442188247873e-25
3,9.918153475576261e-30
4,4.415106151892576e-36
5,4.415106151892576e-36
