epoch,gBest_fitness
1,2.8514534837400075e-30
2,8.135194483261015e-34
3,8.83721338079443e-36
4,8.83721338079443e-36
5,8.83721338079443e-36
