epoch,gBest_fitness
1,3.2297703649620653e-172
2,3.2297703649620653e-172
3,6.252824244494939e-185
4,6.252824244494939e-185
5,6.252824244494939e-185
