epoch,gBest_fitness
1,1.8480353619983978e-182
2,1.8480353619983978e-182
3,1.8480353619983978e-182
4,1.8480353619983978e-182
5,1.8480353619983978e-182
