epoch,gBest_fitness
1,1.3071524715218794e-19
2,8.463269891703068e-25
3,4.158245811987334e-31
4,4.158245811987334e-31
5,7.00277701285026e-32
