epoch,gBest_fitness
1,4.230583071895929e-228
2,5.601876387717883e-237
3,5.601876387717883e-237
4,5.601876387717883e-237
5,5.601876387717883e-237
