epoch,gBest_fitness
1,1.1689020668966632e-38
2,1.1689020668966632e-38
3,1.1689020668966632e-38
4,1.1689020668966632e-38
5,6.337737118802409e-40
