epoch,gBest_fitness
1,1.2494025623244573e-31
2,1.2494025623244573e-31
3,1.2494025623244573e-31
4,1.891105939469485e-35
5,1.1540342952874421e-36
