epoch,gBest_fitness
1,7.451200442411411e-172
2,7.451200442411411e-172
3,2.0757611326008493e-185
4,1.6379649648053413e-194
5,1.6379649648053413e-194
