epoch,gBest_fitness
1,9.08616291961464e-21
2,2.591178262477329e-24
3,5.134557419647309e-30
4,5.134557419647309e-30
5,1.3211589713535699e-30
