epoch,gBest_fitness
1,1.1519038517237967e-33
2,1.1519038517237967e-33
3,3.0094821881151656e-36
4,3.0094821881151656e-36
5,3.0094821881151656e-36
