epoch,gBest_fitness
1,2.678879529964712e-24
2,1.5662820215417529e-24
3,1.6335521180627948e-26
4,2.2941040659196275e-35
5,2.2941040659196275e-35
