epoch,gBest_fitness
1,3.352919805607832e-41
2,3.352919805607832e-41
3,3.352919805607832e-41
4,3.352919805607832e-41
5,3.352919805607832e-41
