epoch,gBest_fitness
1,2.5105836680683036e-178
2,2.5105836680683036e-178
3,6.20484903212743e-183
4,6.20484903212743e-183
5,6.20484903212743e-183
