epoch,gBest_fitness
1,3.200886174001852e-36
2,8.164590551410206e-38
3,8.164590551410206e-38
4,8.164590551410206e-38
5,8.164590551410206e-38
