epoch,gBest_fitness
1,2.506936843966451e-32
2,2.506936843966451e-32
3,1.1078823140608283e-36
4,1.1078823140608283e-36
5,1.1078823140608283e-36
