epoch,gBest_fitness
1,1.7851828520016399e-248
2,1.7851828520016399e-248
3,1.7851828520016399e-248
4,1.7851828520016399e-248
5,1.7851828520016399e-248
