epoch,gBest_fitness
1,8.260803597467047e-177
2,7.128294716331252e-185
3,5.566381920324513e-189
4,5.566381920324513e-189
5,5.566381920324513e-189
