epoch,gBest_fitness
1,7.377726543698355e-163
2,2.3710617947409846e-167
3,2.3710617947409846e-167
4,1.1612502536828872e-181
5,1.1612502536828872e-181
