epoch,gBest_fitness
1,1.888698115824137e-252
2,1.888698115824137e-252
3,1.888698115824137e-252
4,1.888698115824137e-252
5,1.888698115824137e-252
