epoch,gBest_fitness
1,5.837338783126167e-36
2,5.837338783126167e-36
3,4.081957652291389e-41
4,4.081957652291389e-41
5,4.081957652291389e-41
