epoch,gBest_fitness
1,2.6999900815940784e-24
2,7.137320460831171e-35
3,7.137320460831171e-35
4,7.137320460831171e-35
5,1.5131548686321558e-37
