epoch,gBest_fitness
1,2.193759478238022e-229
2,2.193759478238022e-229
3,2.193759478238022e-229
4,2.193759478238022e-229
5,2.8973456959112286e-248
