epoch,gBest_fitness
1,9.297021316260265e-157
2,5.697322481971087e-178
3,1.0017632154444205e-184
4,1.0017632154444205e-184
5,1.0017632154444205e-184
