epoch,gBest_fitness
1,1.8018216659069204e-19
2,1.0887197915990309e-33
3,1.0887197915990309e-33
4,5.262586731353576e-40
5,5.262586731353576e-40
