epoch,gBest_fitness
1,4.876514406800108e-242
2,4.876514406800108e-242
3,4.876514406800108e-242
4,4.876514406800108e-242
5,4.876514406800108e-242
