epoch,gBest_fitness
1,3.6592162714182742e-180
2,1.9756622105036733e-185
3,1.9756622105036733e-185
4,1.9756622105036733e-185
5,1.9756622105036733e-185
