epoch,gBest_fitness
1,2.144267362887711e-176
2,2.144267362887711e-176
3,6.123615207194698e-195
4,6.123615207194698e-195
5,6.123615207194698e-195
