epoch,gBest_fitness
1,3.628208015574393e-170
2,4.956015078709286e-186
3,4.956015078709286e-186
4,4.956015078709286e-186
5,4.956015078709286e-186
