epoch,gBest_fitness
1,1.0034277615369894e-28
2,7.499729447396833e-30
3,1.6997347749042822e-34
4,1.6997347749042822e-34
5,1.6997347749042822e-34
