epoch,gBest_fitness
1,3.429762534870821e-42
2,3.429762534870821e-42
3,3.429762534870821e-42
4,3.429762534870821e-42
5,3.429762534870821e-42
