epoch,gBest_fitness
1,9.070055508778394e-30
2,1.6852515543569045e-43
3,1.6852515543569045e-43
4,1.6852515543569045e-43
5,1.6852515543569045e-43
