epoch,gBest_fitness
1,1.0117654836835641e-166
2,1.0117654836835641e-166
3,4.956478804436005e-174
4,4.956478804436005e-174
5,2.463063277659752e-177
