epoch,gBest_fitness
1,3.585045375853871e-22
2,2.1418403184058974e-41
3,2.1418403184058974e-41
4,2.1418403184058974e-41
5,2.1418403184058974e-41
