epoch,gBest_fitness
1,4.274118634565606e-240
2,4.274118634565606e-240
3,7.273305317290646e-273
4,7.273305317290646e-273
5,7.273305317290646e-273
