epoch,gBest_fitness
1,1.2492699620277836e-34
2,1.2492699620277836e-34
3,1.2492699620277836e-34
4,1.2492699620277836e-34
5,4.919899695753559e-38
