epoch,gBest_fitness
1,5.025856724420983e-33
2,5.025856724420983e-33
3,5.025856724420983e-33
4,5.025856724420983e-33
5,5.025856724420983e-33
