epoch,gBest_fitness
1,2.291092538950149e-33
2,2.291092538950149e-33
3,2.291092538950149e-33
4,2.291092538950149e-33
5,2.291092538950149e-33
