epoch,gBest_fitness
1,8.559326529637521e-236
2,8.559326529637521e-236
3,2.9807494578259736e-241
4,2.9807494578259736e-241
5,2.9807494578259736e-241
