epoch,gBest_fitness
1,7.835471091611907e-170
2,7.835471091611907e-170
3,2.3984340298809717e-179
4,2.3984340298809717e-179
5,2.3984340298809717e-179
