epoch,gBest_fitness
1,1.0839390788776831e-234
2,1.0839390788776831e-234
3,1.0839390788776831e-234
4,1.1934698633558356e-267
5,1.1934698633558356e-267
