epoch,gBest_fitness
1,8.403453473082673e-226
2,8.403453473082673e-226
3,8.403453473082673e-226
4,2.093762896488676e-251
5,2.093762896488676e-251
