epoch,gBest_fitness
1,6.831487833933193e-171
2,2.530515461065739e-195
3,2.530515461065739e-195
4,2.530515461065739e-195
5,8.685594358505913e-196
