epoch,gBest_fitness
1,8.715744332944836e-32
2,5.553173955770833e-37
3,5.553173955770833e-37
4,5.553173955770833e-37
5,5.553173955770833e-37
