epoch,gBest_fitness
1,4.32296051794555e-24
2,4.32296051794555e-24
3,4.32296051794555e-24
4,2.799049225770349e-35
5,2.799049225770349e-35
