epoch,gBest_fitness
1,1.6765584364810882e-184
2,2.172441277763357e-186
3,2.172441277763357e-186
4,2.172441277763357e-186
5,2.172441277763357e-186
