epoch,gBest_fitness
1,2.1382966821976666e-26
2,2.1382966821976666e-26
3,2.48099756246861e-31
4,2.48099756246861e-31
5,2.48099756246861e-31
