epoch,gBest_fitness
1,1.3674930535843462e-25
2,7.131832920489289e-31
3,7.131832920489289e-31
4,7.131832920489289e-31
5,7.131832920489289e-31
