epoch,gBest_fitness
1,4.4498216840146037e-29
2,4.4498216840146037e-29
3,4.4498216840146037e-29
4,4.4498216840146037e-29
5,4.4498216840146037e-29
