epoch,gBest_fitness
1,8.508582635739474e-26
2,3.197944020114776e-32
3,3.197944020114776e-32
4,3.197944020114776e-32
5,3.197944020114776e-32
