epoch,gBest_fitness
1,7.315683067910271e-223
2,7.315683067910271e-223
3,8.192352905075838e-254
4,8.192352905075838e-254
5,8.192352905075838e-254
