epoch,gBest_fitness
1,1.1194379578578901e-222
2,2.985514111408364e-253
3,2.985514111408364e-253
4,2.985514111408364e-253
5,2.985514111408364e-253
