epoch,gBest_fitness
1,1.1530715546582163e-34
2,1.1530715546582163e-34
3,3.840797075396718e-39
4,3.840797075396718e-39
5,3.840797075396718e-39
