epoch,gBest_fitness
1,6.061512155249291e-215
2,2.9170141537809336e-232
3,5.771135855438596e-248
4,5.771135855438596e-248
5,5.771135855438596e-248
