epoch,gBest_fitness
1,3.515258072833874e-33
2,3.515258072833874e-33
3,3.515258072833874e-33
4,3.515258072833874e-33
5,3.515258072833874e-33
