epoch,gBest_fitness
1,2.97392683751354e-181
2,2.97392683751354e-181
3,2.97392683751354e-181
4,2.8266448019078146e-182
5,1.0013299376942725e-188
