epoch,gBest_fitness
1,2.624272824454744e-238
2,2.624272824454744e-238
3,1.9616765583529783e-241
4,1.9616765583529783e-241
5,1.8699101511944383e-257
