epoch,gBest_fitness
1,2.2484404950245128e-20
2,1.4257190010383563e-28
3,1.4257190010383563e-28
4,1.4257190010383563e-28
5,8.257670420646734e-32
