epoch,gBest_fitness
1,7.366480820299379e-31
2,7.366480820299379e-31
3,1.0160530267310194e-31
4,1.0160530267310194e-31
5,1.0160530267310194e-31
