epoch,gBest_fitness
1,2.0822588265478823e-155
2,1.0856756179721885e-177
3,2.7638295513124262e-185
4,2.7638295513124262e-185
5,2.7638295513124262e-185
