epoch,gBest_fitness
1,5.514396983846298e-59
2,5.514396983846298e-59
3,5.514396983846298e-59
4,5.514396983846298e-59
5,5.514396983846298e-59
