epoch,gBest_fitness
1,1.2253237205842972e-29
2,1.2253237205842972e-29
3,1.2253237205842972e-29
4,3.322595435669122e-39
5,3.322595435669122e-39
