epoch,gBest_fitness
1,1.763226831314383e-167
2,1.322934383447878e-171
3,1.322934383447878e-171
4,5.7746814180603475e-193
5,5.7746814180603475e-193
