epoch,gBest_fitness
1,1.2896040990947628e-228
2,7.717041219284799e-230
3,2.2714169430013006e-242
4,2.2714169430013006e-242
5,2.2714169430013006e-242
