epoch,gBest_fitness
1,3.2177172811567585e-23
2,2.917271642058626e-28
3,6.18611967726901e-52
4,6.18611967726901e-52
5,6.18611967726901e-52
