epoch,gBest_fitness
1,8.472369660944767e-22
2,1.7791666540041396e-32
3,1.7791666540041396e-32
4,1.7791666540041396e-32
5,1.7791666540041396e-32
