epoch,gBest_fitness
1,9.293347714393846e-163
2,4.514646846533957e-172
3,6.773901439434148e-196
4,6.773901439434148e-196
5,6.773901439434148e-196
