epoch,gBest_fitness
1,1.2055763399474589e-20
2,1.9442794796524128e-29
3,1.9442794796524128e-29
4,1.9442794796524128e-29
5,1.9442794796524128e-29
