epoch,gBest_fitness
1,8.295507730984456e-220
2,3.333122585730561e-232
3,3.333122585730561e-232
4,3.333122585730561e-232
5,3.333122585730561e-232
