epoch,gBest_fitness
1,3.238822297429205e-22
2,1.7873485796821518e-28
3,5.2183237881390765e-33
4,5.2183237881390765e-33
5,5.2183237881390765e-33
