epoch,gBest_fitness
1,1.3632371741471868e-19
2,5.35367562718836e-27
3,5.35367562718836e-27
4,2.2053564276800064e-28
5,6.99400277815285e-31
