epoch,gBest_fitness
1,9.784867664557462e-168
2,2.5175894541535645e-194
3,2.5175894541535645e-194
4,2.5175894541535645e-194
5,2.5175894541535645e-194
