epoch,gBest_fitness
1,1.2125601683915684e-33
2,1.2125601683915684e-33
3,1.2125601683915684e-33
4,1.2125601683915684e-33
5,3.948702943390415e-37
