epoch,gBest_fitness
1,2.738547084691452e-25
2,8.731033115715103e-27
3,4.997476946863259e-37
4,4.997476946863259e-37
5,4.997476946863259e-37
