epoch,gBest_fitness
1,2.057732735755499e-27
2,7.210237588597248e-44
3,7.210237588597248e-44
4,7.210237588597248e-44
5,7.210237588597248e-44
