epoch,gBest_fitness
1,4.0892838527687096e-26
2,4.0892838527687096e-26
3,2.9965760208230794e-27
4,3.126857856480149e-28
5,7.477516560505704e-46
