epoch,gBest_fitness
1,1.0208220772419505e-179
2,7.185537229476537e-181
3,7.185537229476537e-181
4,4.91880295983058e-187
5,4.91880295983058e-187
