epoch,gBest_fitness
1,8.286398398056067e-34
2,8.286398398056067e-34
3,8.286398398056067e-34
4,8.286398398056067e-34
5,8.286398398056067e-34
