epoch,gBest_fitness
1,1.381612643798128e-20
2,2.325103822874014e-37
3,2.325103822874014e-37
4,2.325103822874014e-37
5,2.325103822874014e-37
