epoch,gBest_fitness
1,9.575070404147982e-30
2,1.652383586714431e-35
3,1.652383586714431e-35
4,1.652383586714431e-35
5,1.652383586714431e-35
