epoch,gBest_fitness
1,2.8873829966302545e-43
2,2.8873829966302545e-43
3,2.8873829966302545e-43
4,2.8873829966302545e-43
5,2.8873829966302545e-43
