epoch,gBest_fitness
1,2.614732895725866e-205
2,8.692648875846956e-235
3,8.692648875846956e-235
4,8.692648875846956e-235
5,8.692648875846956e-235
