epoch,gBest_fitness
1,2.50955560901548e-33
2,2.50955560901548e-33
3,1.2534217289533023e-36
4,1.2534217289533023e-36
5,1.2534217289533023e-36
