epoch,gBest_fitness
1,5.678235127939468e-171
2,5.678235127939468e-171
3,1.7637371333971678e-181
4,7.587928929293928e-183
5,7.587928929293928e-183
