epoch,gBest_fitness
1,1.013471868677244e-167
2,6.257481416046893e-189
3,6.257481416046893e-189
4,6.257481416046893e-189
5,4.514369527855874e-190
