epoch,gBest_fitness
1,1.4628279536025412e-247
2,1.4628279536025412e-247
3,1.4628279536025412e-247
4,1.4628279536025412e-247
5,1.4628279536025412e-247
