epoch,gBest_fitness
1,3.380385723649607e-31
2,1.274826280366109e-35
3,1.274826280366109e-35
4,1.274826280366109e-35
5,1.4836042468733083e-47
