epoch,gBest_fitness
1,2.248070134055297e-197
2,2.248070134055297e-197
3,2.248070134055297e-197
4,2.248070134055297e-197
5,2.248070134055297e-197
