epoch,gBest_fitness
1,2.1895167178585997e-31
2,7.87264422188095e-36
3,8.162966106169069e-42
4,8.162966106169069e-42
5,8.162966106169069e-42
