epoch,gBest_fitness
1,2.887100151064742e-27
2,4.3770302046756284e-33
3,3.5710322867602577e-39
4,3.5710322867602577e-39
5,3.5710322867602577e-39
