epoch,gBest_fitness
1,1.527887139859213e-160
2,1.149028132263401e-172
3,1.149028132263401e-172
4,1.149028132263401e-172
5,1.1661442872161457e-182
