epoch,gBest_fitness
1,6.601795416284529e-171
2,6.330038294232004e-180
3,6.330038294232004e-180
4,6.330038294232004e-180
5,6.330038294232004e-180
