epoch,gBest_fitness
1,1.4747387311523616e-235
2,1.4747387311523616e-235
3,1.4747387311523616e-235
4,1.4747387311523616e-235
5,1.4747387311523616e-235
