epoch,gBest_fitness
1,1.7843618736776885e-191
2,1.7843618736776885e-191
3,1.7843618736776885e-191
4,4.2344163394736126e-200
5,4.2344163394736126e-200
