epoch,gBest_fitness
1,3.5130330468075076e-28
2,3.5130330468075076e-28
3,3.5130330468075076e-28
4,3.5130330468075076e-28
5,3.5130330468075076e-28
