epoch,gBest_fitness
1,4.664486782927496e-163
2,5.202745928481982e-166
3,5.202745928481982e-166
4,6.159921771658216e-187
5,6.159921771658216e-187
