epoch,gBest_fitness
1,1.659974609559364e-171
2,6.31959391110981e-175
3,6.31959391110981e-175
4,6.31959391110981e-175
5,6.31959391110981e-175
