epoch,gBest_fitness
1,5.214537049082672e-28
2,5.214537049082672e-28
3,7.587776381589232e-36
4,7.587776381589232e-36
5,7.587776381589232e-36
