epoch,gBest_fitness
1,2.516943794130485e-187
2,2.516943794130485e-187
3,2.516943794130485e-187
4,2.516943794130485e-187
5,2.516943794130485e-187
