epoch,gBest_fitness
1,2.32311746674554e-17
2,1.231967588819361e-19
3,4.5288713904363564e-24
4,4.9697706399418625e-31
5,4.9697706399418625e-31
