epoch,gBest_fitness
1,1.8244585147880406e-37
2,1.8244585147880406e-37
3,1.8244585147880406e-37
4,2.1526017087929617e-39
5,2.1526017087929617e-39
