epoch,gBest_fitness
1,2.820267384550742e-153
2,7.727274464148405e-183
3,7.727274464148405e-183
4,8.40699888583968e-192
5,8.40699888583968e-192
