epoch,gBest_fitness
1,1.893621237671991e-24
2,1.7529123258913307e-26
3,1.238857482267406e-38
4,1.238857482267406e-38
5,1.238857482267406e-38
