epoch,gBest_fitness
1,5.300019265501458e-26
2,5.300019265501458e-26
3,5.300019265501458e-26
4,5.300019265501458e-26
5,5.300019265501458e-26
