epoch,gBest_fitness
1,1.8425986622788346e-203
2,1.8425986622788346e-203
3,1.8425986622788346e-203
4,1.8425986622788346e-203
5,1.8425986622788346e-203
