epoch,gBest_fitness
1,5.8381678450303475e-170
2,2.2534581601617996e-172
3,7.056091829665118e-177
4,7.056091829665118e-177
5,7.056091829665118e-177
