epoch,gBest_fitness
1,2.3995522499012914e-232
2,9.90001615743377e-251
3,9.90001615743377e-251
4,9.90001615743377e-251
5,9.90001615743377e-251
