epoch,gBest_fitness
1,1.535408487005215e-42
2,1.535408487005215e-42
3,1.535408487005215e-42
4,1.535408487005215e-42
5,1.535408487005215e-42
