epoch,gBest_fitness
1,1.51839547734747e-183
2,1.51839547734747e-183
3,1.51839547734747e-183
4,1.51839547734747e-183
5,1.51839547734747e-183
