epoch,gBest_fitness
1,2.487626451714938e-239
2,2.487626451714938e-239
3,2.487626451714938e-239
4,2.487626451714938e-239
5,2.487626451714938e-239
