epoch,gBest_fitness
1,1.3512780217091292e-193
2,1.3512780217091292e-193
3,1.3512780217091292e-193
4,1.3512780217091292e-193
5,1.3512780217091292e-193
