epoch,gBest_fitness
1,1.2461681345941607e-178
2,1.2461681345941607e-178
3,9.927030779311918e-218
4,9.927030779311918e-218
5,9.927030779311918e-218
