epoch,gBest_fitness
1,1.3439039544372653e-26
2,2.9271148648558326e-32
3,2.443067832319508e-35
4,2.443067832319508e-35
5,8.294825054710382e-40
