epoch,gBest_fitness
1,4.397154882826251e-185
2,4.397154882826251e-185
3,4.397154882826251e-185
4,4.397154882826251e-185
5,4.397154882826251e-185
