epoch,gBest_fitness
1,2.439302223500703e-19
2,1.9051222079068694e-24
3,1.3919598011619924e-27
4,3.1408838763327184e-31
5,3.1408838763327184e-31
