epoch,gBest_fitness
1,6.91837202595186e-28
2,6.91837202595186e-28
3,4.825552241686224e-45
4,4.825552241686224e-45
5,4.825552241686224e-45
