epoch,gBest_fitness
1,3.493645689776323e-35
2,3.493645689776323e-35
3,3.493645689776323e-35
4,3.493645689776323e-35
5,3.493645689776323e-35
