epoch,gBest_fitness
1,5.530834472938009e-38
2,5.530834472938009e-38
3,5.530834472938009e-38
4,3.3808778031115533e-49
5,3.3808778031115533e-49
