epoch,gBest_fitness
1,1.9885410971227383e-177
2,2.987963332003557e-187
3,2.987963332003557e-187
4,2.987963332003557e-187
5,2.987963332003557e-187
