epoch,gBest_fitness
1,4.588152174562444e-19
2,4.978814375788951e-24
3,4.978814375788951e-24
4,5.292001601448765e-35
5,5.292001601448765e-35
