epoch,gBest_fitness
1,1.1652818238579094e-28
2,9.007075917861861e-38
3,9.007075917861861e-38
4,2.4467864649796477e-39
5,2.4467864649796477e-39
