epoch,gBest_fitness
1,7.874363140353124e-228
2,9.497742594212646e-236
3,9.497742594212646e-236
4,9.497742594212646e-236
5,9.497742594212646e-236
