epoch,gBest_fitness
1,5.640765581431264e-16
2,4.293168607747749e-27
3,2.24954925005566e-30
4,1.5940151708237144e-31
5,1.5940151708237144e-31
