epoch,gBest_fitness
1,1.9839508990287821e-184
2,1.9839508990287821e-184
3,1.9839508990287821e-184
4,1.9839508990287821e-184
5,1.9839508990287821e-184
