epoch,gBest_fitness
1,8.895554660103794e-189
2,4.553997164877879e-190
3,4.553997164877879e-190
4,4.553997164877879e-190
5,4.303832886823957e-199
