epoch,gBest_fitness
1,4.268776468123722e-26
2,9.679169867298011e-30
3,1.4636355909775416e-32
4,7.810756654179742e-33
5,2.9381018538639784e-34
