epoch,gBest_fitness
1,1.120722329208168e-172
2,2.4547582061179356e-177
3,2.4547582061179356e-177
4,2.4547582061179356e-177
5,2.4547582061179356e-177
