epoch,gBest_fitness
1,4.48200734661306e-217
2,2.8613519864013594e-219
3,1.1014076502155635e-232
4,6.352254890976184e-249
5,6.352254890976184e-249
