epoch,gBest_fitness
1,5.382501253897443e-218
2,5.382501253897443e-218
3,3.1904801503737495e-220
4,1.7411963950679287e-223
5,5.131810433242098e-245
