epoch,gBest_fitness
1,1.172859677235463e-46
2,1.172859677235463e-46
3,1.172859677235463e-46
4,1.172859677235463e-46
5,1.172859677235463e-46
