epoch,gBest_fitness
1,9.967227646064379e-29
2,9.967227646064379e-29
3,3.973586579269281e-30
4,1.5785907415619844e-30
5,1.5785907415619844e-30
