epoch,gBest_fitness
1,1.0329710678774184e-168
2,1.337041560633107e-173
3,1.337041560633107e-173
4,4.671388478139917e-189
5,4.671388478139917e-189
