epoch,gBest_fitness
1,1.8652359433175285e-165
2,6.998312452279432e-186
3,7.581925954375483e-193
4,7.581925954375483e-193
5,7.581925954375483e-193
