epoch,gBest_fitness
1,3.358406861497661e-34
2,3.0021618291544903e-36
3,3.0021618291544903e-36
4,3.0021618291544903e-36
5,7.7850797314071e-40
