epoch,gBest_fitness
1,4.1847042284699456e-216
2,6.419643276395123e-221
3,1.3808637033733916e-224
4,1.3808637033733916e-224
5,1.3808637033733916e-224
