epoch,gBest_fitness
1,5.859177932363263e-28
2,1.4031343741073232e-33
3,1.4031343741073232e-33
4,4.588204072314522e-47
5,4.588204072314522e-47
