epoch,gBest_fitness
1,5.617081169984202e-170
2,5.617081169984202e-170
3,5.617081169984202e-170
4,2.9186051606012085e-185
5,2.9186051606012085e-185
