epoch,gBest_fitness
1,9.059190654869502e-39
2,9.059190654869502e-39
3,9.059190654869502e-39
4,9.059190654869502e-39
5,9.059190654869502e-39
