epoch,gBest_fitness
1,1.757592893960975e-249
2,1.757592893960975e-249
3,1.757592893960975e-249
4,1.757592893960975e-249
5,1.757592893960975e-249
