epoch,gBest_fitness
1,7.957785498829067e-24
2,7.957785498829067e-24
3,1.1722715327815543e-24
4,1.1722715327815543e-24
5,3.87721670367051e-29
