epoch,gBest_fitness
1,1.7363636236617946e-23
2,5.964175703239277e-30
3,5.964175703239277e-30
4,5.964175703239277e-30
5,9.429612324199541e-43
