epoch,gBest_fitness
1,3.414403525751101e-29
2,3.414403525751101e-29
3,3.414403525751101e-29
4,3.414403525751101e-29
5,9.825426671738315e-40
