epoch,gBest_fitness
1,5.364394309676796e-26
2,2.1696882770307577e-39
3,2.1696882770307577e-39
4,2.1696882770307577e-39
5,2.1696882770307577e-39
