epoch,gBest_fitness
1,5.455156901452717e-226
2,5.455156901452717e-226
3,4.452208807719628e-240
4,4.452208807719628e-240
5,4.452208807719628e-240
