epoch,gBest_fitness
1,2.1885095114622973e-226
2,5.314263804854582e-228
3,1.6961226868038612e-228
4,1.6961226868038612e-228
5,7.394245319326399e-234
