epoch,gBest_fitness
1,3.1948910366091885e-168
2,6.960547593622577e-185
3,6.960547593622577e-185
4,3.1521484827490968e-186
5,3.1521484827490968e-186
