epoch,gBest_fitness
1,2.6014494372604188e-30
2,2.6014494372604188e-30
3,1.0971534005352243e-35
4,1.0971534005352243e-35
5,1.0971534005352243e-35
