epoch,gBest_fitness
1,4.850717667197647e-234
2,4.850717667197647e-234
3,4.850717667197647e-234
4,8.721475674176664e-240
5,8.721475674176664e-240
