epoch,gBest_fitness
1,8.281279950955787e-233
2,1.4825434541728296e-253
3,1.4825434541728296e-253
4,1.4825434541728296e-253
5,1.4825434541728296e-253
