epoch,gBest_fitness
1,4.290699706441578e-194
2,4.290699706441578e-194
3,4.290699706441578e-194
4,4.290699706441578e-194
5,4.290699706441578e-194
