epoch,gBest_fitness
1,6.853147750423076e-158
2,5.224496094076866e-179
3,5.224496094076866e-179
4,5.224496094076866e-179
5,5.224496094076866e-179
