epoch,gBest_fitness
1,5.231437270857601e-168
2,9.769382980593454e-180
3,9.769382980593454e-180
4,2.779726447588752e-191
5,2.779726447588752e-191
