epoch,gBest_fitness
1,2.475502976600688e-37
2,4.133632985828098e-44
3,4.133632985828098e-44
4,4.133632985828098e-44
5,4.133632985828098e-44
