epoch,gBest_fitness
1,2.131523051430365e-31
2,2.131523051430365e-31
3,9.280542736214676e-35
4,9.280542736214676e-35
5,9.280542736214676e-35
