epoch,gBest_fitness
1,1.5410346431447764e-41
2,1.5410346431447764e-41
3,1.5410346431447764e-41
4,1.5410346431447764e-41
5,1.5410346431447764e-41
