epoch,gBest_fitness
1,8.37485123263216e-21
2,1.5183773117216906e-39
3,1.5183773117216906e-39
4,1.5183773117216906e-39
5,1.5183773117216906e-39
