epoch,gBest_fitness
1,7.992203297270058e-176
2,7.6904874614940785e-177
3,7.6904874614940785e-177
4,7.6904874614940785e-177
5,4.647401775710095e-185
