epoch,gBest_fitness
1,1.4265828011674968e-30
2,1.1167250931183276e-30
3,1.291661208401074e-31
4,1.291661208401074e-31
5,5.808133439275672e-34
