epoch,gBest_fitness
1,2.898512046497895e-184
2,9.080144009468613e-185
3,9.080144009468613e-185
4,9.080144009468613e-185
5,9.073742982326957e-189
