epoch,gBest_fitness
1,1.4248306913498033e-218
2,1.4248306913498033e-218
3,1.4248306913498033e-218
4,1.4248306913498033e-218
5,1.4248306913498033e-218
