epoch,gBest_fitness
1,1.8994332375505834e-176
2,1.8994332375505834e-176
3,1.8994332375505834e-176
4,8.688988605194837e-183
5,8.688988605194837e-183
