epoch,gBest_fitness
1,1.8230613444718626e-27
2,1.8230613444718626e-27
3,1.8230613444718626e-27
4,1.8230613444718626e-27
5,4.492657706799049e-46
