epoch,gBest_fitness
1,3.0555561929118464e-168
2,5.051726713825915e-176
3,1.5941439442589918e-176
4,6.730708933672267e-204
5,6.730708933672267e-204
