epoch,gBest_fitness
1,2.1041629818466047e-26
2,2.1041629818466047e-26
3,2.1041629818466047e-26
4,2.1041629818466047e-26
5,2.838525738590953e-27
