epoch,gBest_fitness
1,1.3227939711552374e-178
2,1.3227939711552374e-178
3,1.3227939711552374e-178
4,1.1064868731152588e-185
5,1.1064868731152588e-185
