epoch,gBest_fitness
1,9.553670357224875e-39
2,9.553670357224875e-39
3,9.553670357224875e-39
4,9.553670357224875e-39
5,9.553670357224875e-39
