epoch,gBest_fitness
1,5.655514374184191e-31
2,1.4282259566709109e-36
3,1.4282259566709109e-36
4,2.528111754849195e-38
5,2.528111754849195e-38
