epoch,gBest_fitness
1,3.806520973152938e-32
2,1.2450262762621006e-35
3,1.2450262762621006e-35
4,1.2450262762621006e-35
5,3.0241986480474656e-44
