epoch,gBest_fitness
1,1.2175085312031885e-165
2,3.346374131247575e-203
3,3.346374131247575e-203
4,3.346374131247575e-203
5,3.346374131247575e-203
