epoch,gBest_fitness
1,5.07755596566371e-30
2,9.280872508293497e-35
3,7.0616340788541314e-40
4,7.0616340788541314e-40
5,7.0616340788541314e-40
