epoch,gBest_fitness
1,1.9958834244478272e-35
2,1.9958834244478272e-35
3,3.472176118883125e-37
4,3.472176118883125e-37
5,3.472176118883125e-37
