epoch,gBest_fitness
1,2.3311610949990822e-223
2,1.19228766257849e-226
3,1.19228766257849e-226
4,1.19228766257849e-226
5,2.902765443037597e-262
