epoch,gBest_fitness
1,6.032203783100542e-252
2,6.032203783100542e-252
3,6.032203783100542e-252
4,6.032203783100542e-252
5,6.032203783100542e-252
