epoch,gBest_fitness
1,2.390746206728249e-37
2,2.390746206728249e-37
3,2.390746206728249e-37
4,2.390746206728249e-37
5,2.390746206728249e-37
