epoch,gBest_fitness
1,3.113115940884036e-31
2,7.095044668332258e-46
3,7.095044668332258e-46
4,7.095044668332258e-46
5,7.095044668332258e-46
