epoch,gBest_fitness
1,1.297514659156827e-241
2,1.297514659156827e-241
3,1.1220419997948523e-253
4,1.1220419997948523e-253
5,1.1220419997948523e-253
