epoch,gBest_fitness
1,1.4519954825650693e-184
2,1.4519954825650693e-184
3,1.4519954825650693e-184
4,1.4519954825650693e-184
5,1.446600883351576e-197
