epoch,gBest_fitness
1,-34.42840161532664
2,-34.42840161532664
3,-35.34601496270722
4,-47.00082991916077
5,-47.00082991916077
