epoch,gBest_fitness
1,-4.355237872942581
2,-4.355237872942581
3,-43.584656062965514
4,-43.584656062965514
5,-43.584656062965514
