epoch,gBest_fitness
1,-30.482583703503916
2,-31.418382748826584
3,-31.418382748826584
4,-31.418382748826584
5,-31.418382748826584
