epoch,gBest_fitness
1,0.0
2,0.0
3,0.0
4,-35.34083838202098
5,-52.43042781059976
