epoch,gBest_fitness
1,201482.1279560262
2,0.0
3,-41.02162244408269
4,-41.02162244408269
5,-41.02162244408269
