epoch,gBest_fitness
1,0.0
2,0.0
3,-46.543993475394366
4,-46.543993475394366
5,-46.543993475394366
