epoch,gBest_fitness
1,23425377.523183264
2,23425377.523183264
3,23425377.523183264
4,23425377.523183264
5,-15.507491270305469
