epoch,gBest_fitness
1,-28.594901595592834
2,-29.240144886817976
3,-55.557644612613444
4,-55.557644612613444
5,-55.557644612613444
