epoch,gBest_fitness
1,20338554.549352676
2,20338554.549352676
3,53474.67505391416
4,53474.67505391416
5,-40.411447707001784
