epoch,gBest_fitness
1,-23.13394988730934
2,-29.779859116096233
3,-29.779859116096233
4,-42.20147173201554
5,-45.9878476360375
