epoch,gBest_fitness
1,-2.2109315073968765
2,-6.769766333092421
3,-67.39995101993485
4,-67.39995101993485
5,-67.39995101993485
