epoch,gBest_fitness
1,22796439.1783757
2,6110.981273205832
3,-69.53178340707227
4,-69.53178340707227
5,-69.53178340707227
