epoch,gBest_fitness
1,11717792.630593393
2,11717792.630593393
3,41041.78289267642
4,-11.808254142060619
5,-11.808254142060619
