epoch,gBest_fitness
1,1757.6704263147515
2,1757.6704263147515
3,1757.6704263147515
4,-24.815394236054914
5,-24.815394236054914
