epoch,gBest_fitness
1,1776.0737175445984
2,-50.82915640662935
3,-50.82915640662935
4,-52.8767063281627
5,-54.596669319830276
