epoch,gBest_fitness
1,-23.41852812704046
2,-35.397516268883855
3,-35.397516268883855
4,-47.72659448143139
5,-47.72659448143139
