epoch,gBest_fitness
1,-18.74069255944636
2,-44.952823700497945
3,-44.952823700497945
4,-48.71539590759466
5,-53.96429694080548
