epoch,gBest_fitness
1,-25.69492585859744
2,-48.465761923101695
3,-53.957711290937844
4,-53.957711290937844
5,-53.957711290937844
