epoch,gBest_fitness
1,1542.2483205766493
2,-44.33145634663348
3,-44.33145634663348
4,-44.49257383272941
5,-44.50279993909933
