epoch,gBest_fitness
1,20002566.173538644
2,20002566.173538644
3,20002566.173538644
4,20002566.173538644
5,42871.752403498445
