epoch,gBest_fitness
1,18760329.483639874
2,18760329.483639874
3,18760329.483639874
4,10062.268164252098
5,10062.268164252098
