epoch,gBest_fitness
1,24516153.78247012
2,24516153.78247012
3,24516153.78247012
4,24516153.78247012
5,24516153.78247012
