epoch,gBest_fitness
1,29183374.28578576
2,396.81597635194646
3,396.81597635194646
4,0.0
5,0.0
