epoch,gBest_fitness
1,28326177.692405313
2,28326177.692405313
3,153.73459370697503
4,153.73459370697503
5,153.73459370697503
