epoch,gBest_fitness
1,-11.783142189578111
2,-34.136116492593885
3,-62.11265404645769
4,-69.08822343686
5,-69.73746190407768
