epoch,gBest_fitness
1,20067653.30948125
2,21281.31607865302
3,21281.31607865302
4,21281.31607865302
5,1648.3469739131958
