epoch,gBest_fitness
1,-11.251240652180131
2,-43.09931144570145
3,-51.44804474138044
4,-51.44804474138044
5,-51.44804474138044
