epoch,gBest_fitness
1,-28.973533950477005
2,-61.420253031356324
3,-61.420253031356324
4,-63.10271161555479
5,-63.10271161555479
