epoch,gBest_fitness
1,16556966.924484706
2,-1.0939742582617136
3,-1.0939742582617136
4,-1.0939742582617136
5,-1.0939742582617136
