epoch,gBest_fitness
1,1022.9608661886107
2,1022.9608661886107
3,1022.9608661886107
4,-3.8368236335678945
5,-53.51888748509033
