epoch,gBest_fitness
1,-32.84228114548868
2,-32.84228114548868
3,-32.84228114548868
4,-32.84228114548868
5,-32.84228114548868
