epoch,gBest_fitness
1,-37.23570688199156
2,-37.545871963568324
3,-37.545871963568324
4,-37.545871963568324
5,-37.545871963568324
