epoch,gBest_fitness
1,1445.8439314638717
2,-25.55957490597882
3,-42.63880291922363
4,-42.63880291922363
5,-42.63880291922363
