epoch,gBest_fitness
1,-25.610030033718797
2,-25.610030033718797
3,-25.610030033718797
4,-27.111122521043455
5,-27.111122521043455
