epoch,gBest_fitness
1,-19.456844610950203
2,-48.30638673880392
3,-48.30638673880392
4,-52.2948890818818
5,-52.2948890818818
