epoch,gBest_fitness
1,17865766.855948962
2,17865766.855948962
3,17865766.855948962
4,1862.8244632095689
5,729.6732272869616
