epoch,gBest_fitness
1,1529.0234283945183
2,-33.494222345337754
3,-50.40048816977565
4,-50.40048816977565
5,-50.40048816977565
