epoch,gBest_fitness
1,22416131.58273894
2,275095.99759459397
3,-30.33310483781833
4,-30.33310483781833
5,-30.33310483781833
