epoch,gBest_fitness
1,-26.90931893971935
2,-46.01659434564538
3,-51.436865240275445
4,-51.436865240275445
5,-51.436865240275445
