epoch,gBest_fitness
1,8.359677359159837e-20
2,1.262619681458575e-44
3,8.844248003376016e-46
4,3.449637622208717e-76
5,3.449637622208717e-76
