epoch,gBest_fitness
1,1.7566900557409869e-16
2,3.2935626022390027e-79
3,3.2935626022390027e-79
4,5.879988834754018e-104
5,5.879988834754018e-104
