epoch,gBest_fitness
1,1.9762626e-316
2,1.9762626e-316
3,0.0
4,0.0
5,0.0
