epoch,gBest_fitness
1,2230290987574.605
2,2230290987574.605
3,2230290987574.605
4,9.177862830589647e-50
5,1.941424974833986e-52
