epoch,gBest_fitness
1,4.338911058744396e-57
2,4.338911058744396e-57
3,5.397985649137776e-91
4,5.397985649137776e-91
5,5.397985649137776e-91
