epoch,gBest_fitness
1,6.5381685930538e-36
2,8.954807067474887e-58
3,1.8823333526317386e-77
4,7.162573141685166e-116
5,7.162573141685166e-116
