epoch,gBest_fitness
1,2.4358618925692686e-300
2,1.08694442e-315
3,0.0
4,0.0
5,0.0
