epoch,gBest_fitness
1,1.7246078414721578e-19
2,4.225962323166525e-66
3,4.225962323166525e-66
4,4.225962323166525e-66
5,4.225962323166525e-66
