epoch,gBest_fitness
1,3.054369878304672e-25
2,5.791904467624259e-60
3,5.791904467624259e-60
4,2.3426750939649614e-89
5,2.3426750939649614e-89
