epoch,gBest_fitness
1,8.940742427550896e-24
2,8.940742427550896e-24
3,9.9440364362372e-27
4,1.5996937117971685e-30
5,3.323600119550459e-32
