epoch,gBest_fitness
1,4.3103681613633864e-207
2,4.3103681613633864e-207
3,2.5331246053050828e-219
4,2.5331246053050828e-219
5,2.5331246053050828e-219
