epoch,gBest_fitness
1,6.651355966475098e-27
2,4.672087483783038e-30
3,1.1716594113955918e-36
4,1.1716594113955918e-36
5,1.1716594113955918e-36
