epoch,gBest_fitness
1,9.80853311278423e-209
2,6.371344002664132e-224
3,6.371344002664132e-224
4,6.371344002664132e-224
5,6.371344002664132e-224
