epoch,gBest_fitness
1,7.120259610427043e-187
2,1.5844502820445668e-197
3,6.135113668229721e-207
4,6.135113668229721e-207
5,6.135113668229721e-207
