epoch,gBest_fitness
1,1.5016351058857252e-20
2,1.5016351058857252e-20
3,2.79569451927555e-30
4,2.79569451927555e-30
5,2.79569451927555e-30
