epoch,gBest_fitness
1,7.326280207057052e-210
2,7.326280207057052e-210
3,1.9596440319398346e-213
4,1.9596440319398346e-213
5,1.9596440319398346e-213
