epoch,gBest_fitness
1,1.2638473200413542e-201
2,1.2638473200413542e-201
3,1.2638473200413542e-201
4,1.2638473200413542e-201
5,1.2638473200413542e-201
