epoch,gBest_fitness
1,3.114830477157248e-213
2,1.4849918067824484e-220
3,1.4849918067824484e-220
4,1.4849918067824484e-220
5,1.4849918067824484e-220
