epoch,gBest_fitness
1,7.017631068242055e-30
2,7.017631068242055e-30
3,7.017631068242055e-30
4,7.017631068242055e-30
5,7.017631068242055e-30
