epoch,gBest_fitness
1,6.6422886550087e-213
2,6.6422886550087e-213
3,6.6422886550087e-213
4,6.6422886550087e-213
5,6.6422886550087e-213
