epoch,gBest_fitness
1,4.4328117632250023e-190
2,6.887889788785035e-201
3,4.284547086155965e-210
4,2.001775546847671e-211
5,2.001775546847671e-211
