epoch,gBest_fitness
1,9.363436180114852e-28
2,9.363436180114852e-28
3,9.363436180114852e-28
4,9.363436180114852e-28
5,9.363436180114852e-28
