epoch,gBest_fitness
1,1.6370632894916977e-204
2,7.995203216665694e-217
3,7.995203216665694e-217
4,7.995203216665694e-217
5,7.995203216665694e-217
