epoch,gBest_fitness
1,3.8967083342555426e-16
2,7.906298552702121e-21
3,6.213317930169932e-23
4,6.213317930169932e-23
5,2.8353970110841303e-24
