epoch,gBest_fitness
1,3.444996098197891e-30
2,3.444996098197891e-30
3,3.444996098197891e-30
4,3.444996098197891e-30
5,3.444996098197891e-30
