epoch,gBest_fitness
1,1.979550358555883e-26
2,2.0945065087258786e-31
3,2.0945065087258786e-31
4,2.0945065087258786e-31
5,2.0945065087258786e-31
