epoch,gBest_fitness
1,8.96929341519906e-19
2,9.696330873150905e-38
3,9.696330873150905e-38
4,9.696330873150905e-38
5,9.696330873150905e-38
