epoch,gBest_fitness
1,3.426484622633677e-20
2,3.382303996689879e-28
3,3.382303996689879e-28
4,5.179685460099585e-33
5,5.179685460099585e-33
