epoch,gBest_fitness
1,4.13787750043524e-188
2,1.3530706298361868e-203
3,1.3530706298361868e-203
4,7.084002057172435e-211
5,1.0308098346144024e-211
