epoch,gBest_fitness
1,8.030904590651656e-198
2,4.023646933929291e-203
3,4.023646933929291e-203
4,4.023646933929291e-203
5,4.023646933929291e-203
