epoch,gBest_fitness
1,1.5202045698246616e-178
2,1.9838174957661716e-203
3,1.9838174957661716e-203
4,1.9838174957661716e-203
5,1.9838174957661716e-203
