epoch,gBest_fitness
1,2.8202109128659377e-216
2,2.8202109128659377e-216
3,2.8202109128659377e-216
4,2.8202109128659377e-216
5,1.6146106607291267e-223
