epoch,gBest_fitness
1,2.0431251246463195e-28
2,4.60415212740837e-34
3,4.60415212740837e-34
4,4.60415212740837e-34
5,4.60415212740837e-34
