epoch,gBest_fitness
1,3.209420461198315e-25
2,3.209420461198315e-25
3,3.430299390717756e-32
4,3.430299390717756e-32
5,3.430299390717756e-32
