epoch,gBest_fitness
1,1.277218013741348e-195
2,1.277218013741348e-195
3,3.0272605756867396e-199
4,3.0272605756867396e-199
5,2.1540696304472886e-207
