epoch,gBest_fitness
1,7.432254184747846e-193
2,1.849732988441925e-200
3,1.544036031068026e-211
4,1.544036031068026e-211
5,1.544036031068026e-211
