epoch,gBest_fitness
1,5.999557610456866e-216
2,5.999557610456866e-216
3,2.2069369153400303e-217
4,2.2069369153400303e-217
5,2.2069369153400303e-217
