epoch,gBest_fitness
1,3.789249321255356e-217
2,3.789249321255356e-217
3,3.789249321255356e-217
4,3.789249321255356e-217
5,3.789249321255356e-217
