epoch,gBest_fitness
1,2.0825930386751943e-30
2,2.0825930386751943e-30
3,8.934486713838659e-32
4,1.0232417214429833e-32
5,1.0232417214429833e-32
