epoch,gBest_fitness
1,5.458725295587093e-32
2,2.0758602974031604e-33
3,2.0758602974031604e-33
4,2.0758602974031604e-33
5,2.0758602974031604e-33
