epoch,gBest_fitness
1,6.704941708996458e-21
2,1.0946025287896253e-32
3,1.0946025287896253e-32
4,1.0946025287896253e-32
5,1.0946025287896253e-32
