epoch,gBest_fitness
1,1.4491775064016455e-23
2,3.4823398376288146e-26
3,3.4823398376288146e-26
4,3.4823398376288146e-26
5,1.820184848047119e-31
