epoch,gBest_fitness
1,3.976749308213564e-201
2,3.976749308213564e-201
3,1.5874336257700683e-223
4,1.5874336257700683e-223
5,1.5874336257700683e-223
