epoch,gBest_fitness
1,3.2755149805931215e-23
2,6.517609254470921e-30
3,6.517609254470921e-30
4,6.517609254470921e-30
5,6.517609254470921e-30
