epoch,gBest_fitness
1,2.134077465434639e-33
2,2.134077465434639e-33
3,2.134077465434639e-33
4,2.134077465434639e-33
5,2.134077465434639e-33
