epoch,gBest_fitness
1,3.9354338786208084e-197
2,3.761688931836982e-209
3,4.288874549709463e-237
4,4.288874549709463e-237
5,4.288874549709463e-237
