epoch,gBest_fitness
1,7.51666109957092e-20
2,4.703675514733934e-22
3,2.1878695739833823e-26
4,2.1878695739833823e-26
5,7.533269870859608e-27
