epoch,gBest_fitness
1,3.6650554118035854e-201
2,3.6650554118035854e-201
3,2.1204084771235685e-215
4,2.1204084771235685e-215
5,2.1204084771235685e-215
