epoch,gBest_fitness
1,8.868509479843901e-28
2,4.1655957172758906e-33
3,4.1655957172758906e-33
4,1.7078229376306118e-44
5,1.7078229376306118e-44
