epoch,gBest_fitness
1,2561667230.0912724
2,281121422.65444857
3,93254867.03140451
4,21455397.61127395
5,10826292.033121126
