epoch,gBest_fitness
1,420651454.5441574
2,5432304.047153412
3,44815.98091392359
4,1652.454397001819
5,214.41913680122565
