epoch,gBest_fitness
1,95636061927.48732
2,2497528196.6722417
3,426116766.4955855
4,148337468.84097934
5,17648514.816753913
