epoch,gBest_fitness
1,77762.19185188996
2,14177.567383729085
3,1939.5031930579999
4,459.78797619064176
5,84.19352645503757
