epoch,gBest_fitness
1,5403600193600.696
2,517126759414.222
3,202521157423.48816
4,103921819312.15082
5,34175420494.06362
