epoch,gBest_fitness
1,45070.52513066292
2,11320.546012296665
3,103.16485166644762
4,23.702014504224888
5,18.375396124948185
