epoch,gBest_fitness
1,94457.27526909692
2,3893.283617524305
3,77.34126640931484
4,20.780226989125293
5,19.402057233919262
