epoch,gBest_fitness
1,2279866383.3319855
2,296979656.9609588
3,79409080.93986225
4,24517590.795327835
5,8932462.470639981
