epoch,gBest_fitness
1,4796701.937591051
2,1021814.712580383
3,39305.730001613185
4,3675.983612194568
5,1626.2626135247915
