epoch,gBest_fitness
1,30821067158.79304
2,7586164067.1232395
3,2771536574.33281
4,1437868074.516073
5,855778243.7438502
