epoch,gBest_fitness
1,20740653025.709885
2,5024540061.666931
3,2489723398.5627685
4,1493129269.0962493
5,1068764010.0778598
