epoch,gBest_fitness
1,248583547.05795014
2,90867587.46804598
3,4480682.928062288
4,415991.84846197016
5,238989.69786600996
