epoch,gBest_fitness
1,3659337621564.8154
2,476615147842.2086
3,129828001458.97359
4,45047209583.56647
5,20437604209.648098
