epoch,gBest_fitness
1,27248637774.397385
2,9095911290.366297
3,3577137199.77043
4,2454245290.986738
5,1025980041.602358
