epoch,gBest_fitness
1,751340194.0304927
2,6939790.925577274
3,852359.6396085649
4,84492.1653870532
5,26713.71221795071
