epoch,gBest_fitness
1,65485.96749160047
2,13564.321629992997
3,52.19625986091963
4,9.477487697767492
5,2.2365365364854886
