epoch,gBest_fitness
1,87486384.15027587
2,382034.6314563433
3,10677.697960265488
4,2584.474820127
5,679.367450444164
