epoch,gBest_fitness
1,185962734607.35944
2,2209934320.4515553
3,78329693.38525282
4,26537677.787271425
5,14362812.230264613
