epoch,gBest_fitness
1,6838848596.3022785
2,252547237.2334288
3,8997617.037837652
4,610549.2212052388
5,31333.48812028805
