epoch,gBest_fitness
1,2376502100.587714
2,24387967.42806445
3,281261.05314074695
4,31929.968495751957
5,334.88451320007766
