epoch,gBest_fitness
1,20615860938.580242
2,9758685923.438261
3,4720930820.587374
4,2538555776.0632896
5,1385707631.2174
