epoch,gBest_fitness
1,63046158015.89949
2,12824208432.444736
3,2296166855.9448953
4,371842797.19764155
5,125335111.77112247
