epoch,gBest_fitness
1,5399448323145.687
2,208177752125.85086
3,30584364832.75436
4,8232524131.221692
5,1869076543.4133623
