epoch,gBest_fitness
1,72097916.06135172
2,18434949.15002963
3,1054645.5258390382
4,280379.83398613945
5,116583.70277725729
