epoch,gBest_fitness
1,561408285.1168762
2,40323153.39372034
3,2353303.835684989
4,54206.264396202816
5,15764.327119374806
