epoch,gBest_fitness
1,2959431906948.2153
2,1035464092345.7808
3,149668991214.6888
4,59523086651.640686
5,16406248151.528864
