epoch,gBest_fitness
1,2117556557.5607278
2,492114042.91560715
3,112111248.63531744
4,24832884.00300111
5,8856272.24133666
