epoch,gBest_fitness
1,270857039.23277
2,28362863.98452373
3,7684392.187442267
4,2081245.0747995216
5,542665.6996852073
