epoch,gBest_fitness
1,0.7931080320433097
2,0.7931080320433097
3,0.3729552328414387
4,0.3085504430164741
5,0.2428109934470307
