epoch,gBest_fitness
1,2.603347659291723
2,0.013260778339459833
3,0.013260778339459833
4,0.013260778339459833
5,0.013260778339459833
