epoch,gBest_fitness
1,3.543314219457229
2,0.03500143311642208
3,0.03500143311642208
4,0.03500143311642208
5,0.03500143311642208
