epoch,gBest_fitness
1,0.4843399870217687
2,0.46827598152001737
3,0.24377509613798248
4,0.24377509613798248
5,0.24377509613798248
