epoch,gBest_fitness
1,28.43281158933256
2,20.332831894490226
3,20.332831894490226
4,0.0015555397321758077
5,0.0015555397321758077
