epoch,gBest_fitness
1,18.80693048757175
2,18.805233683273716
3,4.790319776312774
4,1.4787466377590142
5,1.4787466377590142
