epoch,gBest_fitness
1,48.51018758952557
2,48.50892013675102
3,48.50892013675102
4,48.50892013675102
5,48.50719868264412
