epoch,gBest_fitness
1,28.753538803630992
2,28.72622072544487
3,28.72249190423807
4,0.8696763690012955
5,0.8696763690012955
