epoch,gBest_fitness
1,0.059515366284165726
2,0.059515366284165726
3,0.04409977833658462
4,0.007993392152123134
5,0.0021350639593822173
