epoch,gBest_fitness
1,10.904260047284955
2,0.738545367023535
3,0.738545367023535
4,0.18691418162419904
5,0.18691418162419904
