epoch,gBest_fitness
1,10.475454555065014
2,10.475454555065014
3,8.392546053687653
4,0.2607568925513275
5,0.2607568925513275
