epoch,gBest_fitness
1,0.0762558337513823
2,0.0762558337513823
3,0.02197946211318564
4,0.017145528078008863
5,0.017145528078008863
