epoch,gBest_fitness
1,0.15459554989642044
2,0.15459554989642044
3,0.15459554989642044
4,0.15459554989642044
5,0.15459554989642044
