epoch,gBest_fitness
1,0.048704861397290404
2,0.048704861397290404
3,0.02712399917749348
4,0.02712399917749348
5,0.02712399917749348
