epoch,gBest_fitness
1,1.2084813201210838
2,0.570206154686059
3,0.570206154686059
4,0.570206154686059
5,0.22036042173255746
