epoch,gBest_fitness
1,0.051799638020711476
2,0.051799638020711476
3,0.051799638020711476
4,0.051799638020711476
5,0.051799638020711476
