epoch,gBest_fitness
1,0.0925164738819092
2,0.0925164738819092
3,0.030622119685121782
4,0.030622119685121782
5,0.030622119685121782
