epoch,gBest_fitness
1,4.49110394347213
2,0.037227315162841564
3,0.037227315162841564
4,0.037227315162841564
5,0.0005483068707011124
