epoch,gBest_fitness
1,0.05247729450393846
2,0.05247729450393846
3,0.05247729450393846
4,0.05247729450393846
5,0.05247729450393846
