epoch,gBest_fitness
1,18.808794967291426
2,0.05195973718601982
3,0.0019227432035160592
4,0.0019227432035160592
5,0.0019227432035160592
