epoch,gBest_fitness
1,0.250734176515087
2,0.057458471519028054
3,0.057458471519028054
4,0.057458471519028054
5,0.057458471519028054
