epoch,gBest_fitness
1,4.0214376198270765
2,1.0652808831466938
3,1.0652808831466938
4,1.0652808831466938
5,0.12507020953858428
