epoch,gBest_fitness
1,0.17445854299766417
2,0.06315402126711524
3,0.06315402126711524
4,0.06315402126711524
5,0.004852749372466115
