epoch,gBest_fitness
1,0.1262361375430516
2,0.1262361375430516
3,0.1262361375430516
4,0.1262361375430516
5,0.1262361375430516
