epoch,gBest_fitness
1,48.507405415433176
2,3.415337680915313
3,3.415337680915313
4,0.21564067074172433
5,0.21564067074172433
