epoch,gBest_fitness
1,1.7459844071151163
2,1.4998856585879536
3,0.5032394926208261
4,0.5032394926208261
5,0.5032394926208261
