epoch,gBest_fitness
1,48.54289092023878
2,48.54289092023878
3,48.534198156102015
4,0.1466310813122901
5,0.1466310813122901
