epoch,gBest_fitness
1,6.129087761592526
2,0.18226780813358967
3,0.18226780813358967
4,0.18226780813358967
5,0.18226780813358967
