epoch,gBest_fitness
1,28.70644126885937
2,28.706105272018412
3,28.432958521069047
4,0.2524633807170818
5,0.04179575520411809
