epoch,gBest_fitness
1,0.31339781147237655
2,0.31187239780382175
3,0.31187239780382175
4,0.008353920383982413
5,0.0052763884828310285
