epoch,gBest_fitness
1,0.41958361118989324
2,0.32786309383808265
3,0.32786309383808265
4,0.32786309383808265
5,0.06382142201718652
