epoch,gBest_fitness
1,0.14941426639592692
2,0.14941426639592692
3,0.07993471631684251
4,0.07993471631684251
5,0.05470781995910687
