epoch,gBest_fitness
1,0.9126245158043131
2,0.9126245158043131
3,0.12483892894698466
4,0.12483892894698466
5,0.12483892894698466
