epoch,gBest_fitness
1,5.235184756651722
2,0.2986282443759063
3,0.2986282443759063
4,0.2986282443759063
5,0.2986282443759063
