epoch,gBest_fitness
1,7.966612426643834
2,7.966612426643834
3,7.966612426643834
4,7.966612426643834
5,5.321616710267297
