epoch,gBest_fitness
1,98.09908958382358
2,98.09908958382358
3,2.2270408027980126
4,0.11421908387510128
5,0.11421908387510128
