epoch,gBest_fitness
1,0.3631644561472297
2,0.3631644561472297
3,0.3631644561472297
4,0.3631644561472297
5,0.3631644561472297
