epoch,gBest_fitness
1,12.79626051352961
2,12.79626051352961
3,12.79626051352961
4,12.79626051352961
5,7.568974765587497
