epoch,gBest_fitness
1,0.532502670114539
2,0.532502670114539
3,0.532502670114539
4,0.3848676483082755
5,0.3848676483082755
