epoch,gBest_fitness
1,0.05899164799728034
2,0.04260353590228243
3,0.04260353590228243
4,0.04260353590228243
5,0.04260353590228243
