epoch,gBest_fitness
1,4965.128901322419
2,4964.892714205244
3,4962.18954712534
4,4961.485026116064
5,4961.099501169986
