epoch,gBest_fitness
1,19950.732688111515
2,19949.81967054938
3,19949.81941829469
4,19949.272437878913
5,19948.94743609929
