epoch,gBest_fitness
1,4959.726172594658
2,4953.502000084041
3,4948.255677655123
4,4945.827062820396
5,4944.1088140499205
