epoch,gBest_fitness
1,19934.700726189527
2,19922.446363262443
3,19918.797382748333
4,19917.896261048987
5,19915.030942300225
