epoch,gBest_fitness
1,1777.2329365542298
2,1777.2326089378232
3,1777.232588564063
4,1777.122109079367
5,1777.0459951720734
