epoch,gBest_fitness
1,781.5794900418828
2,781.5792965455485
3,781.5792871100888
4,781.3765706905613
5,781.2974962240733
