epoch,gBest_fitness
1,1768.843130911312
2,1768.5408951341797
3,1768.4865961256867
4,1768.4845511039823
5,1768.484543593332
