epoch,gBest_fitness
1,1776.634146401986
2,1776.6340010222627
3,1776.633980921919
4,1767.9395864819799
5,1766.543496051473
