epoch,gBest_fitness
1,4966.335675650211
2,4965.20231461322
3,4965.118890174923
4,4965.118736551744
5,4963.355247100799
