epoch,gBest_fitness
1,786.1740326826472
2,786.1383839455237
3,781.5370188968934
4,780.1124571865785
5,780.1010935002839
