epoch,gBest_fitness
1,775.7973652268149
2,774.6666248134586
3,771.3636611383392
4,771.0630387265811
5,770.3211881716895
