epoch,gBest_fitness
1,779.968876277557
2,776.5700511930784
3,775.309711832319
4,775.065204885155
5,775.0354285522038
