epoch,gBest_fitness
1,19947.72083986049
2,19938.29541551585
3,19932.635509040254
4,19929.166191546075
5,19922.337473529704
