epoch,gBest_fitness
1,4969.861810806098
2,4969.130682447858
3,4969.126043273033
4,4969.066334734073
5,4969.036888331
