epoch,gBest_fitness
1,773.2232785001786
2,769.9017761596377
3,767.5395965341722
4,767.1892278277992
5,767.0510987928016
