epoch,gBest_fitness
1,1768.765727185132
2,1763.0588189942152
3,1761.1988955779987
4,1760.5487180758985
5,1759.9618861443325
