epoch,gBest_fitness
1,19945.847169211742
2,19934.703723244627
3,19926.850825723126
4,19924.293389148002
5,19918.486921469335
