epoch,gBest_fitness
1,781.845793563169
2,780.809245594213
3,780.5582783388757
4,780.554678205797
5,780.5530547833603
