epoch,gBest_fitness
1,19945.017561688626
2,19942.772895289603
3,19942.766972035086
4,19942.66243456924
5,19942.662323702316
