epoch,gBest_fitness
1,19957.48805642947
2,19954.598228118146
3,19954.401309828256
4,19954.246879575465
5,19954.22928805527
