epoch,gBest_fitness
1,4960.509217548622
2,4949.349803336548
3,4947.11213012122
4,4945.102571554667
5,4943.601588560538
