epoch,gBest_fitness
1,1769.6606905881845
2,1766.1753288773991
3,1763.5299332235727
4,1763.1215059033116
5,1762.9921483061194
