epoch,gBest_fitness
1,778.7854071915094
2,775.2643945326829
3,773.1472739445794
4,771.9605705933752
5,771.4027223632309
