epoch,gBest_fitness
1,19954.445805051426
2,19941.037109293666
3,19927.007238691065
4,19923.1833859762
5,19919.183527390687
