epoch,gBest_fitness
1,1764.4677842661763
2,1760.421541843812
3,1760.1684625950002
4,1759.713295956039
5,1759.648562149948
