epoch,gBest_fitness
1,4967.3649271617505
2,4960.1670730658225
3,4957.026925870423
4,4952.411984669509
5,4950.941461204682
