epoch,gBest_fitness
1,774.3143378743845
2,774.1552616942697
3,774.0855620204279
4,774.0505237509118
5,774.0362409413808
