epoch,gBest_fitness
1,1765.7422680131413
2,1761.6762993345587
3,1760.9353212982112
4,1760.7306410723022
5,1758.4339278040786
