epoch,gBest_fitness
1,1773.271593348136
2,1772.6026493278791
3,1772.579315848993
4,1772.5662332601482
5,1772.566056717712
