epoch,gBest_fitness
1,19948.508245968053
2,19948.489558303183
3,19947.310827744623
4,19946.665510657152
5,19946.52379190779
