epoch,gBest_fitness
1,4971.010398603283
2,4960.75303002014
3,4958.9687321199835
4,4958.7123661494825
5,4958.712200015505
