epoch,gBest_fitness
1,4960.027219622559
2,4951.7964923296
3,4949.7282405543865
4,4947.379400360517
5,4947.084975873006
