epoch,gBest_fitness
1,3.63086011904673e-209
2,3.63086011904673e-209
3,9.393739487091285e-228
4,9.393739487091285e-228
5,9.393739487091285e-228
