epoch,gBest_fitness
1,4.250028176214821e-218
2,4.250028176214821e-218
3,4.83860786848689e-224
4,4.83860786848689e-224
5,4.83860786848689e-224
