epoch,gBest_fitness
1,2.9126416327032365e-27
2,3.0987072142846495e-28
3,3.0987072142846495e-28
4,6.304667816145557e-33
5,6.304667816145557e-33
