epoch,gBest_fitness
1,3.17037726364601e-26
2,3.17037726364601e-26
3,3.17037726364601e-26
4,3.9191039125232874e-30
5,3.9191039125232874e-30
