epoch,gBest_fitness
1,2.2214405863431038e-30
2,2.2214405863431038e-30
3,2.2214405863431038e-30
4,2.2214405863431038e-30
5,2.2214405863431038e-30
