epoch,gBest_fitness
1,5.590704536562221e-29
2,5.590704536562221e-29
3,5.590704536562221e-29
4,5.590704536562221e-29
5,5.590704536562221e-29
