epoch,gBest_fitness
1,5.707936013194867e-198
2,5.707936013194867e-198
3,5.707936013194867e-198
4,2.1512153462304222e-203
5,2.1512153462304222e-203
