epoch,gBest_fitness
1,6.204201713384781e-20
2,3.817757699162719e-26
3,2.5634612550036675e-31
4,2.5634612550036675e-31
5,2.5634612550036675e-31
