epoch,gBest_fitness
1,2.4702410073490744e-28
2,2.4702410073490744e-28
3,2.4702410073490744e-28
4,2.4702410073490744e-28
5,1.324237040241555e-33
