epoch,gBest_fitness
1,1.1527194434060879e-206
2,1.6128608899203875e-232
3,1.6128608899203875e-232
4,1.6128608899203875e-232
5,1.6128608899203875e-232
