epoch,gBest_fitness
1,3.6765366619018577e-19
2,1.2345292966959388e-27
3,1.2345292966959388e-27
4,1.970928228001032e-31
5,1.970928228001032e-31
