epoch,gBest_fitness
1,3.4293130192927323e-193
2,3.843685553337399e-226
3,3.843685553337399e-226
4,3.843685553337399e-226
5,3.843685553337399e-226
