epoch,gBest_fitness
1,1.4755236930764422e-211
2,6.54190014425794e-219
3,6.54190014425794e-219
4,6.54190014425794e-219
5,6.54190014425794e-219
