epoch,gBest_fitness
1,1.9727091584044347e-18
2,2.0436312781171563e-46
3,2.0436312781171563e-46
4,2.0436312781171563e-46
5,2.0436312781171563e-46
