epoch,gBest_fitness
1,3.2587626633857504e-16
2,3.2587626633857504e-16
3,7.636584500701722e-24
4,2.3105482941953644e-29
5,2.3105482941953644e-29
