epoch,gBest_fitness
1,5.496792122136025e-196
2,4.6263061460801804e-201
3,1.907993684784436e-204
4,3.228412328926332e-207
5,3.228412328926332e-207
