epoch,gBest_fitness
1,3.765643679073031e-193
2,2.4603755623914465e-195
3,1.959739364418061e-200
4,1.959739364418061e-200
5,3.7537524687701606e-201
