epoch,gBest_fitness
1,6.351491682683828e-206
2,6.351491682683828e-206
3,8.405363592908251e-213
4,8.405363592908251e-213
5,4.42647791060721e-214
