epoch,gBest_fitness
1,3.8753854387248393e-212
2,2.732805460037022e-222
3,2.732805460037022e-222
4,2.732805460037022e-222
5,2.732805460037022e-222
