epoch,gBest_fitness
1,3.35230809101118e-200
2,3.35230809101118e-200
3,3.35230809101118e-200
4,1.4302110808723889e-207
5,1.779342102471329e-216
