epoch,gBest_fitness
1,3.4891217614046276e-193
2,7.342139125799115e-225
3,7.342139125799115e-225
4,7.342139125799115e-225
5,7.342139125799115e-225
