epoch,gBest_fitness
1,5.982289188549216e-26
2,1.0872482131832102e-37
3,1.0872482131832102e-37
4,1.0872482131832102e-37
5,1.0872482131832102e-37
