epoch,gBest_fitness
1,8.89831701541477e-192
2,5.317443284454483e-199
3,5.317443284454483e-199
4,3.269967978552433e-209
5,2.045167354835953e-250
