epoch,gBest_fitness
1,1.6238340615440862e-23
2,2.4619670010712605e-28
3,1.1136018276292602e-29
4,1.1136018276292602e-29
5,1.1136018276292602e-29
