epoch,gBest_fitness
1,7.352308392613699e-33
2,7.352308392613699e-33
3,7.352308392613699e-33
4,7.352308392613699e-33
5,7.352308392613699e-33
