epoch,gBest_fitness
1,1.1518639268659287e-30
2,1.1518639268659287e-30
3,1.1518639268659287e-30
4,1.1518639268659287e-30
5,8.074461000330304e-34
