epoch,gBest_fitness
1,2.187671631632658e-198
2,4.1000026586527914e-204
3,4.1000026586527914e-204
4,4.1000026586527914e-204
5,4.1000026586527914e-204
