epoch,gBest_fitness
1,8.222454160578864e-25
2,4.1378860393045884e-32
3,4.1378860393045884e-32
4,4.1378860393045884e-32
5,6.392526465769925e-38
