epoch,gBest_fitness
1,7.12869276966168e-25
2,7.12869276966168e-25
3,6.748389396413767e-36
4,6.748389396413767e-36
5,6.748389396413767e-36
