epoch,gBest_fitness
1,8.875604143726358e-32
2,5.6511640595177734e-33
3,5.6511640595177734e-33
4,5.666603414208133e-37
5,5.666603414208133e-37
