epoch,gBest_fitness
1,2.011984295215757e-185
2,4.3339528073419666e-206
3,4.3339528073419666e-206
4,4.3339528073419666e-206
5,4.3339528073419666e-206
