epoch,gBest_fitness
1,1.7529554781408923e-192
2,3.6142889759422584e-198
3,8.92299638929041e-232
4,8.92299638929041e-232
5,8.92299638929041e-232
