epoch,gBest_fitness
1,1.6322325991643667e-213
2,1.6322325991643667e-213
3,1.6322325991643667e-213
4,1.6322325991643667e-213
5,1.6322325991643667e-213
