epoch,gBest_fitness
1,6.121826517630494e-213
2,6.121826517630494e-213
3,6.121826517630494e-213
4,6.121826517630494e-213
5,6.121826517630494e-213
