epoch,gBest_fitness
1,1.4164256230569811e-199
2,1.3506423560820605e-211
3,1.3506423560820605e-211
4,1.3506423560820605e-211
5,9.650097932127426e-212
