epoch,gBest_fitness
1,8.861229243551929e+19
2,4.5773511841888786e-20
3,5.112516334587129e-37
4,5.112516334587129e-37
5,5.112516334587129e-37
