epoch,gBest_fitness
1,8.899136614362954e-19
2,8.961324742474713e-30
3,3.2774936048915935e-45
4,3.2774936048915935e-45
5,3.2774936048915935e-45
