epoch,gBest_fitness
1,6.995575823349601e-221
2,6.995575823349601e-221
3,3.9122097669047324e-221
4,3.9122097669047324e-221
5,3.9122097669047324e-221
