epoch,gBest_fitness
1,1.0289748454895676e-25
2,1.0289748454895676e-25
3,4.189971550043883e-35
4,4.189971550043883e-35
5,4.189971550043883e-35
