epoch,gBest_fitness
1,2.329368991652285e-29
2,2.159040238097898e-34
3,2.159040238097898e-34
4,2.159040238097898e-34
5,2.159040238097898e-34
