epoch,gBest_fitness
1,3.199607462951114e-25
2,3.199607462951114e-25
3,6.95669584739196e-27
4,6.95669584739196e-27
5,9.093184203054209e-34
