epoch,gBest_fitness
1,8.445301355971202e-224
2,2.068930614949457e-232
3,2.068930614949457e-232
4,1.7136469592936037e-237
5,3.889986265728003e-242
