epoch,gBest_fitness
1,1.488144627577714e-240
2,1.488144627577714e-240
3,3.96480705026427e-248
4,3.96480705026427e-248
5,3.96480705026427e-248
