epoch,gBest_fitness
1,5.781897790910922e-23
2,1.7318010442292767e-24
3,2.5552025148259936e-29
4,2.5552025148259936e-29
5,3.638390787252237e-32
