epoch,gBest_fitness
1,5.351486852388828e-242
2,5.351486852388828e-242
3,5.351486852388828e-242
4,5.351486852388828e-242
5,5.072369140050527e-255
