epoch,gBest_fitness
1,2.1487286614172894e-220
2,2.1487286614172894e-220
3,2.1487286614172894e-220
4,2.1487286614172894e-220
5,9.196289329487822e-223
