epoch,gBest_fitness
1,2.2766186420736594e-219
2,1.6302974060544187e-253
3,1.6302974060544187e-253
4,1.6302974060544187e-253
5,1.6302974060544187e-253
