epoch,gBest_fitness
1,1.8534413296647384e-228
2,4.633064445304721e-260
3,4.633064445304721e-260
4,4.633064445304721e-260
5,4.633064445304721e-260
