epoch,gBest_fitness
1,1.658396982631788e-15
2,4.790644931717958e-39
3,4.790644931717958e-39
4,4.790644931717958e-39
5,4.790644931717958e-39
