epoch,gBest_fitness
1,4.863905117977602e-218
2,4.863905117977602e-218
3,4.863905117977602e-218
4,1.5756089278446173e-239
5,1.5756089278446173e-239
