epoch,gBest_fitness
1,3.5465152618952914e-222
2,1.9653175490681994e-230
3,1.5319538865109346e-232
4,1.5319538865109346e-232
5,1.5319538865109346e-232
