epoch,gBest_fitness
1,3.240948333283974e-236
2,1.9923538840573855e-241
3,1.9103171546136479e-249
4,1.9103171546136479e-249
5,3.4849532075520196e-251
