epoch,gBest_fitness
1,1.0846768421561963e-236
2,1.0846768421561963e-236
3,1.0846768421561963e-236
4,1.0846768421561963e-236
5,1.0846768421561963e-236
