epoch,gBest_fitness
1,4.871271179048509e-28
2,4.871271179048509e-28
3,5.008713473293821e-31
4,5.008713473293821e-31
5,5.008713473293821e-31
