epoch,gBest_fitness
1,5.047449218185046e-218
2,1.1820837558567271e-232
3,1.1820837558567271e-232
4,1.1820837558567271e-232
5,1.1820837558567271e-232
