epoch,gBest_fitness
1,3.2338038659767885e-27
2,3.2338038659767885e-27
3,8.209913166867883e-33
4,8.209913166867883e-33
5,8.209913166867883e-33
