epoch,gBest_fitness
1,6.19147367396531e-22
2,1.5954211977082398e-27
3,1.316082764211688e-32
4,1.316082764211688e-32
5,1.316082764211688e-32
