epoch,gBest_fitness
1,1.3788622301994212e-16
2,3.1088087217349514e-22
3,3.379871787674437e-33
4,3.379871787674437e-33
5,2.6787788784887432e-33
