epoch,gBest_fitness
1,2.723453280297525e-19
2,9.245716320313465e-30
3,2.8103525232739857e-30
4,2.8103525232739857e-30
5,2.8103525232739857e-30
