epoch,gBest_fitness
1,431480.9562945626
2,111140.56826858065
3,82441.42411617286
4,0.1429611722963119
5,1.8681272009657413e-05
6,3.376598740056913e-06
7,3.376598740056913e-06
8,3.376598740056913e-06
9,3.376598740056913e-06
10,3.376598740056913e-06
11,3.376598740056913e-06
12,3.376598740056913e-06
13,6.558689088498326e-07
14,6.558689088498326e-07
15,6.558689088498326e-07
16,6.558689088498326e-07
17,6.558689088498326e-07
18,6.558689088498326e-07
19,6.558689088498326e-07
20,6.558689088498326e-07
21,6.558689088498326e-07
22,3.6084497467836485e-07
23,3.6084497467836485e-07
24,3.6084497467836485e-07
25,1.47977519127096e-10
26,1.47977519127096e-10
27,1.47977519127096e-10
28,1.47977519127096e-10
29,1.47977519127096e-10
30,1.47977519127096e-10
31,1.47977519127096e-10
32,1.47977519127096e-10
33,1.47977519127096e-10
34,1.47977519127096e-10
35,1.47977519127096e-10
36,1.47977519127096e-10
37,1.47977519127096e-10
38,1.47977519127096e-10
39,1.47977519127096e-10
40,1.47977519127096e-10
41,1.47977519127096e-10
42,1.47977519127096e-10
43,1.47977519127096e-10
44,1.47977519127096e-10
45,1.47977519127096e-10
46,1.47977519127096e-10
47,5.021305593544412e-11
48,4.8410053743452863e-11
49,4.8410053743452863e-11
50,4.8410053743452863e-11
51,3.4706904017411944e-11
52,4.837907852106582e-12
53,4.837907852106582e-12
54,2.472577698142686e-12
55,1.894484569220367e-12
56,1.894484569220367e-12
57,1.894484569220367e-12
58,1.894484569220367e-12
59,1.894484569220367e-12
60,1.894484569220367e-12
61,1.176836406102666e-14
62,1.176836406102666e-14
63,1.176836406102666e-14
64,1.176836406102666e-14
65,1.1324274851176597e-14
66,1.1324274851176597e-14
67,1.1324274851176597e-14
68,1.1102230246251565e-14
69,1.1102230246251565e-14
70,1.887379141862766e-15
71,7.771561172376096e-16
72,0.0
73,0.0
74,0.0
75,0.0
76,0.0
77,0.0
78,0.0
79,0.0
80,0.0
81,0.0
82,0.0
83,0.0
84,0.0
85,0.0
86,0.0
87,0.0
88,0.0
89,0.0
90,0.0
91,0.0
92,0.0
93,0.0
94,0.0
95,0.0
96,0.0
97,0.0
98,0.0
99,0.0
100,0.0
101,0.0
102,0.0
103,0.0
104,0.0
105,0.0
106,0.0
107,0.0
108,0.0
109,0.0
110,0.0
111,0.0
112,0.0
113,0.0
114,0.0
115,0.0
116,0.0
117,0.0
118,0.0
119,0.0
120,0.0
121,0.0
122,0.0
123,0.0
124,0.0
125,0.0
126,0.0
127,0.0
128,0.0
129,0.0
130,0.0
131,0.0
132,0.0
133,0.0
134,0.0
135,0.0
136,0.0
137,0.0
138,0.0
139,0.0
140,0.0
141,0.0
142,0.0
143,0.0
144,0.0
145,0.0
146,0.0
147,0.0
148,0.0
149,0.0
150,0.0
