epoch,gBest_fitness
1,9145.065425723471
2,238.23309050357682
3,79.9506302944875
4,23.155412006994062
5,6.01768909573783
6,1.4540011323188389
7,0.8313743316665874
8,0.8313743316665874
9,0.001854355440086386
10,0.0018304865308307328
11,0.0018304865308307328
12,4.727664046577651e-06
13,4.727664046577651e-06
14,2.381536838402809e-06
15,1.3104463917334996e-06
16,1.3104463917334996e-06
17,1.3104463917334996e-06
18,1.0600815145700437e-06
19,1.0600815145700437e-06
20,1.573251640074602e-08
21,1.867428434110252e-11
22,1.867428434110252e-11
23,2.8685942510264795e-12
24,2.8685942510264795e-12
25,2.8685942510264795e-12
26,1.0902390101819037e-13
27,1.0902390101819037e-13
28,1.0902390101819037e-13
29,1.0902390101819037e-13
30,1.0902390101819037e-13
31,1.0902390101819037e-13
32,1.0902390101819037e-13
33,1.0902390101819037e-13
34,1.0902390101819037e-13
35,1.0902390101819037e-13
36,1.0902390101819037e-13
37,1.0902390101819037e-13
38,1.0902390101819037e-13
39,1.0902390101819037e-13
40,1.0902390101819037e-13
41,1.0902390101819037e-13
42,1.0902390101819037e-13
43,1.0902390101819037e-13
44,4.440892098500626e-16
45,4.440892098500626e-16
46,4.440892098500626e-16
47,4.440892098500626e-16
48,4.440892098500626e-16
49,0.0
50,0.0
51,0.0
52,0.0
53,0.0
54,0.0
55,0.0
56,0.0
57,0.0
58,0.0
59,0.0
60,0.0
61,0.0
62,0.0
63,0.0
64,0.0
65,0.0
66,0.0
67,0.0
68,0.0
69,0.0
70,0.0
71,0.0
72,0.0
73,0.0
74,0.0
75,0.0
76,0.0
77,0.0
78,0.0
79,0.0
80,0.0
81,0.0
82,0.0
83,0.0
84,0.0
85,0.0
86,0.0
87,0.0
88,0.0
89,0.0
90,0.0
91,0.0
92,0.0
93,0.0
94,0.0
95,0.0
96,0.0
97,0.0
98,0.0
99,0.0
100,0.0
101,0.0
102,0.0
103,0.0
104,0.0
105,0.0
106,0.0
107,0.0
108,0.0
109,0.0
110,0.0
111,0.0
112,0.0
113,0.0
114,0.0
115,0.0
116,0.0
117,0.0
118,0.0
119,0.0
120,0.0
121,0.0
122,0.0
123,0.0
124,0.0
125,0.0
126,0.0
127,0.0
128,0.0
129,0.0
130,0.0
131,0.0
132,0.0
133,0.0
134,0.0
135,0.0
136,0.0
137,0.0
138,0.0
139,0.0
140,0.0
141,0.0
142,0.0
143,0.0
144,0.0
145,0.0
146,0.0
147,0.0
148,0.0
149,0.0
150,0.0
