epoch,gBest_fitness
1,117.86452449489838
2,82.33025055714047
3,78.4783666230499
4,42.696572504133066
5,2.225044633794856
6,0.9265243861451645
7,0.021961342130273565
8,0.003667656774881012
9,0.0025008353003105332
10,0.0025008353003105332
11,0.0010914731879140271
12,0.0010914731879140271
13,2.0611528688041503e-05
14,2.0611528688041503e-05
15,3.4972434165281285e-06
16,2.4818812605076346e-07
17,2.4818812605076346e-07
18,2.4818812605076346e-07
19,2.4818812605076346e-07
20,2.4818812605076346e-07
21,2.4818812605076346e-07
22,2.4818812605076346e-07
23,2.0153784230370064e-07
24,2.0153784230370064e-07
25,1.072775424049155e-09
26,1.072775424049155e-09
27,1.072775424049155e-09
28,1.072775424049155e-09
29,1.072775424049155e-09
30,2.1346258094467885e-12
31,2.1346258094467885e-12
32,2.1346258094467885e-12
33,2.609024107869118e-14
34,2.609024107869118e-14
35,2.609024107869118e-14
36,2.609024107869118e-14
37,2.609024107869118e-14
38,2.609024107869118e-14
39,2.609024107869118e-14
40,2.609024107869118e-14
41,2.609024107869118e-14
42,2.609024107869118e-14
43,2.609024107869118e-14
44,2.609024107869118e-14
45,2.609024107869118e-14
46,2.609024107869118e-14
47,2.609024107869118e-14
48,2.609024107869118e-14
49,2.609024107869118e-14
50,2.609024107869118e-14
51,5.551115123125783e-16
52,5.551115123125783e-16
53,5.551115123125783e-16
54,5.551115123125783e-16
55,5.551115123125783e-16
56,5.551115123125783e-16
57,5.551115123125783e-16
58,5.551115123125783e-16
59,5.551115123125783e-16
60,5.551115123125783e-16
61,5.551115123125783e-16
62,5.551115123125783e-16
63,5.551115123125783e-16
64,5.551115123125783e-16
65,5.551115123125783e-16
66,5.551115123125783e-16
67,5.551115123125783e-16
68,5.551115123125783e-16
69,5.551115123125783e-16
70,5.551115123125783e-16
71,0.0
72,0.0
73,0.0
74,0.0
75,0.0
76,0.0
77,0.0
78,0.0
79,0.0
80,0.0
81,0.0
82,0.0
83,0.0
84,0.0
85,0.0
86,0.0
87,0.0
88,0.0
89,0.0
90,0.0
91,0.0
92,0.0
93,0.0
94,0.0
95,0.0
96,0.0
97,0.0
98,0.0
99,0.0
100,0.0
101,0.0
102,0.0
103,0.0
104,0.0
105,0.0
106,0.0
107,0.0
108,0.0
109,0.0
110,0.0
111,0.0
112,0.0
113,0.0
114,0.0
115,0.0
116,0.0
117,0.0
118,0.0
119,0.0
120,0.0
121,0.0
122,0.0
123,0.0
124,0.0
125,0.0
126,0.0
127,0.0
128,0.0
129,0.0
130,0.0
131,0.0
132,0.0
133,0.0
134,0.0
135,0.0
136,0.0
137,0.0
138,0.0
139,0.0
140,0.0
141,0.0
142,0.0
143,0.0
144,0.0
145,0.0
146,0.0
147,0.0
148,0.0
149,0.0
150,0.0
