epoch,gBest_fitness
1,226543.14993648033
2,226543.14993648033
3,75631.08554125678
4,6775.9269277421035
5,1853.2547054158088
6,11.026389479257055
7,11.026389479257055
8,11.026389479257055
9,3.265060453736732
10,0.7178072831947077
11,0.7178072831947077
12,0.09742710465109017
13,0.09742710465109017
14,0.09742710465109017
15,5.081032749221226e-05
16,5.081032749221226e-05
17,5.081032749221226e-05
18,6.649162898053618e-07
19,4.6199371883659524e-08
20,4.6199371883659524e-08
21,4.6199371883659524e-08
22,4.6199371883659524e-08
23,4.6199371883659524e-08
24,4.6199371883659524e-08
25,4.6199371883659524e-08
26,4.6199371883659524e-08
27,3.655579050576563e-08
28,1.429500962046859e-09
29,1.429500962046859e-09
30,1.84297022087776e-14
31,1.84297022087776e-14
32,2.220446049250313e-15
33,2.220446049250313e-15
34,2.220446049250313e-15
35,2.220446049250313e-15
36,2.220446049250313e-15
37,2.220446049250313e-15
38,2.220446049250313e-15
39,2.220446049250313e-15
40,2.220446049250313e-15
41,2.220446049250313e-15
42,2.220446049250313e-15
43,2.220446049250313e-15
44,2.220446049250313e-15
45,2.220446049250313e-15
46,2.220446049250313e-15
47,2.220446049250313e-15
48,1.9984014443252818e-15
49,1.9984014443252818e-15
50,1.9984014443252818e-15
51,1.9984014443252818e-15
52,1.9984014443252818e-15
53,1.9984014443252818e-15
54,1.9984014443252818e-15
55,1.9984014443252818e-15
56,1.9984014443252818e-15
57,1.9984014443252818e-15
58,1.9984014443252818e-15
59,1.9984014443252818e-15
60,1.9984014443252818e-15
61,1.9984014443252818e-15
62,1.9984014443252818e-15
63,1.887379141862766e-15
64,1.887379141862766e-15
65,1.887379141862766e-15
66,0.0
67,0.0
68,0.0
69,0.0
70,0.0
71,0.0
72,0.0
73,0.0
74,0.0
75,0.0
76,0.0
77,0.0
78,0.0
79,0.0
80,0.0
81,0.0
82,0.0
83,0.0
84,0.0
85,0.0
86,0.0
87,0.0
88,0.0
89,0.0
90,0.0
91,0.0
92,0.0
93,0.0
94,0.0
95,0.0
96,0.0
97,0.0
98,0.0
99,0.0
100,0.0
101,0.0
102,0.0
103,0.0
104,0.0
105,0.0
106,0.0
107,0.0
108,0.0
109,0.0
110,0.0
111,0.0
112,0.0
113,0.0
114,0.0
115,0.0
116,0.0
117,0.0
118,0.0
119,0.0
120,0.0
121,0.0
122,0.0
123,0.0
124,0.0
125,0.0
126,0.0
127,0.0
128,0.0
129,0.0
130,0.0
131,0.0
132,0.0
133,0.0
134,0.0
135,0.0
136,0.0
137,0.0
138,0.0
139,0.0
140,0.0
141,0.0
142,0.0
143,0.0
144,0.0
145,0.0
146,0.0
147,0.0
148,0.0
149,0.0
150,0.0
