epoch,gBest_fitness
1,2.8215045940039323
2,2.044672716926965
3,1.563881971466123
4,0.017797286171881477
5,0.017797286171881477
6,0.017797286171881477
7,7.259335581544235e-07
8,7.259335581544235e-07
9,6.883704543048097e-07
10,6.883704543048097e-07
11,5.081327125733281e-07
12,5.081327125733281e-07
13,6.055722590048163e-11
14,6.055722590048163e-11
15,6.055722590048163e-11
16,6.055722590048163e-11
17,6.055722590048163e-11
18,6.055722590048163e-11
19,6.055722590048163e-11
20,6.055722590048163e-11
21,6.055722590048163e-11
22,6.055722590048163e-11
23,6.055722590048163e-11
24,6.055722590048163e-11
25,6.055722590048163e-11
26,6.055722590048163e-11
27,6.055722590048163e-11
28,6.055722590048163e-11
29,6.055722590048163e-11
30,6.055722590048163e-11
31,6.055722590048163e-11
32,6.055722590048163e-11
33,6.055722590048163e-11
34,1.80043757680437e-11
35,8.404055229505047e-12
36,8.404055229505047e-12
37,1.0147438445073931e-13
38,1.0147438445073931e-13
39,1.0147438445073931e-13
40,1.0147438445073931e-13
41,1.0147438445073931e-13
42,1.0147438445073931e-13
43,1.0147438445073931e-13
44,1.0147438445073931e-13
45,1.0147438445073931e-13
46,2.853273173286652e-14
47,1.1102230246251565e-16
48,1.1102230246251565e-16
49,1.1102230246251565e-16
50,1.1102230246251565e-16
51,1.1102230246251565e-16
52,1.1102230246251565e-16
53,1.1102230246251565e-16
54,1.1102230246251565e-16
55,1.1102230246251565e-16
56,1.1102230246251565e-16
57,1.1102230246251565e-16
58,0.0
59,0.0
60,0.0
61,0.0
62,0.0
63,0.0
64,0.0
65,0.0
66,0.0
67,0.0
68,0.0
69,0.0
70,0.0
71,0.0
72,0.0
73,0.0
74,0.0
75,0.0
76,0.0
77,0.0
78,0.0
79,0.0
80,0.0
81,0.0
82,0.0
83,0.0
84,0.0
85,0.0
86,0.0
87,0.0
88,0.0
89,0.0
90,0.0
91,0.0
92,0.0
93,0.0
94,0.0
95,0.0
96,0.0
97,0.0
98,0.0
99,0.0
100,0.0
101,0.0
102,0.0
103,0.0
104,0.0
105,0.0
106,0.0
107,0.0
108,0.0
109,0.0
110,0.0
111,0.0
112,0.0
113,0.0
114,0.0
115,0.0
116,0.0
117,0.0
118,0.0
119,0.0
120,0.0
121,0.0
122,0.0
123,0.0
124,0.0
125,0.0
126,0.0
127,0.0
128,0.0
129,0.0
130,0.0
131,0.0
132,0.0
133,0.0
134,0.0
135,0.0
136,0.0
137,0.0
138,0.0
139,0.0
140,0.0
141,0.0
142,0.0
143,0.0
144,0.0
145,0.0
146,0.0
147,0.0
148,0.0
149,0.0
150,0.0
