epoch,gBest_fitness
1,51.03863114346975
2,14.571029086849377
3,10.901434476287148
4,7.042119646062372
5,1.4074757225538335
6,0.7864503341511517
7,0.6738931696607932
8,0.3214028713660848
9,0.059121648357869816
10,0.025679296346338254
11,0.01811075477382018
12,0.00012002878376571324
13,0.00012002878376571324
14,1.4724885259664866e-05
15,1.4724885259664866e-05
16,1.924784132967261e-06
17,8.653356036170123e-07
18,3.2656184767443364e-07
19,3.657795921707674e-08
20,3.657795921707674e-08
21,3.657795921707674e-08
22,8.84676165657794e-09
23,8.84676165657794e-09
24,2.680886623807055e-10
25,2.149835864884153e-12
26,2.149835864884153e-12
27,2.149835864884153e-12
28,2.149835864884153e-12
29,2.149835864884153e-12
30,2.149835864884153e-12
31,2.149835864884153e-12
32,2.149835864884153e-12
33,2.149835864884153e-12
34,2.149835864884153e-12
35,6.585842982076429e-13
36,6.585842982076429e-13
37,6.585842982076429e-13
38,6.585842982076429e-13
39,6.585842982076429e-13
40,6.585842982076429e-13
41,6.585842982076429e-13
42,6.585842982076429e-13
43,6.585842982076429e-13
44,6.585842982076429e-13
45,6.585842982076429e-13
46,6.585842982076429e-13
47,6.585842982076429e-13
48,6.585842982076429e-13
49,6.585842982076429e-13
50,2.8632651805082787e-13
51,2.8632651805082787e-13
52,2.8632651805082787e-13
53,8.926193117986259e-14
54,8.926193117986259e-14
55,4.440892098500626e-16
56,4.440892098500626e-16
57,4.440892098500626e-16
58,4.440892098500626e-16
59,4.440892098500626e-16
60,4.440892098500626e-16
61,4.440892098500626e-16
62,4.440892098500626e-16
63,4.440892098500626e-16
64,0.0
65,0.0
66,0.0
67,0.0
68,0.0
69,0.0
70,0.0
71,0.0
72,0.0
73,0.0
74,0.0
75,0.0
76,0.0
77,0.0
78,0.0
79,0.0
80,0.0
81,0.0
82,0.0
83,0.0
84,0.0
85,0.0
86,0.0
87,0.0
88,0.0
89,0.0
90,0.0
91,0.0
92,0.0
93,0.0
94,0.0
95,0.0
96,0.0
97,0.0
98,0.0
99,0.0
100,0.0
101,0.0
102,0.0
103,0.0
104,0.0
105,0.0
106,0.0
107,0.0
108,0.0
109,0.0
110,0.0
111,0.0
112,0.0
113,0.0
114,0.0
115,0.0
116,0.0
117,0.0
118,0.0
119,0.0
120,0.0
121,0.0
122,0.0
123,0.0
124,0.0
125,0.0
126,0.0
127,0.0
128,0.0
129,0.0
130,0.0
131,0.0
132,0.0
133,0.0
134,0.0
135,0.0
136,0.0
137,0.0
138,0.0
139,0.0
140,0.0
141,0.0
142,0.0
143,0.0
144,0.0
145,0.0
146,0.0
147,0.0
148,0.0
149,0.0
150,0.0
