epoch,gBest_fitness
1,1.4011471399455333
2,1.3195160453086996
3,1.3185924850110389
4,0.001779973262395762
5,1.3376966001565904e-05
6,1.3376966001565904e-05
7,5.440669032519274e-06
8,1.2653436631815396e-08
9,1.2653436631815396e-08
10,2.5227343547484793e-09
11,1.4889846022825282e-09
12,4.664862940373382e-10
13,3.187058394971132e-10
14,3.187058394971132e-10
15,6.46650510915947e-11
16,6.46650510915947e-11
17,6.46650510915947e-11
18,6.46650510915947e-11
19,6.46650510915947e-11
20,6.46650510915947e-11
21,6.46650510915947e-11
22,6.46650510915947e-11
23,6.46650510915947e-11
24,6.466216451173068e-11
25,6.466216451173068e-11
26,6.466216451173068e-11
27,6.466216451173068e-11
28,6.466216451173068e-11
29,6.466216451173068e-11
30,6.466216451173068e-11
31,6.382017136985496e-11
32,3.269695625363056e-11
33,3.207789589509957e-11
34,3.207789589509957e-11
35,3.207789589509957e-11
36,1.2244760760893314e-11
37,2.490452288839151e-12
38,4.2088554863539684e-13
39,4.2088554863539684e-13
40,4.2088554863539684e-13
41,4.2088554863539684e-13
42,0.0
43,0.0
44,0.0
45,0.0
46,0.0
47,0.0
48,0.0
49,0.0
50,0.0
51,0.0
52,0.0
53,0.0
54,0.0
55,0.0
56,0.0
57,0.0
58,0.0
59,0.0
60,0.0
61,0.0
62,0.0
63,0.0
64,0.0
65,0.0
66,0.0
67,0.0
68,0.0
69,0.0
70,0.0
71,0.0
72,0.0
73,0.0
74,0.0
75,0.0
76,0.0
77,0.0
78,0.0
79,0.0
80,0.0
81,0.0
82,0.0
83,0.0
84,0.0
85,0.0
86,0.0
87,0.0
88,0.0
89,0.0
90,0.0
91,0.0
92,0.0
93,0.0
94,0.0
95,0.0
96,0.0
97,0.0
98,0.0
99,0.0
100,0.0
101,0.0
102,0.0
103,0.0
104,0.0
105,0.0
106,0.0
107,0.0
108,0.0
109,0.0
110,0.0
111,0.0
112,0.0
113,0.0
114,0.0
115,0.0
116,0.0
117,0.0
118,0.0
119,0.0
120,0.0
121,0.0
122,0.0
123,0.0
124,0.0
125,0.0
126,0.0
127,0.0
128,0.0
129,0.0
130,0.0
131,0.0
132,0.0
133,0.0
134,0.0
135,0.0
136,0.0
137,0.0
138,0.0
139,0.0
140,0.0
141,0.0
142,0.0
143,0.0
144,0.0
145,0.0
146,0.0
147,0.0
148,0.0
149,0.0
150,0.0
