epoch,gBest_fitness
1,49.45828995694095
2,10.184761960458761
3,5.216469593317109
4,2.9190657209662536
5,1.2784243255147794
