epoch,gBest_fitness
1,13.528898319322497
2,1.3940563445157985
3,0.2892707396795776
4,0.09296128098226654
5,0.03618203771560859
