epoch,gBest_fitness
1,16.046307345374647
2,4.3784442516605715
3,1.4468522560236192
4,0.7859470262816826
5,0.6090889766010423
