epoch,gBest_fitness
1,3549.8415771433556
2,989.2300860590744
3,594.4960546026762
4,294.23030773310916
5,214.97842510792518
