epoch,gBest_fitness
1,0.5169561613134023
2,0.07215007785099888
3,0.0161621224008431
4,0.00648409234665327
5,0.0019283142327700068
