epoch,gBest_fitness
1,10.433735834364715
2,3.1522023306651588
3,1.7631846237403084
4,0.8196785941701918
5,0.5459193324007481
