epoch,gBest_fitness
1,3276.8162623794724
2,535.144025994421
3,286.8007927675809
4,172.23629792533697
5,133.41883608176525
