epoch,gBest_fitness
1,2.5281243308169836
2,0.4372304694242315
3,0.1536096711265738
4,0.040627970276550684
5,0.017957441473372453
