epoch,gBest_fitness
1,76.04841135228243
2,4.672638305494088
3,1.9658798575272136
4,0.6559727684461791
5,0.2972877259836011
