epoch,gBest_fitness
1,237.69587667568862
2,37.17544758369588
3,16.608381028437954
4,10.99167417352844
5,6.546620107378584
