epoch,gBest_fitness
1,9.859859262163285
2,3.4454423526856033
3,1.4833955760980873
4,0.9819985015788362
5,0.5965730650036789
