epoch,gBest_fitness
1,55.92981774310595
2,6.3260451299656255
3,2.714322193975275
4,0.9889476766709925
5,0.5268508594772215
