epoch,gBest_fitness
1,73.70814362971451
2,26.562153803430007
3,15.723308410754246
4,10.59084807034785
5,6.8657046724215975
