epoch,gBest_fitness
1,13.943334093668083
2,0.14736619717221422
3,0.028004895920507634
4,0.013180514878761733
5,0.006687655021920822
