epoch,gBest_fitness
1,16.385613300445907
2,7.894588504467274
3,2.1423329000534626
4,0.941128391422007
5,0.6045901282459177
