epoch,gBest_fitness
1,353.0918168255896
2,71.14491904879824
3,37.36349530270806
4,19.329032789511267
5,7.127877631780147
