epoch,gBest_fitness
1,6.204709582585405
2,3.3885751187217035
3,2.229813146653681
4,1.271260633546154
5,0.9188582508489558
