epoch,gBest_fitness
1,284.1946831948793
2,1.0197711172213308
3,0.363391908730577
4,0.18446092397306366
5,0.08795984468773468
