epoch,gBest_fitness
1,11.51527302831418
2,5.170758684370942
3,2.8997241849025186
4,1.8395031318188608
5,0.9106849054874887
