epoch,gBest_fitness
1,7337.621661508229
2,2382.623326414723
3,1095.2311202207734
4,560.3823966066257
5,303.1888863305077
