epoch,gBest_fitness
1,17.662305267008907
2,3.031491744885506
3,1.443409386335604
4,0.2859790737364109
5,0.06673065131599112
