epoch,gBest_fitness
1,11.497165860973102
2,6.438551627456537
3,2.832069862932878
4,2.0241310846922507
5,1.407875032274771
