epoch,gBest_fitness
1,2577.3098282183673
2,647.0065144089206
3,270.9294309090799
4,174.63030826609395
5,128.28133948930886
