epoch,gBest_fitness
1,818.9152848746
2,130.45944886525643
3,46.05302994657917
4,22.9927749153678
5,12.83879930767569
