epoch,gBest_fitness
1,6165.057060966224
2,1561.399604143695
3,595.8206934564595
4,409.4002603718757
5,297.8434260251594
