epoch,gBest_fitness
1,79.50726373914847
2,6.430957905059308
3,2.8601906955099956
4,1.1467582019562952
5,0.4649832505559264
