epoch,gBest_fitness
1,1383.4917868584628
2,502.9619812316197
3,357.8658132299908
4,283.10925413875185
5,225.32237444557165
