epoch,gBest_fitness
1,58.12658850102305
2,34.66221344742338
3,18.350793240647594
4,12.689266434426893
5,8.73673802973645
