epoch,gBest_fitness
1,15.477190549770262
2,6.033827193528928
3,2.661007682936705
4,1.752368404816397
5,0.9701798327878881
