epoch,gBest_fitness
1,104.67861987614155
2,10.102054712121362
3,3.0937590319772905
4,0.9920635265630005
5,0.3761932831884283
