epoch,gBest_fitness
1,938.7289277073457
2,155.62664430706334
3,60.691408561519374
4,31.4069202165769
5,23.30589119951359
