epoch,gBest_fitness
1,3.9058235026571895
2,0.9555493584113725
3,0.36407633542261203
4,0.16234361389562818
5,0.07244070608380025
