epoch,gBest_fitness
1,14.58516035831381
2,1.1727082202403099
3,0.29290091012970154
4,0.01476117614651356
5,0.0013503435285639647
