epoch,gBest_fitness
1,87.7043059502954
2,13.939763810958608
3,5.315240848878325
4,2.18676856435428
5,0.7026268549495207
