epoch,gBest_fitness
1,7.454212709392292
2,1.136933202660948
3,0.37948585242287
4,0.035288442405025204
5,0.008540258013639317
