epoch,gBest_fitness
1,14.424994222048408
2,1.5695700152070564
3,0.3285313652051837
4,0.09216657264947486
5,0.02803366071758495
