epoch,gBest_fitness
1,0.45856055375864513
2,0.0683951808678156
3,0.009551873712653742
4,0.006344573821234049
5,0.001540422180431763
