epoch,gBest_fitness
1,1881.4007400682235
2,260.48990935206405
3,58.43788743497235
4,28.625782128307453
5,13.831262378198783
