epoch,gBest_fitness
1,22.621777719785992
2,7.463794517987873
3,1.6123607500061534
4,0.5050086069240559
5,0.1941144457403499
