epoch,gBest_fitness
1,3.2515890813689268
2,0.95906415197653
3,0.3337242051270413
4,0.17223387496150358
5,0.09812608500485927
