epoch,gBest_fitness
1,89.98031852433219
2,55.000311984569755
3,37.48174166334913
4,27.07414441574828
5,18.893770601055213
