epoch,gBest_fitness
1,91.18051232095803
2,0.06008400747429408
3,0.00990319794636383
4,0.0017743008520668094
5,0.0002488747520296215
