epoch,gBest_fitness
1,68.62103666813775
2,4.161096525373074
3,0.6700398584768479
4,0.18648894070243693
5,0.08394537760439466
