epoch,gBest_fitness
1,1027.4035455781177
2,118.35156936544954
3,30.26804960218819
4,12.370810389653524
5,7.543337362219799
