epoch,gBest_fitness
1,6.550907846884528
2,3.377576469717379
3,1.6076419472797794
4,0.9216042864152584
5,0.5737991597199122
