epoch,gBest_fitness
1,1026.5700955274583
2,150.08188929883713
3,42.05149008489283
4,19.920049963183413
5,13.926550749710875
