epoch,gBest_fitness
1,113.7318608796844
2,55.459447017550495
3,38.243069223697866
4,24.07433197114584
5,16.230857488733395
