epoch,gBest_fitness
1,66.01396989424863
2,6.436144376218823
3,1.8665220799709357
4,0.1620051505126254
5,0.04693361749242673
