epoch,gBest_fitness
1,2.415667352172038
2,0.931059675254712
3,0.40898757225463833
4,0.1550156054080624
5,0.06830356291778542
