epoch,gBest_fitness
1,3.020599370367433
2,0.7186168696567528
3,0.2593046636208003
4,0.12257964057806853
5,0.029376630927960133
