epoch,gBest_fitness
1,3878.156971960034
2,1008.8534837946839
3,353.58308705959973
4,185.88391501572747
5,115.30662216246442
