epoch,gBest_fitness
1,3702.2526243176712
2,1032.1569714184814
3,421.014159583029
4,253.81535948115695
5,172.6265904199327
