epoch,gBest_fitness
1,383.46847391109384
2,62.22476514338316
3,28.71209191827571
4,15.493463584074664
5,12.084095816261236
