epoch,gBest_fitness
1,2866.452712209239
2,721.5165841360787
3,365.0152069598614
4,302.3566764077776
5,213.8018530516883
