epoch,gBest_fitness
1,12.446510191788924
2,4.436920523007171
3,2.9500162131570993
4,1.4033719149710115
5,0.7409954369285854
