epoch,gBest_fitness
1,49.88362047747414
2,8.430091542630365
3,2.2467689371124964
4,1.4375735019948375
5,0.6893818778052191
