epoch,gBest_fitness
1,103.08916734648292
2,0.7976364117102765
3,0.3771891048736883
4,0.15657088808351768
5,0.10258764266677038
