epoch,gBest_fitness
1,0.2885587375787522
2,0.05246359144328295
3,0.008352340226142615
4,0.0007339328393638364
5,3.900249715089899e-05
