epoch,gBest_fitness
1,915.7545299535409
2,148.39304682538986
3,41.42758070960039
4,20.955701001108096
5,13.906225511593494
