epoch,gBest_fitness
1,0.23198103855149949
2,0.07892495132252474
3,0.02081914096449576
4,0.00540397990686267
5,0.0016113244966940825
