epoch,gBest_fitness
1,22.317364976560736
2,2.665248620552074
3,0.437794106165895
4,0.1504960521402619
5,0.03197089081758067
