epoch,gBest_fitness
1,59.0283487710795
2,30.9802602113011
3,20.61554369576769
4,14.125991422624317
5,9.614514033701964
