epoch,gBest_fitness
1,67.83470751566055
2,16.79522535338125
3,8.69622020545856
4,5.228193798227616
5,2.0357047902512386
