epoch,gBest_fitness
1,0.27761058607400146
2,0.06137904643174507
3,0.021264928443218423
4,0.011368900654402197
5,0.004749390653371353
