epoch,gBest_fitness
1,4359.651477005286
2,1144.3944681755652
3,372.6962566989457
4,196.26742447044836
5,128.58754726531035
