epoch,gBest_fitness
1,634.9731835360054
2,171.25637592945804
3,91.01497800734677
4,59.50303776449951
5,34.16725374695649
