epoch,gBest_fitness
1,6.710326546331232
2,2.6920726969306585
3,1.6515697857291434
4,1.1164238916973614
5,0.5529219948257104
