epoch,gBest_fitness
1,54.141953539977514
2,7.015977021339887
3,2.68421096490582
4,0.8693621242874454
5,0.45858489754849036
