epoch,gBest_fitness
1,48.48141518691303
2,29.55610475563231
3,17.62862366237955
4,13.507904574713775
5,11.211370156752025
