epoch,gBest_fitness
1,3818.0440333705
2,898.532161207213
3,407.8663803593772
4,240.6515571461462
5,165.39822289845614
