epoch,gBest_fitness
1,0.9786182151183976
2,0.41832111380554493
3,0.18919932759784994
4,0.05545163659728642
5,0.022909435791313562
