epoch,gBest_fitness
1,1.9422726908273016
2,0.6003570847715529
3,0.3175438307582762
4,0.10234216385297286
5,0.04958202894615904
