epoch,gBest_fitness
1,5951.054977155498
2,1411.372646406392
3,413.0947360394909
4,279.5427177612789
5,143.21372602716346
