epoch,gBest_fitness
1,16.078330809127564
2,2.0389783153207404
3,0.2340123989655904
4,0.06327177379478938
5,0.016141795928329896
