epoch,gBest_fitness
1,44.947785889528554
2,29.855474717581462
3,19.629595199613085
4,9.167425227234125
5,7.336176369316438
