epoch,gBest_fitness
1,76.65106022562762
2,17.909005215562058
3,9.725416887599517
4,2.520934839596127
5,0.7613892457009652
