epoch,gBest_fitness
1,3.066855749872348
2,0.7629600403621757
3,0.18264554240419761
4,0.07562689495513558
5,0.035583436151689456
