epoch,gBest_fitness
1,46.551775080516286
2,3.243971326870359
3,0.7124845432138985
4,0.026872656794912887
5,0.005557109976215691
