epoch,gBest_fitness
1,3.06685039847749
2,1.065514851124859
3,0.6474264547995817
4,0.32585091914674846
5,0.14042993482099642
