epoch,gBest_fitness
1,0.39970970558424024
2,0.06225566303525716
3,0.0068360661459492145
4,0.002634119011270159
5,0.0010949162228858053
