epoch,gBest_fitness
1,546.1503602444083
2,73.03928981566102
3,12.963688995192376
4,6.13056800971878
5,3.4050855282034096
