epoch,gBest_fitness
1,20.47277124083708
2,1.268948791016607
3,0.2537084816051492
4,0.09170825154561328
5,0.017591968201159817
