epoch,gBest_fitness
1,6428.400002503168
2,1040.689966243374
3,565.8672468572115
4,286.8709302395434
5,212.83943095276365
