epoch,gBest_fitness
1,272.7860451840441
2,0.2029582462886692
3,0.0819796308953328
4,0.023635161749405376
5,0.01112735014700991
