epoch,gBest_fitness
1,0.4227034535431699
2,0.0569212948622391
3,0.01826197875426725
4,0.006129501617888236
5,0.0013712781176158846
