epoch,gBest_fitness
1,62.020614467797365
2,9.976435136269874
3,2.5878610288143595
4,1.0391711400503483
5,0.48238190928964636
