epoch,gBest_fitness
1,2.0366970624194565
2,0.7222860074769977
3,0.258079225943841
4,0.1421057330427785
5,0.057735391284480936
