epoch,gBest_fitness
1,44.3349663178918
2,16.649803014354845
3,12.033777140896632
4,8.954757152299239
5,6.908429057264348
