epoch,gBest_fitness
1,32.137011154676024
2,16.12855815848143
3,11.023768629927412
4,8.824288549854797
5,7.080435963780597
