epoch,gBest_fitness
1,2.0227108535111022
2,0.8246597273870383
3,0.36374640082351734
4,0.11119850935227894
5,0.06067415672448172
