epoch,gBest_fitness
1,11.211634131377426
2,4.941947315890524
3,1.3111911795034052
4,0.6797578360502965
5,0.4655793849826163
