epoch,gBest_fitness
1,373.0516608698445
2,51.617087356044415
3,30.335033364371878
4,15.173190268713853
5,8.224728830840744
