epoch,gBest_fitness
1,33.63401361154947
2,18.37169731451873
3,13.352566740126587
4,7.807008426928297
5,6.447799331382715
