epoch,gBest_fitness
1,21.81682842603795
2,13.057093214525711
3,5.832771578623225
4,2.822324798838199
5,2.0646456866541434
