epoch,gBest_fitness
1,227.81453805648636
2,50.91366457256644
3,33.73629066283854
4,17.065031423279667
5,10.006669445649399
