epoch,gBest_fitness
1,0.41840201620736556
2,0.09272272709268219
3,0.008640402062348767
4,0.0038037607762092225
5,0.0010401492217900223
