epoch,gBest_fitness
1,0.2833884047958797
2,0.04007841695876826
3,0.012752403695882743
4,0.005151593050262797
5,0.0011725011673706365
