epoch,gBest_fitness
1,64.36774317109276
2,37.81279373375106
3,28.784834688801197
4,20.621546929360626
5,12.052307282330993
