epoch,gBest_fitness
1,474.42513875454756
2,117.24455934974199
3,46.02345857997536
4,23.655122640280734
5,12.564698902666649
