epoch,gBest_fitness
1,58.43893484765845
2,36.43178974398673
3,25.338765894867674
4,20.378414805354822
5,13.867589007925469
