epoch,gBest_fitness
1,48.326693654848256
2,32.115611974818364
3,17.331587041754965
4,12.930533580913465
5,9.43908216374711
