epoch,gBest_fitness
1,118.26359173774105
2,15.470608557044832
3,5.981374850679369
4,3.3278660190698592
5,1.8866084293606749
