epoch,gBest_fitness
1,12.819858000859444
2,1.221972749279103
3,0.14210412285101828
4,0.05443485481657358
5,0.03324208554631412
