epoch,gBest_fitness
1,0.5406313951997722
2,0.03177300516330897
3,0.003720913785056257
4,0.0006505252302324353
5,0.000284767816450986
