epoch,gBest_fitness
1,0.5000286523981063
2,0.5000004044121488
3,0.5000004044121488
4,0.24963798375628435
5,0.24963798375628435
