epoch,gBest_fitness
1,0.7933361682282175
2,0.5000030302407312
3,0.5000000000203129
4,0.5000000000203129
5,0.5000000000203129
