epoch,gBest_fitness
1,0.5000077525818581
2,0.5000000000004723
3,0.5000000000004723
4,0.5000000000004723
5,0.5000000000004723
