epoch,gBest_fitness
1,0.5004097960547208
2,0.5000060199325671
3,0.500000000004438
4,0.500000000004438
5,0.500000000004438
