epoch,gBest_fitness
1,0.5000006777345232
2,0.5000006777345232
3,0.5000001788208334
4,0.5000001788208334
5,0.5000001788208334
