epoch,gBest_fitness
1,0.5009824025738054
2,0.5001452620406771
3,0.5000023059377589
4,0.5000023059377589
5,0.5000023059377589
