epoch,gBest_fitness
1,0.680927118784997
2,0.500499058522204
3,0.500499058522204
4,0.5000001340645028
5,0.5000001340645028
