epoch,gBest_fitness
1,1.0
2,0.7518189743413443
3,0.7518189743413443
4,0.5000015422317963
5,0.5000000010356338
