epoch,gBest_fitness
1,0.5001697446851193
2,0.500000345828655
3,0.5000000151515094
4,0.5000000151515094
5,0.5000000151515094
