epoch,gBest_fitness
1,0.985112050429573
2,0.5000214032287301
3,0.2507605233207842
4,0.2507605233207842
5,0.2507605233207842
