epoch,gBest_fitness
1,0.5000030235083803
2,0.5000000108961018
3,0.5000000001887478
4,0.5000000001887478
5,0.5000000001887478
