epoch,gBest_fitness
1,0.5001201516553554
2,0.5000000467687886
3,0.5000000467687886
4,0.5000000467687886
5,0.5000000005453404
