epoch,gBest_fitness
1,0.5000000273687067
2,0.5000000273687067
3,0.5000000000092868
4,0.5000000000092868
5,0.5000000000092868
