epoch,gBest_fitness
1,0.500000037389545
2,0.24792307737158983
3,0.24792307737158983
4,0.24792307737158983
5,0.24792307737158983
