epoch,gBest_fitness
1,0.26700709819162055
2,0.2609382300633102
3,0.2609382300633102
4,0.25914793550175613
5,0.25914793550175613
