epoch,gBest_fitness
1,0.5000437948599403
2,0.5000000138113798
3,0.5000000138113798
4,0.5000000138113798
5,0.5000000138113798
