epoch,gBest_fitness
1,0.5042293357310291
2,0.5042293357310291
3,0.5042293357310291
4,0.5042293357310291
5,0.500649711114925
