epoch,gBest_fitness
1,0.8562974228443421
2,0.5000000587028579
3,0.5000000587028579
4,0.5000000587028579
5,0.5000000587028579
