epoch,gBest_fitness
1,0.5000398545682146
2,0.5000028060961947
3,0.5000027286739837
4,0.5000027286739837
5,0.5000027286739837
