epoch,gBest_fitness
1,0.5001884326205259
2,0.5001884326205259
3,0.5001884326205259
4,0.5001884326205259
5,0.5001884326205259
