epoch,gBest_fitness
1,0.500103588510146
2,0.5000000000120801
3,0.5000000000120801
4,0.5000000000120801
5,0.5000000000120801
