epoch,gBest_fitness
1,0.7820119869097687
2,0.5000008207725071
3,0.5000008207725071
4,0.5000003844028338
5,0.5000000355409123
