epoch,gBest_fitness
1,0.6150171029743318
2,0.5191222172279657
3,0.5000038423807915
4,0.5000038423807915
5,0.5000038423807915
