epoch,gBest_fitness
1,0.999999962656994
2,0.7834143074887997
3,0.5001150299503048
4,0.5001150299503048
5,0.5001150299503048
