epoch,gBest_fitness
1,0.19086778140749647
2,0.19086778140749647
3,0.19086778140749647
4,0.19086778140749647
5,0.19086778140749647
