epoch,gBest_fitness
1,0.5003564036496818
2,0.5000038771780856
3,0.500000058666848
4,0.5000000000012472
5,0.5000000000012472
