epoch,gBest_fitness
1,0.5000000033820393
2,0.5000000033820393
3,0.5000000033820393
4,0.500000000267351
5,0.500000000267351
