epoch,gBest_fitness
1,0.5000003222211465
2,0.500000000015479
3,0.500000000015479
4,0.500000000015479
5,0.500000000015479
