epoch,gBest_fitness
1,0.5000000004223106
2,0.5000000004223106
3,0.5000000004223106
4,0.5000000004223106
5,0.5000000004223106
