epoch,gBest_fitness
1,0.5000003811743075
2,0.5000000000287427
3,0.5000000000287427
4,0.5000000000287427
5,0.5000000000287427
