epoch,gBest_fitness
1,0.981617311799108
2,0.5000000488953861
3,0.5000000488953861
4,0.5000000488953861
5,0.5000000488953861
