epoch,gBest_fitness
1,0.25378086233702013
2,0.23219076339665395
3,0.23219076339665395
4,0.23219076339665395
5,0.23219076339665395
