epoch,gBest_fitness
1,0.5000294692826341
2,0.5000005395619541
3,0.5000005395619541
4,0.5000005395619541
5,0.5000000008602388
