epoch,gBest_fitness
1,0.5000000000059585
2,0.5000000000059585
3,0.5000000000059585
4,0.5000000000059585
5,0.5000000000059585
