epoch,gBest_fitness
1,0.2499348146127365
2,0.2499348146127365
3,0.2499348146127365
4,0.2499348146127365
5,0.2499348146127365
