epoch,gBest_fitness
1,0.500326827909513
2,0.5000000184464356
3,0.5000000184464356
4,0.5000000000112188
5,0.5000000000112188
