epoch,gBest_fitness
1,0.5001014041255838
2,0.5001014041255838
3,0.5001014041255838
4,0.5001014041255838
5,0.500097711345707
