epoch,gBest_fitness
1,0.5219194730465531
2,0.5005548479059341
3,0.23857166748350622
4,0.23857166748350622
5,0.23857166748350622
