epoch,gBest_fitness
1,0.5000001697646765
2,0.5000000000010939
3,0.5000000000010939
4,0.5000000000010939
5,0.5000000000010939
