epoch,gBest_fitness
1,0.750835879384587
2,0.29092731694628593
3,0.29092731694628593
4,0.29092731694628593
5,0.29092731694628593
