epoch,gBest_fitness
1,0.4370217076595997
2,0.32724670051943744
3,0.276895193074897
4,0.25667037622558114
5,0.25667037622558114
