epoch,gBest_fitness
1,0.2499549245168032
2,0.2499549245168032
3,0.2499549245168032
4,0.2499549245168032
5,0.2499549245168032
