epoch,gBest_fitness
1,0.9674548143739017
2,0.8381259154440829
3,0.5000000962302614
4,0.5000000962302614
5,0.5000000962302614
