epoch,gBest_fitness
1,0.25560202721953684
2,0.25560202721953684
3,0.25560202721953684
4,0.25560202721953684
5,0.25560202721953684
