epoch,gBest_fitness
1,0.5000067702991597
2,0.500000004913397
3,0.500000004913397
4,0.500000004913397
5,0.500000004913397
