epoch,gBest_fitness
1,0.31132598505256376
2,0.12621020672690034
3,0.12621020672690034
4,0.12621020672690034
5,0.12621020672690034
