epoch,gBest_fitness
1,0.5052913184148237
2,0.5000681659532996
3,0.5000681659532996
4,0.5000681659532996
5,0.5000681659532996
