epoch,gBest_fitness
1,0.5001847965145637
2,0.5000004738551518
3,0.5000004738551518
4,0.5000002485494355
5,0.5000002485494355
