epoch,gBest_fitness
1,0.5000000000020153
2,0.5000000000020153
3,0.5000000000020153
4,0.5000000000020153
5,0.5000000000020153
