epoch,gBest_fitness
1,0.5000234865329205
2,0.5000234865329205
3,0.5000234865329205
4,0.5000234865329205
5,0.5000037773753723
