epoch,gBest_fitness
1,0.25160880182921724
2,0.25160880182921724
3,0.25160880182921724
4,0.25160880182921724
5,0.25160880182921724
