epoch,gBest_fitness
1,0.2915179160479282
2,0.2915179160479282
3,0.2596861718433234
4,0.2504027757405834
5,0.2504027757405834
