epoch,gBest_fitness
1,0.5002397840595977
2,0.5000041879129576
3,0.5000041879129576
4,0.5000041879129576
5,0.5000041879129576
