epoch,gBest_fitness
1,0.949273165900244
2,0.949273165900244
3,0.949273165900244
4,0.5000104492023284
5,0.5000104492023284
