epoch,gBest_fitness
1,0.5000498476008046
2,0.5000085289033689
3,0.5000085289033689
4,0.5000041598150939
5,0.5000041598150939
