epoch,gBest_fitness
1,0.5000198879938753
2,0.5000198879938753
3,0.31213526883969195
4,0.31213526883969195
5,0.31213526883969195
