epoch,gBest_fitness
1,0.5001107265676966
2,0.5000001886399056
3,0.5000001886399056
4,0.2490969076217001
5,0.2490969076217001
