epoch,gBest_fitness
1,0.5000002341732144
2,0.5000002341732144
3,0.5000002341732144
4,0.5000002341732144
5,0.5000002341732144
