epoch,gBest_fitness
1,0.9653559919853567
2,0.5006304260619979
3,0.5002223589535207
4,0.5000454755319158
5,0.5000454755319158
