epoch,gBest_fitness
1,0.5000019081811732
2,0.5000019081811732
3,0.5000019081811732
4,0.5000001553100842
5,0.5000001553100842
