epoch,gBest_fitness
1,0.5002089285301626
2,0.500194585475204
3,0.500000002751772
4,0.5000000000006195
5,0.5000000000000044
