epoch,gBest_fitness
1,0.5870842576821146
2,0.5000282750890881
3,0.5000282750890881
4,0.5000000976763391
5,0.5000000976763391
