epoch,gBest_fitness
1,0.5098062992921706
2,0.5000255832135602
3,0.5000000000061307
4,0.5000000000061307
5,0.5000000000061307
