epoch,gBest_fitness
1,18.767929624726104
2,18.633659870645694
3,18.633659870645694
4,18.633659870645694
5,18.318371761432328
