epoch,gBest_fitness
1,28.703470428178807
2,0.2738383716885222
3,0.2738383716885222
4,0.2738383716885222
5,0.2612930106930123
