epoch,gBest_fitness
1,31.03035219355868
2,0.37882774510175987
3,0.37882774510175987
4,0.37882774510175987
5,0.37882774510175987
