epoch,gBest_fitness
1,98.2608609624107
2,98.18209197819723
3,98.18209197819723
4,98.09863543807275
5,98.09863543807275
