epoch,gBest_fitness
1,0.2301872039066407
2,0.1236918405454604
3,0.0064956984425374705
4,0.0064956984425374705
5,0.0064956984425374705
