epoch,gBest_fitness
1,0.21813500015024753
2,0.03771194872843776
3,0.03771194872843776
4,0.03771194872843776
5,0.03771194872843776
