epoch,gBest_fitness
1,18.833640551023866
2,18.833640551023866
3,18.806897194950114
4,18.806897194950114
5,18.7744885184678
