epoch,gBest_fitness
1,28.769584113698212
2,28.765913573234002
3,28.753325671809698
4,28.714130324813233
5,28.71071710572002
