epoch,gBest_fitness
1,48.51742337185639
2,48.51742337185639
3,48.50435811867798
4,48.50435811867798
5,48.50435811867798
