epoch,gBest_fitness
1,28.813586083355535
2,28.753732464327925
3,28.753732464327925
4,28.751352442033106
5,28.751352442033106
