epoch,gBest_fitness
1,28.74361282097221
2,28.711236963183403
3,28.711236963183403
4,28.711236963183403
5,28.705944372822266
