epoch,gBest_fitness
1,98.26799018722895
2,98.26799018722895
3,98.26799018722895
4,98.22692933657464
5,98.22692933657464
