epoch,gBest_fitness
1,18.808921992606795
2,18.808921992606795
3,18.808921992606795
4,18.808921992606795
5,1.3552495234723363
