epoch,gBest_fitness
1,18.818210329690082
2,18.80649541485871
3,8.112934724175418
4,0.006923486808579292
5,0.006923486808579292
