epoch,gBest_fitness
1,0.147765510169042
2,0.147765510169042
3,0.066676861490966
4,0.05764427496203595
5,0.05764427496203595
