epoch,gBest_fitness
1,1.6279183692175543
2,0.09951477584640739
3,0.018278072787474356
4,0.018278072787474356
5,0.018278072787474356
