epoch,gBest_fitness
1,0.0701042765581663
2,0.0701042765581663
3,0.01444171063925208
4,0.01444171063925208
5,0.01444171063925208
