epoch,gBest_fitness
1,98.51085081477731
2,98.00682504429165
3,98.00682504429165
4,98.00682504429165
5,0.8462703679137263
