epoch,gBest_fitness
1,18.811378296142532
2,18.811378296142532
3,0.2679587726346782
4,0.16547814784827694
5,0.16547814784827694
