epoch,gBest_fitness
1,98.0196102607129
2,0.1903652600986859
3,0.1903652600986859
4,0.1903652600986859
5,0.1903652600986859
