epoch,gBest_fitness
1,1.94929652455455
2,1.5408121013562082
3,1.475687226003333
4,1.475687226003333
5,0.010458577840143451
