epoch,gBest_fitness
1,28.742268856200173
2,28.742268856200173
3,28.742268856200173
4,28.742268856200173
5,28.714339134667103
