epoch,gBest_fitness
1,1.2988825381299847
2,1.2988825381299847
3,1.2988825381299847
4,1.2988825381299847
5,1.2988825381299847
