epoch,gBest_fitness
1,48.51686101021719
2,48.51686101021719
3,48.51686101021719
4,48.51686101021719
5,1.2703044124829252
