epoch,gBest_fitness
1,18.801367808964805
2,18.801367808964805
3,18.801367808964805
4,18.801367808964805
5,0.061791793382751085
