epoch,gBest_fitness
1,28.851371554424844
2,28.705172133956463
3,28.705172133956463
4,28.705172133956463
5,28.705172133956463
