epoch,gBest_fitness
1,48.67239761135524
2,48.59343060798572
3,48.5831892829327
4,48.57521004046395
5,48.57521004046395
