epoch,gBest_fitness
1,1.4186551757603285
2,1.4186551757603285
3,1.4186551757603285
4,0.11486044846958045
5,0.11486044846958045
