epoch,gBest_fitness
1,0.1528859703629916
2,0.012832787696888398
3,0.012832787696888398
4,0.012832787696888398
5,0.012832787696888398
