epoch,gBest_fitness
1,97.99992008847542
2,97.99992008847542
3,97.99992008847542
4,97.99992008847542
5,97.99992008847542
