epoch,gBest_fitness
1,18.807808389817914
2,18.807808389817914
3,18.807808389817914
4,18.80532932847883
5,18.80532932847883
