epoch,gBest_fitness
1,98.17279992630837
2,98.11594855428834
3,98.00155508770389
4,98.00155508770389
5,98.00155508770389
