epoch,gBest_fitness
1,28.76817209109204
2,28.74178878580355
3,28.74178878580355
4,28.74178878580355
5,28.73985067307728
