epoch,gBest_fitness
1,48.72965119170851
2,48.53260514046665
3,48.53260514046665
4,48.53260514046665
5,48.53260514046665
