epoch,gBest_fitness
1,48.50532629041819
2,48.50532629041819
3,48.50532629041819
4,48.50532629041819
5,4.520261099235235
