epoch,gBest_fitness
1,28.818367409289507
2,28.7545114547574
3,28.748979620434586
4,28.585195079690493
5,28.441742202051312
