epoch,gBest_fitness
1,98.07032184136534
2,98.0103660857821
3,98.0103660857821
4,98.0103660857821
5,98.0103660857821
