epoch,gBest_fitness
1,28.707290258876675
2,28.706698897854718
3,28.706698897854718
4,28.706698897854718
5,28.706698897854718
