epoch,gBest_fitness
1,0.6682709658664515
2,0.10042033644767642
3,0.10042033644767642
4,0.0009695666412912095
5,0.0009695666412912095
