epoch,gBest_fitness
1,0.38882801582536225
2,0.27329049531549215
3,0.19431850859595656
4,0.002910543744430815
5,0.002910543744430815
