epoch,gBest_fitness
1,1.4278802281563425
2,1.3595224620296114
3,1.3595224620296114
4,1.3595224620296114
5,1.3595224620296114
