epoch,gBest_fitness
1,48.723448066217685
2,48.54241061169536
3,0.05116159896376602
4,0.05116159896376602
5,0.05116159896376602
