epoch,gBest_fitness
1,1.8241675646163262
2,1.8241675646163262
3,0.09176597220439207
4,0.09176597220439207
5,0.09176597220439207
