epoch,gBest_fitness
1,18.81957550882925
2,18.81957550882925
3,18.437815140375477
4,18.437815140375477
5,17.355428291499067
