epoch,gBest_fitness
1,0.6953847737506265
2,0.6953847737506265
3,0.6953847737506265
4,0.18848824448098572
5,0.14925926972703527
