epoch,gBest_fitness
1,28.817546906601844
2,28.775945614072715
3,28.73278681213875
4,28.727163621399264
5,28.727163621399264
