epoch,gBest_fitness
1,48.711552629253724
2,48.58806690539843
3,48.58806690539843
4,48.58806690539843
5,48.58806690539843
