epoch,gBest_fitness
1,48.52317898124231
2,48.52317898124231
3,48.52317898124231
4,48.52317898124231
5,48.52317898124231
