epoch,gBest_fitness
1,48.71162147245461
2,48.70011498716223
3,48.544882515795564
4,48.544882515795564
5,48.530519133293176
