epoch,gBest_fitness
1,18.838325779160158
2,18.809083407229267
3,6.111362837493431
4,6.111362837493431
5,6.111362837493431
