epoch,gBest_fitness
1,48.67840832066217
2,48.633069369973654
3,48.5740473814062
4,48.5740473814062
5,48.5740473814062
