epoch,gBest_fitness
1,18.808059815758735
2,18.73806973024831
3,18.73806973024831
4,18.73806973024831
5,2.564369354690391
