epoch,gBest_fitness
1,48.506937241835736
2,48.506937241835736
3,48.506937241835736
4,48.506937241835736
5,48.506937241835736
