epoch,gBest_fitness
1,0.34714810482205827
2,0.34714810482205827
3,0.34714810482205827
4,0.34714810482205827
5,0.26278902604068977
