epoch,gBest_fitness
1,18.85991962732845
2,18.84031669297546
3,18.807765337974867
4,18.807765337974867
5,18.807765337974867
