epoch,gBest_fitness
1,98.13185305547354
2,98.13185305547354
3,98.10633757373401
4,98.04187593953193
5,98.04187593953193
