epoch,gBest_fitness
1,48.53139146884273
2,48.53139146884273
3,48.53139146884273
4,1.7735172119200333
5,1.7735172119200333
