epoch,gBest_fitness
1,48.50546321765959
2,48.50546321765959
3,48.50546321765959
4,48.50546321765959
5,48.50546321765959
