epoch,gBest_fitness
1,98.05740803683057
2,98.05740803683057
3,98.05740803683057
4,98.05740803683057
5,98.01120440546632
