epoch,gBest_fitness
1,11.98976988607236
2,11.98976988607236
3,11.98976988607236
4,0.4247875393834887
5,0.4247875393834887
