epoch,gBest_fitness
1,18.836631588886974
2,18.836631588886974
3,18.836631588886974
4,18.814612043277407
5,18.814612043277407
