epoch,gBest_fitness
1,98.42416845987444
2,98.37068721075285
3,98.37068721075285
4,98.37068721075285
5,98.20718139875918
