epoch,gBest_fitness
1,98.40163778837686
2,98.22745299649549
3,98.22745299649549
4,98.22745299649549
5,98.18960914362684
