epoch,gBest_fitness
1,28.81134156703597
2,28.739791919974056
3,0.2954692083029284
4,0.2954692083029284
5,0.2954692083029284
