epoch,gBest_fitness
1,28.752729195363212
2,27.6954731257836
3,27.6954731257836
4,27.6954731257836
5,27.6954731257836
