epoch,gBest_fitness
1,28.708569517634174
2,28.706513287671985
3,28.706513287671985
4,28.70313214724927
5,28.70313214724927
