epoch,gBest_fitness
1,3.0240244248927395
2,3.0240244248927395
3,3.0240244248927395
4,0.8953800215216406
5,0.062027245055688976
