epoch,gBest_fitness
1,-12709.608320230569
2,-14885.357185393857
3,-16209.92302766474
4,-16836.31611474053
5,-17796.22919176969
