epoch,gBest_fitness
1,-187493.67177438017
2,-263983.857754461
3,-311151.9055824678
4,-358867.1830022384
5,-417878.2278376819
