epoch,gBest_fitness
1,-15600.070728500712
2,-17578.246470057824
3,-20459.720092296095
4,-20961.371354415078
5,-21000.0
