epoch,gBest_fitness
1,-34166.4467569146
2,-39024.12215688984
3,-49203.10987369331
4,-51796.73819787035
5,-57104.94326219507
