epoch,gBest_fitness
1,-49782.20355405826
2,-80171.38650391108
3,-88293.24944363216
4,-105178.57978988675
5,-112069.1693282888
