epoch,gBest_fitness
1,-115282.3060553016
2,-150221.4887228666
3,-155969.45269932496
4,-162564.8180136479
5,-165279.05473385306
