epoch,gBest_fitness
1,-30297.20027102146
2,-35733.695689451095
3,-39515.0185581913
4,-43923.97391819953
5,-45592.47511794146
