epoch,gBest_fitness
1,-18418.09642534839
2,-22025.53693306716
3,-24415.102696067046
4,-25314.507484675865
5,-26182.938214544152
