epoch,gBest_fitness
1,-11321.518411475176
2,-12541.952125454474
3,-13101.574291517894
4,-13624.079749934155
5,-15599.814212461868
