epoch,gBest_fitness
1,-129687.0485616374
2,-139315.012554067
3,-146735.71269984677
4,-154168.8875755855
5,-178532.77479705267
