epoch,gBest_fitness
1,-85911.35482965724
2,-117739.77802609015
3,-122934.353003887
4,-146333.6605601465
5,-174233.73881597002
