epoch,gBest_fitness
1,-121221.69440484224
2,-229357.9282823254
3,-332266.5148324028
4,-409894.4666257038
5,-453871.87269162544
