epoch,gBest_fitness
1,-16945.47225402959
2,-17689.270822275146
3,-23953.9285866967
4,-25016.323268259257
5,-26578.208174168358
