epoch,gBest_fitness
1,-15149.048508803096
2,-15931.68918772484
3,-16958.770192951924
4,-17667.570856233524
5,-18694.096285792417
