epoch,gBest_fitness
1,-20038.99168056811
2,-23703.59534919161
3,-29124.006740268087
4,-34848.09570760041
5,-38520.68758993786
