epoch,gBest_fitness
1,-8898.672516451088
2,-11505.542077634174
3,-12714.735977006269
4,-14811.546687914815
5,-15863.758830205004
