epoch,gBest_fitness
1,-34122.05512178431
2,-45331.32409506649
3,-46979.6862017846
4,-54949.041996566804
5,-61519.660680064015
