epoch,gBest_fitness
1,-53295.07057041655
2,-71848.68845702623
3,-90432.9375258148
4,-99255.1546669534
5,-111949.76396903653
