epoch,gBest_fitness
1,-16320.26994390578
2,-18193.412908078175
3,-20136.678555171067
4,-21347.54030552138
5,-23017.748216776647
