epoch,gBest_fitness
1,-40090.69486878333
2,-66936.65800086052
3,-87646.66450914313
4,-105879.14588725829
5,-113642.81924816706
