epoch,gBest_fitness
1,-16174.451987520666
2,-17865.12305824413
3,-20407.850013750423
4,-20951.136641234683
5,-21000.0
