epoch,gBest_fitness
1,-35813.5192635305
2,-40936.366506192804
3,-49910.9032714846
4,-53907.31959939321
5,-54913.04774272052
