epoch,gBest_fitness
1,-10437.458299240463
2,-14841.657993997906
3,-16734.439824155794
4,-17559.74420305615
5,-17916.154778039327
