epoch,gBest_fitness
1,-50398.50285182095
2,-56433.19803962521
3,-61339.13895437492
4,-66814.1712539745
5,-69296.91232124736
