epoch,gBest_fitness
1,-17987.569472315186
2,-19263.00528568533
3,-20564.444924252308
4,-23192.79730215538
5,-26381.229119437106
