epoch,gBest_fitness
1,-41487.74102164565
2,-50444.438016583284
3,-54586.85020712674
4,-56874.45651983406
5,-61217.582902391085
