epoch,gBest_fitness
1,-53128.48698857741
2,-67964.67829520286
3,-82050.20681466193
4,-92944.12647162154
5,-99448.51962072008
