epoch,gBest_fitness
1,-20511.573183080982
2,-24713.3301651057
3,-27619.17645520988
4,-30346.80420516886
5,-32157.75101884955
