epoch,gBest_fitness
1,-65617.97869757109
2,-123336.43988624822
3,-132825.9559544207
4,-139513.095731694
5,-153208.73412698167
