epoch,gBest_fitness
1,-77515.8981268002
2,-134086.15035738653
3,-147103.81553387817
4,-148985.65215943567
5,-155221.41934750354
