epoch,gBest_fitness
1,-156000.81801190137
2,-236449.94086259493
3,-336798.37502721493
4,-391546.8397809365
5,-422565.90959059034
