epoch,gBest_fitness
1,-10741.63084881506
2,-15595.848540000703
3,-18048.30285001351
4,-19949.86281996235
5,-20803.623922051618
