epoch,gBest_fitness
1,-50661.37156503108
2,-55570.52291549093
3,-62165.0031667761
4,-64745.02005688931
5,-68013.28513879511
