epoch,gBest_fitness
1,-3303.1259965758964
2,-12212.122020144254
3,-14226.642352481425
4,-15151.394342209536
5,-16344.150946115698
