epoch,gBest_fitness
1,4170.67330467139
2,-20758.131952067117
3,-24756.80456145823
4,-30206.459550595056
5,-33316.571103505645
