epoch,gBest_fitness
1,-21037.862259978214
2,-31696.85459856888
3,-41270.00299843719
4,-42641.09858537012
5,-44700.75520013571
