epoch,gBest_fitness
1,-103882.68377452488
2,-112332.72449756021
3,-124511.2049076486
4,-127169.82134404397
5,-141423.14496055266
