epoch,gBest_fitness
1,-18115.992270909108
2,-25633.40312656839
3,-36453.25496142612
4,-40707.303643735046
5,-43099.05993589849
