epoch,gBest_fitness
1,-10843.65941271385
2,-16615.31592995045
3,-19500.6197207223
4,-20688.216557938194
5,-20952.57497232775
