epoch,gBest_fitness
1,-55631.954533295284
2,-72505.32321497459
3,-79618.18717232237
4,-84802.28171440115
5,-92909.09036693566
