epoch,gBest_fitness
1,-19939.179255008643
2,-29173.26534356692
3,-37583.355378353685
4,-43277.897074095534
5,-45049.13562111698
