epoch,gBest_fitness
1,-84732.66470005913
2,-101717.85113217712
3,-154988.12798608112
4,-165322.25360373384
5,-183306.258461149
