epoch,gBest_fitness
1,-96633.24529159797
2,-104569.72620592419
3,-125896.80181975344
4,-140765.79742105448
5,-146466.6679292665
