epoch,gBest_fitness
1,-27615.98134671539
2,-42733.533173339725
3,-44617.27712016177
4,-54242.28610314257
5,-54997.56782045207
