epoch,gBest_fitness
1,-8542.7543155662
2,-10361.330798684434
3,-12902.275190840013
4,-14538.748348959378
5,-15072.576596568875
