epoch,gBest_fitness
1,-21377.672157134828
2,-24265.454153972645
3,-25709.659880379855
4,-27866.663925566158
5,-28457.498882354495
