epoch,gBest_fitness
1,-10732.945496839011
2,-12860.20795780765
3,-17097.936930394168
4,-19005.655622875995
5,-20850.381659578947
