epoch,gBest_fitness
1,-17272.459069878143
2,-22381.135507125065
3,-24122.95488539826
4,-27556.976506840274
5,-32139.858407864056
