epoch,gBest_fitness
1,-131700.56524447122
2,-205891.19135456852
3,-266281.8778994142
4,-318518.64333518426
5,-358836.52491736744
