epoch,gBest_fitness
1,-32213.948313481225
2,-36173.62615099592
3,-47223.748337232086
4,-50288.10951305204
5,-63440.25089202193
