epoch,gBest_fitness
1,-115938.55460615904
2,-181475.4208854359
3,-311586.3511007089
4,-357441.0697165345
5,-416116.69695892854
