epoch,gBest_fitness
1,-5541.189276579371
2,-9492.350675800179
3,-11662.043618747188
4,-13999.353204308654
5,-17738.626441917128
