epoch,gBest_fitness
1,2.6447595131215795e-26
2,1.7451804233877087e-39
3,1.7451804233877087e-39
4,1.7451804233877087e-39
5,1.7451804233877087e-39
