epoch,gBest_fitness
1,1.945702902341807e-204
2,2.8584818022610867e-223
3,1.5931406530731148e-240
4,1.5931406530731148e-240
5,1.5931406530731148e-240
