epoch,gBest_fitness
1,6.610514048301718e-227
2,1.531874535943617e-244
3,1.531874535943617e-244
4,1.531874535943617e-244
5,1.531874535943617e-244
