epoch,gBest_fitness
1,6.703968013345197e+21
2,2.412141927314987e-22
3,1.0184016264218117e-29
4,1.0184016264218117e-29
5,1.0184016264218117e-29
