epoch,gBest_fitness
1,2.984840411977205e-206
2,5.776562822859721e-236
3,1.209229461600821e-238
4,1.209229461600821e-238
5,1.209229461600821e-238
