epoch,gBest_fitness
1,1.9187809294695838e-241
2,1.9187809294695838e-241
3,1.9187809294695838e-241
4,1.9187809294695838e-241
5,1.9187809294695838e-241
