epoch,gBest_fitness
1,4.206642911832891e-08
2,1.8183370976376625e-32
3,2.3026112712882217e-47
4,2.3026112712882217e-47
5,2.3026112712882217e-47
