epoch,gBest_fitness
1,1.6641521521840776e-25
2,1.6641521521840776e-25
3,1.6641521521840776e-25
4,6.856603937650861e-41
5,6.856603937650861e-41
