epoch,gBest_fitness
1,2.3926489567646272e-235
2,2.3926489567646272e-235
3,2.3342343780459263e-269
4,2.3342343780459263e-269
5,2.3342343780459263e-269
