epoch,gBest_fitness
1,4.181667967099886e-20
2,7.988285562556264e-25
3,7.988285562556264e-25
4,3.704555394671483e-25
5,3.704555394671483e-25
