epoch,gBest_fitness
1,1.6149964136662885e-215
2,1.7429128485364372e-216
3,1.4682509631850812e-219
4,2.779634841080043e-232
5,2.779634841080043e-232
