epoch,gBest_fitness
1,5.338335884943408e-25
2,1.6241723463616745e-30
3,4.160966460368511e-43
4,4.160966460368511e-43
5,4.673980015053385e-45
