epoch,gBest_fitness
1,4.172265897913005e-40
2,4.172265897913005e-40
3,4.172265897913005e-40
4,4.172265897913005e-40
5,4.172265897913005e-40
