epoch,gBest_fitness
1,2.498989933705965e-21
2,8.152989478688725e-22
3,2.087272078445141e-24
4,2.609337353982706e-25
5,1.187987897524033e-32
