epoch,gBest_fitness
1,1.5958414839495226e-223
2,4.102353568008208e-232
3,4.0034969738631827e-243
4,4.0034969738631827e-243
5,4.0034969738631827e-243
