epoch,gBest_fitness
1,2.147441736211914e-27
2,3.647980285894134e-30
3,2.4213202476847955e-33
4,2.4213202476847955e-33
5,2.4213202476847955e-33
