epoch,gBest_fitness
1,3.945506525469643e-24
2,1.081745804944494e-29
3,1.081745804944494e-29
4,1.081745804944494e-29
5,1.081745804944494e-29
