epoch,gBest_fitness
1,2.1862754087315742e-28
2,2.1862754087315742e-28
3,6.312307884101125e-41
4,6.312307884101125e-41
5,6.312307884101125e-41
