epoch,gBest_fitness
1,1.530180570862759e-211
2,2.4255649711533086e-244
3,2.4255649711533086e-244
4,2.4255649711533086e-244
5,2.4255649711533086e-244
