epoch,gBest_fitness
1,3.287131836725535e-225
2,3.7224044922772295e-244
3,3.7224044922772295e-244
4,3.7224044922772295e-244
5,3.7224044922772295e-244
