epoch,gBest_fitness
1,3.764649848821416e-15
2,5.543601050763577e-24
3,5.543601050763577e-24
4,2.891590485705163e-33
5,2.891590485705163e-33
