epoch,gBest_fitness
1,0.2837551647886961
2,0.11210412109774992
3,0.06910203893303424
4,0.04994230754199336
5,0.037029052813536856
