epoch,gBest_fitness
1,1.1003863807226457
2,1.0247275065290347
3,0.8798804124941237
4,0.7019488574943968
5,0.5456107465689207
