epoch,gBest_fitness
1,0.5449471516423738
2,0.2924693214977593
3,0.22604972169819126
4,0.1701535233719368
5,0.11915700672604668
