epoch,gBest_fitness
1,2.0020629123235016
2,1.2946014600830589
3,1.101267798817433
4,1.0565430564275204
5,0.9961450824070337
