epoch,gBest_fitness
1,0.34251812558831485
2,0.11297492862787128
3,0.05758694753773075
4,0.02997961144061867
5,0.017262770933893057
