epoch,gBest_fitness
1,0.8193188643095554
2,0.3600340881472136
3,0.15188748826217646
4,0.08277870052183867
5,0.06730196215337925
