epoch,gBest_fitness
1,0.47337488423753793
2,0.1324039309364432
3,0.07159981104109703
4,0.036927813719851765
5,0.024799416271501507
