epoch,gBest_fitness
1,1.7646567171533145
2,1.1653237123275815
3,1.081262431456872
4,1.045183417039493
5,0.9977797058509424
