epoch,gBest_fitness
1,0.13427186397379032
2,0.028961896841534718
3,0.018969408953461553
4,0.016709000889280623
5,0.016402436067606052
