epoch,gBest_fitness
1,1.0090804140003455
2,0.2694711909494144
3,0.1454749878759225
4,0.08085058337605522
5,0.07544898189622051
