epoch,gBest_fitness
1,1.0301856731698624
2,0.5529674398919139
3,0.2848578945234993
4,0.2060916531582171
5,0.13184621463488067
