epoch,gBest_fitness
1,0.9374483322743996
2,0.7535287963499437
3,0.6582701294776343
4,0.5954996816354642
5,0.5441607675051545
