epoch,gBest_fitness
1,1.1990035201745721
2,1.0274408175365874
3,0.8562074529256627
4,0.6379670671751445
5,0.46114992932332266
