epoch,gBest_fitness
1,0.07063203976332955
2,0.025602535567674223
3,0.017376147543862075
4,0.01276866019590206
5,0.00964228735852668
