epoch,gBest_fitness
1,0.8814579684379107
2,0.7915242771456321
3,0.6644311190359493
4,0.5414416797586145
5,0.46125974754891497
