epoch,gBest_fitness
1,0.9555150262789497
2,0.49172082979588416
3,0.3106120767282763
4,0.2683575953264392
5,0.19511270963414573
