epoch,gBest_fitness
1,1.2050303745720707
2,1.0132649436039307
3,0.7797690003625419
4,0.6157072657943714
5,0.5478687783079246
