epoch,gBest_fitness
1,1.013178645867231
2,0.3471073623497516
3,0.15360765972643642
4,0.07270605361602378
5,0.06531967819717788
