epoch,gBest_fitness
1,0.6713845451401149
2,0.2216157850339261
3,0.0985221752689327
4,0.06693185888904696
5,0.0575415509048367
