epoch,gBest_fitness
1,0.07882305375472498
2,0.019727641388109785
3,0.014148619439778076
4,0.00910388236009918
5,0.008556584636413844
