epoch,gBest_fitness
1,2.0321253373817725
2,1.2325482363025737
3,1.1005896079144961
4,1.0124017224523583
5,0.9655226276242082
