epoch,gBest_fitness
1,0.3302437073502401
2,0.08896088841888583
3,0.04837786290845025
4,0.03545407605134443
5,0.02220582272679872
