epoch,gBest_fitness
1,0.9604814705481863
2,0.7864558617509699
3,0.6364812530659645
4,0.5472727206194932
5,0.47470920933875693
