epoch,gBest_fitness
1,0.910150826357526
2,0.7710243219653573
3,0.630319834925049
4,0.5562391546071221
5,0.4520378007941803
