epoch,gBest_fitness
1,0.02738292713092083
2,0.006726870900086945
3,0.002518798018568802
4,0.0007029471619975913
5,0.0004339829274903062
