epoch,gBest_fitness
1,2.5248922457778598
2,1.2795572392004106
3,1.1378836220079294
4,1.091352686218418
5,1.069394032288603
