epoch,gBest_fitness
1,0.44752119230256304
2,0.22378442018829992
3,0.12706681595928349
4,0.09242166387367301
5,0.06797129021420267
