epoch,gBest_fitness
1,1.1644014540590384
2,1.026964080201156
3,0.9459885317602882
4,0.868833113836739
5,0.5917295041279764
