epoch,gBest_fitness
1,0.966952380187404
2,0.6340218364221162
3,0.25844955666797786
4,0.18087897456417645
5,0.1553498933631391
