epoch,gBest_fitness
1,0.5719945503722816
2,0.341990183186356
3,0.25009459044502513
4,0.14242403036820284
5,0.09637670569783752
