epoch,gBest_fitness
1,0.6982016397056652
2,0.34511727037384765
3,0.21152556267186473
4,0.1707798558859539
5,0.12436047586445431
