epoch,gBest_fitness
1,1.0591077903462752e-31
2,1.0591077903462752e-31
3,4.8682852398613666e-60
4,4.8682852398613666e-60
5,4.8682852398613666e-60
