epoch,gBest_fitness
1,6.357591566105973e-30
2,1.3797554271602745e-31
3,2.1985484153559452e-56
4,2.1985484153559452e-56
5,4.6072273506661935e-57
