epoch,gBest_fitness
1,5.280619264813719e-14
2,7.262155066389688e-66
3,7.262155066389688e-66
4,7.262155066389688e-66
5,7.262155066389688e-66
