epoch,gBest_fitness
1,4.037977927404235e-35
2,4.792691853225752e-77
3,4.792691853225752e-77
4,4.792691853225752e-77
5,4.792691853225752e-77
