epoch,gBest_fitness
1,9.685925174560625e-286
2,1.1461018e-316
3,0.0
4,0.0
5,0.0
