epoch,gBest_fitness
1,1.2279273204265977e-08
2,2.155905529168073e-47
3,2.155905529168073e-47
4,2.155905529168073e-47
5,3.2512016714403233e-49
