epoch,gBest_fitness
1,8.603706141178e-311
2,8.603706141178e-311
3,8.603706141178e-311
4,6.57e-322
5,6.57e-322
