epoch,gBest_fitness
1,4.079100254507499e-294
2,4.199908167262e-311
3,2.1937e-320
4,2.1937e-320
5,1.98e-321
