epoch,gBest_fitness
1,1.051855300147e-312
2,2.5985147611e-313
3,9.26096e-319
4,9.26096e-319
5,9.26096e-319
