epoch,gBest_fitness
1,4.548999829506731e+19
2,1.2017675977500018e-23
3,1.7082403420909138e-68
4,1.7082403420909138e-68
5,1.7082403420909138e-68
