epoch,gBest_fitness
1,2.141707591466235e-50
2,4.179769981046625e-85
3,4.179769981046625e-85
4,4.179769981046625e-85
5,4.179769981046625e-85
