epoch,gBest_fitness
1,2.101129511766405e-274
2,3.050337699734719e-285
3,4.2282454726533063e-305
4,1.1814689833706e-311
5,3.8e-322
