epoch,gBest_fitness
1,1.382249030518689e-301
2,3.4547301129603796e-306
3,0.0
4,0.0
5,0.0
