epoch,gBest_fitness
1,2.3183521142913447e-301
2,1.22857e-318
3,1.22857e-318
4,1.8e-322
5,1.8e-322
