epoch,gBest_fitness
1,224.76830193189102
2,85.80620223550399
3,59.80448181588876
4,43.196189755054704
5,38.820361532449795
