epoch,gBest_fitness
1,512.5353400898174
2,439.7126022888169
3,366.84134288444017
4,254.32459375954355
5,202.3437910675113
