epoch,gBest_fitness
1,3106.901328702996
2,589.4582318895668
3,218.21959011772975
4,139.04472600534305
5,113.37363022610708
