epoch,gBest_fitness
1,96.86906334254894
2,48.31053335410728
3,34.241541659601076
4,22.63583537628368
5,18.94062313148452
