epoch,gBest_fitness
1,29.39339582137882
2,23.697545655281726
3,20.341679568643823
4,19.67115213781096
5,17.93670643946767
