epoch,gBest_fitness
1,564.8079440241213
2,108.44867593568642
3,52.462013941132966
4,43.796758086216634
5,40.41467534927173
