epoch,gBest_fitness
1,9367.066940050958
2,3801.4314746918258
3,2282.1472449902762
4,1604.1378240961487
5,1204.425895383535
