epoch,gBest_fitness
1,30.916400552739873
2,23.932138569635907
3,18.980661594473943
4,17.131462026546746
5,16.42979833762024
