epoch,gBest_fitness
1,126.09496805732361
2,70.11644160433231
3,56.914621804265266
4,52.96523618863272
5,49.67391823513276
