epoch,gBest_fitness
1,116.40334568331451
2,70.69275724679545
3,64.25087320960186
4,59.02111574154145
5,56.43802080571103
