epoch,gBest_fitness
1,1723.5798455391318
2,441.9925237018444
3,204.76895681949222
4,145.11842704100718
5,118.81550534703808
