epoch,gBest_fitness
1,17.18971174404495
2,14.83830043169815
3,12.683793341975841
4,11.418809757873493
5,11.005718431867884
