epoch,gBest_fitness
1,128.90726574416018
2,78.6893655819811
3,73.69812222933902
4,66.74341092634398
5,63.56853562495752
