epoch,gBest_fitness
1,388.98000007498644
2,93.24622471093652
3,54.64237033361115
4,46.06149998166804
5,36.806555010714
