epoch,gBest_fitness
1,289.98809464660724
2,86.83547288820667
3,47.48895658171579
4,39.10472805003393
5,32.688797846912415
