epoch,gBest_fitness
1,10580.563660695068
2,3619.260172113193
3,1980.9617581929708
4,1290.496190166604
5,947.2751932379732
