epoch,gBest_fitness
1,18.25826226582857
2,16.19256923182744
3,15.438284874395514
4,15.012068317229046
5,14.812004089782647
