epoch,gBest_fitness
1,1918.876719311134
2,586.4442592094182
3,210.0237880827339
4,147.66481075810734
5,132.09321123915223
