epoch,gBest_fitness
1,7952.050678820096
2,2696.562649278313
3,1884.1872318964588
4,1384.3417643460477
5,893.2744995997309
