epoch,gBest_fitness
1,439.19747760544533
2,322.12856533179087
3,221.44242345482854
4,207.64010043143193
5,178.13045128992593
