epoch,gBest_fitness
1,31.321503571425893
2,28.51925379180603
3,27.45695983152848
4,26.841255112772426
5,25.427603292878658
