epoch,gBest_fitness
1,607.42389170859
2,421.99518565993384
3,304.4927424282229
4,222.9728749487108
5,210.2322107083398
