epoch,gBest_fitness
1,2807.6044989890624
2,416.8519416573943
3,234.0080440264635
4,182.69944505045822
5,152.62122333987728
