epoch,gBest_fitness
1,317.97702160199213
2,280.251503275833
3,262.3668154509235
4,238.87086767622125
5,223.07863408592047
