epoch,gBest_fitness
1,137.2649231655466
2,56.264712974176746
3,35.98145035795993
4,29.41134370521232
5,26.97302879796295
