epoch,gBest_fitness
1,97.50083454735065
2,39.82928213926
3,23.244672045021815
4,13.382732203950486
5,11.258493887586022
