epoch,gBest_fitness
1,32.59595153933947
2,26.722794380379963
3,23.98188724994221
4,23.274402405331564
5,20.901430267445146
