epoch,gBest_fitness
1,22.37135067411013
2,17.693074169446927
3,17.043622416801476
4,15.589617583927348
5,15.372527622031884
