epoch,gBest_fitness
1,123.47523847046443
2,77.88607486652344
3,68.80929551997059
4,58.5310467546092
5,52.11665457392736
