epoch,gBest_fitness
1,17944.361263583007
2,4425.789771255245
3,1979.684958807849
4,1236.9945402306673
5,1003.7467159430358
