epoch,gBest_fitness
1,96.94235048355657
2,27.982629385644394
3,24.00956746223927
4,20.036669249420836
5,16.574581883373465
