epoch,gBest_fitness
1,16.829364488296665
2,13.848125173196193
3,10.812942765568815
4,9.774228942233748
5,9.222059231220522
