epoch,gBest_fitness
1,3698.4167889386517
2,357.5203986334476
3,136.13910317779624
4,65.25170398600231
5,32.22549118454238
