epoch,gBest_fitness
1,1435.678132203957
2,13.502828816586634
3,3.1428810882343785
4,4.1472994976615025
5,3.2426252800121507
