epoch,gBest_fitness
1,12.589050654210705
2,2.231397867074964
3,2.9313425779197795
4,0.9212130481899594
5,1.7712533324848065
