epoch,gBest_fitness
1,8867532.980867725
2,1202039.7173107602
3,233557.6851806627
4,84645.44718623681
5,44233.646097338846
