epoch,gBest_fitness
1,26.230102786730964
2,5.118803391975599
3,6.6466860137104256
4,5.5305669372305655
5,4.448785138170147
