epoch,gBest_fitness
1,17205873.753865093
2,1131167.1334202455
3,559311.6440370131
4,203787.84676964223
5,69776.59128521963
