epoch,gBest_fitness
1,244.02451227290138
2,45.275556444925776
3,13.584722380223715
4,10.190385534092544
5,7.644381932370927
