epoch,gBest_fitness
1,15937730.877465233
2,3419193.9479728043
3,1131722.5401377531
4,578538.0612479402
5,231321.0423764331
