epoch,gBest_fitness
1,314.92491155196126
2,37.891301284269986
3,17.49686425350768
4,9.007324998964327
5,7.429543539059457
