epoch,gBest_fitness
1,8851103.048062062
2,837801.8695027757
3,275447.4045278136
4,145222.67723407905
5,90277.81801706292
