epoch,gBest_fitness
1,468325.55959781824
2,20254.115863670282
3,4888.310778469508
4,1983.5922005851871
5,614.3836616217433
