epoch,gBest_fitness
1,7938.346540314653
2,3785.6155660954196
3,1080.143251622616
4,558.3444974657123
5,288.65823950812006
