epoch,gBest_fitness
1,481714.3315909463
2,29085.815040586105
3,6432.173599296726
4,2210.084480690818
5,692.8260376860901
