epoch,gBest_fitness
1,3209.043811668065
2,1063.8806765563131
3,532.7140188284845
4,403.26586168314407
5,185.52897615442254
