epoch,gBest_fitness
1,12870.592474755262
2,882.1313944878103
3,261.1888060872981
4,24.80371269806043
5,7.240470024609267
