epoch,gBest_fitness
1,143986.87789195022
2,28279.49998370943
3,8575.974845697647
4,3051.7093604004885
5,1000.647568545982
