epoch,gBest_fitness
1,7120633.148282885
2,840957.5577145246
3,253966.31086967816
4,76827.17069242698
5,28539.574665234177
