epoch,gBest_fitness
1,2925.1391864075376
2,664.9017202589831
3,228.02029464551012
4,93.23578669573389
5,70.27403063062296
