epoch,gBest_fitness
1,7951633.983790451
2,975446.1974514591
3,324007.2491843979
4,196596.22221727562
5,105544.85616895813
