epoch,gBest_fitness
1,656.2527421357091
2,121.65891381957063
3,42.03031527759794
4,18.005012515981594
5,6.9779991588200225
