epoch,gBest_fitness
1,5.827175703778847
2,3.8211089814558674
3,2.718540300274622
4,4.688375698872851
5,2.5392231659528077
