epoch,gBest_fitness
1,21.542956472188934
2,2.924353696769421
3,2.735416659356586
4,4.930384651016268
5,3.325647231073843
