epoch,gBest_fitness
1,364.2001309895324
2,8.603367485931706
3,2.4630425081957608
4,2.1071232287747996
5,2.4062568627918988
