epoch,gBest_fitness
1,265.1301431389601
2,44.17885480584071
3,10.14621362631058
4,5.1884024045517885
5,1.6351084057933787
