epoch,gBest_fitness
1,4.546279586771629
2,1.8308096291425175
3,2.78311388062161
4,1.3513089087894983
5,1.7522890078106728
