epoch,gBest_fitness
1,4.671612903863179
2,3.0707930621822284
3,2.8336977052362413
4,1.7068511562273607
5,1.895067579756375
