epoch,gBest_fitness
1,380.13415408443404
2,16.51312716623554
3,3.1059507755695237
4,3.3678233313325157
5,4.37639497268648
