epoch,gBest_fitness
1,488.26225345899206
2,3.882600460234757
3,2.5467925329985786
4,3.6120698016514345
5,2.682505362552016
