epoch,gBest_fitness
1,216.46836448136108
2,60.85567315527894
3,36.592897857978954
4,19.58571852386118
5,14.037842581886606
