epoch,gBest_fitness
1,3779.1230336689637
2,1123.0531105581726
3,487.07827552616084
4,273.7428941592249
5,170.3825905958974
