epoch,gBest_fitness
1,8.433243887479078
2,4.076349500535083
3,4.086050938529778
4,1.933262147370332
5,3.5938417498937696
