epoch,gBest_fitness
1,7543.291801162998
2,2769.012389742185
3,1219.434638511585
4,871.17928969944
5,583.2561002291541
