epoch,gBest_fitness
1,244109.50872520253
2,5143.786361013639
3,796.5972981704183
4,160.96261021440867
5,27.737556186505124
