epoch,gBest_fitness
1,477.11277878415444
2,64.79967658371449
3,27.605981453401302
4,13.150164432445688
5,8.929735140623665
