epoch,gBest_fitness
1,4525.091064055499
2,562.3129733057649
3,241.8379863198359
4,151.88827789759563
5,60.70834083920191
