epoch,gBest_fitness
1,3185181.059538199
2,502771.092856931
3,202100.01473795302
4,75810.6388042889
5,40993.20081922818
