epoch,gBest_fitness
1,15153.872807948908
2,440.00963608856745
3,26.446197652741716
4,11.790094958641102
5,5.028401844151855
