epoch,gBest_fitness
1,90792.60358028275
2,5234.975391537443
3,1456.9424257012477
4,411.16750684072946
5,161.95163712438145
