epoch,gBest_fitness
1,932.2031510744525
2,61.32001314005744
3,8.520311225292165
4,2.4555254671597067
5,3.743833545560502
