epoch,gBest_fitness
1,251371.0652532312
2,23745.192892567462
3,4164.926245062131
4,2491.4200235590556
5,807.0257212706146
