epoch,gBest_fitness
1,1992792.4433971278
2,280322.4145669317
3,114786.30191243101
4,42796.65980698942
5,21353.405878462887
