epoch,gBest_fitness
1,1.7832914099030548
2,3.6687878883803022
3,2.471540543705741
4,1.350333988354046
5,4.328793434668777
