epoch,gBest_fitness
1,42.43460799554014
2,9.844657459093593
3,2.884485461335183
4,1.4641574228028045
5,3.4300538109371486
