epoch,gBest_fitness
1,21.774287455941003
2,4.0216176340337215
3,1.9156027478896598
4,4.056578180437998
5,1.6653169654099926
