epoch,gBest_fitness
1,2.592788273326508
2,3.3333526368502353
3,2.697806412457494
4,2.3291885473232266
5,2.958834626150133
