epoch,gBest_fitness
1,196259.61156732732
2,16078.154132065849
3,3730.346746986431
4,440.6353856110944
5,248.3607578522684
