epoch,gBest_fitness
1,489.93307261987076
2,13.712614393708119
3,5.210309211059002
4,7.57257443634071
5,5.4638314788813345
