epoch,gBest_fitness
1,10551347.619345162
2,1372381.811271577
3,316805.5674560347
4,180137.67221491275
5,82818.9931893694
