epoch,gBest_fitness
1,7.277776527342161
2,3.8798306656288086
3,4.708965700673981
4,2.315299052614229
5,4.26278318752977
