epoch,gBest_fitness
1,65.18495789618163
2,18.80973676389556
3,9.80536248793702
4,6.47900907834415
5,6.357957034465953
