epoch,gBest_fitness
1,1.820001595320918
2,2.300191908496624
3,2.5263786204998
4,1.8495044429485012
5,2.580099155920318
