epoch,gBest_fitness
1,6.4051327743838025
2,4.434636320964011
3,5.6047903258048555
4,3.260224866198109
5,2.6410141567430863
