epoch,gBest_fitness
1,4503.654283072961
2,1547.807206398176
3,729.0931243224207
4,289.3550033445766
5,160.2988029835114
