epoch,gBest_fitness
1,149.2783327279404
2,32.000049066759495
3,13.729596768191053
4,5.637695960694016
5,4.023209418682133
