epoch,gBest_fitness
1,503655.02739374136
2,36525.32968849678
3,6196.583084161701
4,2200.421849895697
5,873.1362782607399
