epoch,gBest_fitness
1,58714.49454716011
2,1542.95210266186
3,278.7419951547069
4,60.83849674670064
5,18.311356480158718
