epoch,gBest_fitness
1,981.2121483789145
2,377.6876007710921
3,182.52967973348385
4,119.34178204569558
5,86.89394693644917
