epoch,gBest_fitness
1,174469.89360244866
2,18429.288715745526
3,1011.955864720249
4,271.66178933591164
5,128.55913392994313
