epoch,gBest_fitness
1,99.49749856818501
2,22.568404483975115
3,9.806218758653692
4,7.500264546648426
5,5.056012761429681
