epoch,gBest_fitness
1,209.15531134738484
2,7.376414334251248
3,3.1283888704367535
4,4.2103273740904426
5,2.067043459352563
