epoch,gBest_fitness
1,9431.704327714251
2,729.4139281721768
3,88.5242481888305
4,24.9747941438484
5,5.126035126311178
