epoch,gBest_fitness
1,4.641322638147308
2,1.7316854164906825
3,2.4198845302414638
4,3.1328186256796178
5,1.4134987485506383
