epoch,gBest_fitness
1,1212580.496583032
2,116686.49364472169
3,17168.950069393828
4,6094.270878166117
5,1583.4183614829508
