epoch,gBest_fitness
1,100.30000408832413
2,8.213070726750598
3,3.133823468848883
4,3.7328741017172353
5,2.3728932770687248
