epoch,gBest_fitness
1,7180.827451584374
2,1703.8182663295754
3,616.5223480042771
4,262.981203293427
5,161.22319555508093
