epoch,gBest_fitness
1,480.3363452587593
2,9.098256696734762
3,6.816079576094005
4,5.562522002849414
5,3.3440903597470957
