epoch,gBest_fitness
1,997.7663934281463
2,498.3853283573816
3,170.34973050768753
4,112.45014499081415
5,74.51343861735013
