epoch,gBest_fitness
1,3.5375524118575967
2,2.156719567036852
3,3.845915668340227
4,1.844331833707074
5,2.723374549110631
