epoch,gBest_fitness
1,8573.855956900194
2,417.8920473577633
3,70.79288398927865
4,10.466147682270625
5,6.187285734059316
