epoch,gBest_fitness
1,533834.9400587422
2,26458.71964871662
3,6062.9119005651155
4,2228.1646570397093
5,1187.076710653309
