epoch,gBest_fitness
1,1.6265769393481455
2,4.164075518542681
3,2.321049968297733
4,3.131656640964924
5,2.373875874907464
