epoch,gBest_fitness
1,60009.89670837736
2,4.3016920204633795
3,2.2890439135497447
4,2.441543134531499
5,2.004097432766455
