epoch,gBest_fitness
1,1968885.8131964873
2,156.87589157762054
3,66.00639977041594
4,34.983197789207104
5,29.498796160841678
