epoch,gBest_fitness
1,134.27519358036758
2,27.50778927397535
3,13.810938769974133
4,5.984692067553587
5,5.143030365220374
