epoch,gBest_fitness
1,9209374.53951172
2,1270643.9749186176
3,340912.7408274421
4,149353.7401743826
5,103681.09188835128
