epoch,gBest_fitness
1,479201.4856953594
2,53077.233878307336
3,4550.850096417132
4,1457.9939902544716
5,667.3132287133567
