epoch,gBest_fitness
1,726.9087970550515
2,89.41517652058872
3,7.4026447837839875
4,3.6841214589079536
5,2.364376633462072
