epoch,gBest_fitness
1,4814.737888038192
2,1779.948597643379
3,1054.953663150695
4,595.7822259013918
5,356.80796694527163
