epoch,gBest_fitness
1,19.229018529326506
2,5.167772050234299
3,5.435684327259334
4,4.692376552212325
5,4.085124894234064
