epoch,gBest_fitness
1,20436.301810957935
2,10.46182152889757
3,5.202379070935552
4,3.690826616569571
5,4.228281103260058
