epoch,gBest_fitness
1,929.4690364453978
2,65.6294811603428
3,5.409882404683064
4,3.4532587620149395
5,2.672469081945261
