epoch,gBest_fitness
1,12159.138738270578
2,111.11988184896425
3,30.820399912093407
4,9.47734703346497
5,6.9390580011408005
