epoch,gBest_fitness
1,7445834.789712944
2,508287.482125567
3,218047.68768678518
4,112299.55595124459
5,78230.78567496437
