epoch,gBest_fitness
1,61410.39086992148
2,8880.2752236968
3,1767.3931632592712
4,493.0752273798241
5,209.59472580439578
