epoch,gBest_fitness
1,7232.5843291509955
2,1627.718399273675
3,184.9131371737769
4,57.32596210995035
5,13.90136440337572
