epoch,gBest_fitness
1,160139.83399095252
2,10317.150698192669
3,3272.5941799560214
4,1458.6188729534329
5,482.040258215228
