epoch,gBest_fitness
1,101.51220816461316
2,18.528212540055467
3,6.786907697097075
4,6.778100716525233
5,7.0373090132306855
