epoch,gBest_fitness
1,7626.974378401131
2,154.0617776768475
3,18.567128734690037
4,7.920024785812175
5,4.1019999499451005
