epoch,gBest_fitness
1,580.0517606076614
2,15.976969252390042
3,3.6192627472405214
4,3.3585998918437374
5,5.989026290497273
