epoch,gBest_fitness
1,29.853619210073944
2,5.461315178210983
3,6.524667030649865
4,4.12632353572604
5,2.902109769951345
