epoch,gBest_fitness
1,657.5461715526345
2,8.927725495819134
3,5.297503890925836
4,3.2226750823195536
5,2.417569016596587
