epoch,gBest_fitness
1,16147737.781451726
2,924684.286210588
3,447826.83252906473
4,115119.78125872136
5,62809.57959143331
