epoch,gBest_fitness
1,3.514224432735314
2,4.946907052413963
3,4.09038171885485
4,2.7517877828162676
5,2.89808429130914
