epoch,gBest_fitness
1,2.4874776025334784
2,3.844737625086413
3,3.2066370438795304
4,3.8117529026103423
5,4.632814453290495
