epoch,gBest_fitness
1,33.85279551384026
2,7.409316504134295
3,6.850352243770583
4,5.473662787366761
5,3.5493984721269283
