epoch,gBest_fitness
1,5557.956791843259
2,237.56092317041376
3,54.8075856554928
4,11.414776853436843
5,4.702012239557499
