epoch,gBest_fitness
1,9020013.68403709
2,888752.9797965785
3,282287.7854770258
4,124526.49996206159
5,61029.74968925473
