epoch,gBest_fitness
1,26762.530959343112
2,719.5729345675628
3,144.1323376643048
4,27.708538884898243
5,10.297632661025382
