epoch,gBest_fitness
1,27.016720967896553
2,1.6223726881733769
3,3.5010184346701525
4,3.6833152004013767
5,1.9669254475167541
