epoch,gBest_fitness
1,36.976819403906774
2,8.365548694357551
3,4.499513175483736
4,2.779465323333651
5,3.9544002758439483
