epoch,gBest_fitness
1,5010.289957180575
2,358.3369124678719
3,20.065796573070145
4,6.570968089711438
5,5.805481232127065
