epoch,gBest_fitness
1,6.8057188996439715
2,2.8083931024661988
3,2.60631530086279
4,2.0636279334926493
5,2.2029997129933907
