epoch,gBest_fitness
1,4902.045573144246
2,366.9490349293316
3,48.867681009909454
4,12.391764358051404
5,4.726827209099836
