epoch,gBest_fitness
1,9.948699742204162e-16
2,9.948699742204162e-16
3,9.948699742204162e-16
4,1.290887261416455e-16
5,1.290887261416455e-16
