epoch,gBest_fitness
1,4.999961137293144e-119
2,4.999961137293144e-119
3,4.999961137293144e-119
4,4.999961137293144e-119
5,4.999961137293144e-119
