epoch,gBest_fitness
1,2.61053464113456e-19
2,2.61053464113456e-19
3,2.2223706987784478e-20
4,2.2223706987784478e-20
5,2.2223706987784478e-20
