epoch,gBest_fitness
1,1.903353947350342e-117
2,1.903353947350342e-117
3,1.2850437665450843e-126
4,1.2850437665450843e-126
5,1.2850437665450843e-126
