epoch,gBest_fitness
1,1.2626431044487072e-107
2,3.2022889584801954e-115
3,3.2022889584801954e-115
4,1.6792818227888312e-120
5,2.3259573747300758e-122
