epoch,gBest_fitness
1,3.7193758256509555e-17
2,3.7193758256509555e-17
3,3.7193758256509555e-17
4,3.7193758256509555e-17
5,3.7193758256509555e-17
