epoch,gBest_fitness
1,4.600521498603778e-131
2,4.600521498603778e-131
3,4.600521498603778e-131
4,4.600521498603778e-131
5,4.600521498603778e-131
