epoch,gBest_fitness
1,1.6492154133993393e-16
2,3.3661353010528535e-24
3,3.3661353010528535e-24
4,3.3661353010528535e-24
5,3.3661353010528535e-24
