epoch,gBest_fitness
1,2.303657036364325e-13
2,1.4767787996310708e-15
3,1.2903338541533632e-18
4,1.2903338541533632e-18
5,1.2903338541533632e-18
