epoch,gBest_fitness
1,9.515588121107024e-15
2,8.132254396463439e-19
3,8.132254396463439e-19
4,8.132254396463439e-19
5,8.132254396463439e-19
