epoch,gBest_fitness
1,8.45380877455924e-13
2,1.9617943795193077e-13
3,4.365867452274276e-14
4,5.2978853466259534e-15
5,5.2978853466259534e-15
