epoch,gBest_fitness
1,2.3315790698183844e-102
2,3.460256867997497e-114
3,3.460256867997497e-114
4,6.757844231192468e-120
5,6.757844231192468e-120
