epoch,gBest_fitness
1,3.011623707953837e-16
2,3.011623707953837e-16
3,9.077111310246875e-19
4,9.077111310246875e-19
5,9.077111310246875e-19
