epoch,gBest_fitness
1,3.392024817070509e-106
2,1.4264827969133887e-125
3,1.4264827969133887e-125
4,1.4264827969133887e-125
5,1.4264827969133887e-125
