epoch,gBest_fitness
1,2.3274717531912324e-120
2,2.3274717531912324e-120
3,2.3274717531912324e-120
4,2.3274717531912324e-120
5,2.3274717531912324e-120
