epoch,gBest_fitness
1,2.3602085361365606e-113
2,5.287607284349917e-117
3,3.457030658095764e-125
4,3.457030658095764e-125
5,3.457030658095764e-125
