epoch,gBest_fitness
1,5.998526389589933e-118
2,5.998526389589933e-118
3,5.998526389589933e-118
4,2.8373588118906214e-121
5,2.8373588118906214e-121
