epoch,gBest_fitness
1,-55.889595433636124
2,-59.31450534547632
3,-60.66560189694412
4,-63.88765078833076
5,-64.65857555041916
