epoch,gBest_fitness
1,-45.088644982171886
2,-49.91064886412741
3,-53.57355084234455
4,-55.133928524576596
5,-56.54592133971775
