epoch,gBest_fitness
1,-42.22513692790481
2,-47.650449878057664
3,-52.24048636924129
4,-54.64089171019381
5,-56.304517533414504
