epoch,gBest_fitness
1,-56.59996868333045
2,-61.63513272192745
3,-64.4771882506496
4,-65.7605688227146
5,-66.75378794748364
