epoch,gBest_fitness
1,-54.53388540400666
2,-60.470358727069545
3,-63.00230283785139
4,-67.07023516762322
5,-67.96829486477765
