epoch,gBest_fitness
1,-26.861725622140867
2,-48.16668883434536
3,-54.29222300759751
4,-56.55624167469319
5,-58.54573726340331
