epoch,gBest_fitness
1,-60.56851420601504
2,-63.2482655678113
3,-64.45001546094608
4,-64.93089749396103
5,-64.99348048558127
