epoch,gBest_fitness
1,-69.4716586709437
2,-70.7407715914642
3,-71.13229514497927
4,-71.22450840226016
5,-71.25041792621333
