epoch,gBest_fitness
1,-57.78417942598491
2,-60.72248715443858
3,-62.19839160057167
4,-65.38032525976102
5,-66.91351278043685
