epoch,gBest_fitness
1,45.96911525049492
2,-53.59981645024194
3,-60.56453625952703
4,-63.45406494465012
5,-64.38855990618451
