epoch,gBest_fitness
1,160.34351941473076
2,-33.536152567564635
3,-53.47568235368904
4,-57.128078144278874
5,-58.876704466538
