epoch,gBest_fitness
1,-57.14735653646682
2,-62.55444720174027
3,-63.53448935472046
4,-63.892721641401586
5,-64.08783972367033
