epoch,gBest_fitness
1,3482.157741281044
2,370.3732142691422
3,74.0085368017397
4,-24.375052288125694
5,-38.896740673302425
