epoch,gBest_fitness
1,-45.93923968557356
2,-49.9834635428217
3,-52.743582312467005
4,-55.60018807099682
5,-57.138997939061454
