epoch,gBest_fitness
1,-64.19175017231127
2,-65.34157152826239
3,-65.5090940691333
4,-65.58719463399426
5,-65.59666446588889
