epoch,gBest_fitness
1,-58.793412834556186
2,-62.34407384351699
3,-65.28163658877095
4,-66.59938284376427
5,-67.16381431829937
