epoch,gBest_fitness
1,-56.40292513093521
2,-62.250115719245116
3,-63.746997579833604
4,-64.80690656919667
5,-65.48982080475794
