epoch,gBest_fitness
1,-64.9280817211614
2,-66.69891545879389
3,-66.97169099817303
4,-67.00968863081087
5,-67.01917019502109
