epoch,gBest_fitness
1,-12.150847061984134
2,-51.338867138459904
3,-58.51085228085247
4,-60.3201557707261
5,-61.70723099838206
