epoch,gBest_fitness
1,-52.88883704955636
2,-66.40310401673267
3,-68.38148631599736
4,-69.52397323889505
5,-69.63924126973941
