epoch,gBest_fitness
1,64.10010605813515
2,-45.50347423377912
3,-54.69294569158768
4,-58.98793637941508
5,-60.9794612040004
