epoch,gBest_fitness
1,-57.53963267090925
2,-59.97324019281543
3,-60.96326289389875
4,-61.60374775488319
5,-62.692670621390675
