epoch,gBest_fitness
1,-53.99968547440738
2,-65.2790351161865
3,-68.84181071512933
4,-71.1108172887429
5,-71.8015670321832
