epoch,gBest_fitness
1,2192.524106800285
2,416.58289554806953
3,43.26951945641894
4,-6.132685626609893
5,-32.14131518542755
