epoch,gBest_fitness
1,-62.926441262090684
2,-63.87132681398789
3,-64.13863907181475
4,-64.17665170472685
5,-64.18801948326767
