epoch,gBest_fitness
1,-46.207734439776544
2,-49.062838415599124
3,-52.698993937114366
4,-54.536014816261854
5,-56.346706363669476
