epoch,gBest_fitness
1,-65.08158261421823
2,-66.38829336513616
3,-67.56598978841666
4,-67.78246833157576
5,-67.87835358309874
