epoch,gBest_fitness
1,-46.055422655399234
2,-55.3435515708289
3,-57.59384361063422
4,-58.97549196824707
5,-60.4437844376051
