epoch,gBest_fitness
1,-41.281502734748464
2,-58.05174841066501
3,-64.21687907308058
4,-66.75156563007305
5,-67.79066851192789
