epoch,gBest_fitness
1,-40.75320640754023
2,-64.33507048421343
3,-66.4313974647479
4,-66.8304516359496
5,-66.96695345768957
