epoch,gBest_fitness
1,2922.347283097126
2,204.5320474611148
3,10.557021944017476
4,-11.018210515393596
5,-21.38169762515775
