epoch,gBest_fitness
1,1787.2063233299984
2,143.96253654255187
3,36.26798159807091
4,-16.142202154051105
5,-32.88908689660527
