epoch,gBest_fitness
1,0.7640219096133601
2,0.01898214637760076
3,0.7840269682285012
4,0.8672405001877275
5,0.6257443618266753
