epoch,gBest_fitness
1,0.8646279926776901
2,0.6394078635192321
3,0.6776272202092273
4,0.563299605975851
5,0.6431446978554338
