epoch,gBest_fitness
1,0.8303816220906631
2,0.8016128068129484
3,0.36110645051474993
4,0.029021451560274955
5,0.40155701942001326
