epoch,gBest_fitness
1,0.939614506909706
2,0.22493238600699855
3,0.4060182373111617
4,0.6251170311321488
5,0.5972207285564102
