epoch,gBest_fitness
1,0.9205762229013751
2,0.5577690360497157
3,0.42902480277995914
4,0.8638253422506507
5,0.6152515803985019
