epoch,gBest_fitness
1,0.9429146384596633
2,0.9240880201980567
3,0.5429558151658622
4,0.6291004901333132
5,0.3778417187032865
