epoch,gBest_fitness
1,0.02869898290869241
2,0.10781212313509789
3,0.052877402619195796
4,0.6919825122654925
5,0.03541744015221533
