epoch,gBest_fitness
1,0.996033116695504
2,0.5340557404215783
3,0.032701157294503735
4,0.20049502051024787
5,0.19290385780649752
