epoch,gBest_fitness
1,0.6291627472272503
2,0.5181440012514681
3,0.5449854514007844
4,0.7643579296494069
5,0.7208722633131727
