epoch,gBest_fitness
1,0.8227772857546539
2,0.2858600530505472
3,0.32372796721830255
4,0.96368966662034
5,0.11126075772932154
