epoch,gBest_fitness
1,0.39080934730585787
2,0.07080712121447859
3,0.452073937681249
4,0.6041456635834084
5,0.32587967131143963
