epoch,gBest_fitness
1,0.07837101204310493
2,0.6743924983327833
3,0.4781686854368986
4,0.5699322361066333
5,0.7349181417474204
