epoch,gBest_fitness
1,0.7103791614468387
2,0.145529288242802
3,0.2899820910775185
4,0.29648382656905004
5,0.8473819210121495
