epoch,gBest_fitness
1,0.22437805419754575
2,0.8598177156855622
3,0.5560027723628171
4,0.6264055998974406
5,0.3498498896193672
