epoch,gBest_fitness
1,0.2825600133217135
2,0.6401792229972942
3,0.6673258387044981
4,0.8678930823727121
5,0.24113290643177618
