epoch,gBest_fitness
1,0.8210513738327502
2,0.6881756789795689
3,0.812198301398835
4,0.49201840665783453
5,0.15413396352720293
