epoch,gBest_fitness
1,0.3709869126602599
2,0.04576634143402351
3,0.37684661781682677
4,0.8809633879229409
5,0.05756329949870011
