epoch,gBest_fitness
1,0.4751166059897373
2,0.8630996870325033
3,0.20316563109469765
4,0.05769242534518927
5,0.0383570279154577
