epoch,gBest_fitness
1,0.6384010857166329
2,0.39522010248799555
3,0.4791915511035775
4,0.7720390013583591
5,0.9481406828390786
