epoch,gBest_fitness
1,0.5705866936620825
2,0.009455533291761298
3,0.2685100290239356
4,0.058454962340399486
5,0.6652172257748236
