epoch,gBest_fitness
1,0.01654762890308692
2,0.31574662695978506
3,0.48318567760810627
4,0.7646213563515613
5,0.752999691183802
