epoch,gBest_fitness
1,0.9260920342693822
2,0.578730699933185
3,0.6114753252421239
4,0.02813770709171981
5,0.21856359574334758
