epoch,gBest_fitness
1,0.7413055539283439
2,0.06687603601347991
3,0.6430969400498628
4,0.7186881254970976
5,0.08282937170300657
