epoch,gBest_fitness
1,0.9808597271344599
2,0.908981326344475
3,0.3115555739768087
4,0.09944882872690683
5,0.2762885639026937
