epoch,gBest_fitness
1,0.750620056619451
2,0.5081007345702927
3,0.6763860915506789
4,0.22936033033223457
5,0.7456433057537583
