epoch,gBest_fitness
1,0.34361089943962414
2,0.0033559557760284757
3,0.36195563007042314
4,0.17054467584980154
5,0.6325072596251778
