epoch,gBest_fitness
1,0.8241398995960677
2,0.6526744704139418
3,0.5349932329618735
4,0.4772266142076309
5,0.043840618757988836
