epoch,gBest_fitness
1,0.2714902773613965
2,0.860277707008357
3,0.4730428813738402
4,0.3956218620979384
5,0.9900877280375222
