epoch,gBest_fitness
1,0.40788748356440807
2,0.34575832319311184
3,0.2949759801016021
4,0.019982656073077698
5,0.18217552196975362
