epoch,gBest_fitness
1,0.19545712534309112
2,0.8522593745985292
3,0.6126230073632637
4,0.18406928925730415
5,0.04204663995854328
