epoch,gBest_fitness
1,0.9085009739771202
2,0.5185032020934435
3,0.0833328615363321
4,0.3123913576175012
5,0.81291808269221
