epoch,gBest_fitness
1,0.25387372235462025
2,0.519095854228578
3,0.29019245737612454
4,0.7126065349642934
5,0.9369112116693622
