epoch,gBest_fitness
1,0.23857512704229683
2,0.29393193994758154
3,0.018059852428647695
4,0.5383175163081103
5,0.7901641492201258
