epoch,gBest_fitness
1,0.06958548765830623
2,0.11722923401422285
3,0.9606473982780087
4,0.14002759749921373
5,0.5333304734339109
