epoch,gBest_fitness
1,0.8992168098474957
2,0.922000807377443
3,0.8138646291916437
4,0.6617582881134114
5,0.453640471324549
