epoch,gBest_fitness
1,0.48695580561691104
2,0.6034698223939418
3,0.3111098607702604
4,0.8155122696785604
5,0.7104407336963743
