epoch,gBest_fitness
1,0.6777845766547208
2,0.19893266200315263
3,0.45139346739330766
4,0.9128830472994175
5,0.5616082237142415
