epoch,gBest_fitness
1,0.21566412994859818
2,0.17366555578049625
3,0.616723800686643
4,0.11570419707165647
5,0.3576354934546767
