epoch,gBest_fitness
1,0.02278428713482252
2,0.5143933950421498
3,0.8460178523870474
4,0.6639444457856475
5,0.47513571757727846
