epoch,gBest_fitness
1,0.37759665396534275
2,0.476791834689416
3,0.31604947183097326
4,0.49497670306211267
5,0.4990653254705257
