epoch,gBest_fitness
1,0.39238049506997896
2,0.4269264497787224
3,0.8973227387435542
4,0.5608029750165953
5,0.8011685225691886
