epoch,gBest_fitness
1,0.6074644628627772
2,0.5409029587895536
3,0.332680237766681
4,0.03430986658498103
5,0.03508614720612091
