epoch,gBest_fitness
1,0.9265681858238387
2,0.29962189002316925
3,0.23705088022787874
4,0.16618724773055774
5,0.010425970058041393
