epoch,gBest_fitness
1,0.3042609488719303
2,0.8659419071283878
3,0.9730395374009652
4,0.5484110376954752
5,0.0987372911522865
