epoch,gBest_fitness
1,0.8960634285648237
2,0.6500633442269772
3,0.35436868983164327
4,0.505324372806963
5,0.802333647331613
