epoch,gBest_fitness
1,0.18805010874469674
2,0.01532076837862048
3,0.03575346212512462
4,0.9330211460648566
5,0.33432551849343084
