epoch,gBest_fitness
1,0.6985330533296583
2,0.9305718884651574
3,0.03731350666690192
4,0.37604873797499405
5,0.5449219892435295
