epoch,gBest_fitness
1,0.5576955902104542
2,0.730541185273831
3,0.12807522738655455
4,0.027557681822780972
5,0.2462315040863674
