epoch,gBest_fitness
1,0.5911402482616936
2,0.6516900723210752
3,0.018454923241389865
4,0.6580463059358699
5,0.9486632745314516
