epoch,gBest_fitness
1,0.22333338442068462
2,0.4672453414794756
3,0.36308696185982803
4,0.37934221292736814
5,0.08743586761948166
