epoch,gBest_fitness
1,0.8018405165528858
2,0.9887255873956493
3,0.358761184571424
4,0.41494214436560234
5,0.9982877077145708
