epoch,gBest_fitness
1,0.3692335193102713
2,0.1830649065829928
3,0.9327510942299517
4,0.3687644821574426
5,0.3696724899201368
