epoch,gBest_fitness
1,0.16983977027138952
2,0.8954952078707881
3,0.10838427138268156
4,0.7359997595297568
5,0.7599697647068183
