epoch,gBest_fitness
1,0.3154412219303807
2,0.16626947513468332
3,0.7654943202905534
4,0.21414607366343796
5,0.5179838867322942
