epoch,gBest_fitness
1,0.5418354144319409
2,0.3512451174717883
3,0.6409704948282294
4,0.1468606045591775
5,0.7185917243476742
