epoch,gBest_fitness
1,0.20009817390675877
2,0.028596830639204485
3,0.5515424105273413
4,0.2916814690801499
5,0.0575609798543939
