epoch,gBest_fitness
1,0.592936589605093
2,0.21309234243154834
3,0.5045096837520939
4,0.48805164154237474
5,0.2638008446991753
