epoch,gBest_fitness
1,0.8741161982357195
2,0.09984121459624418
3,0.4615390857807323
4,0.4831695122424623
5,0.5152329885040081
