epoch,gBest_fitness
1,0.6276275448384984
2,0.6493411452077626
3,0.4200387050315504
4,0.6692622329161325
5,0.505197883766497
