epoch,gBest_fitness
1,0.7536315609314311
2,0.7789783636745579
3,0.15814674423431474
4,0.3430241364055835
5,0.9187173518590256
