epoch,gBest_fitness
1,40414.16828168381
2,18330.714114961298
3,12233.894545362406
4,7631.905360261323
5,4496.560444502694
