epoch,gBest_fitness
1,874.8084338659764
2,44.304335173962755
3,15.27475555220806
4,8.784836040857181
5,5.357880726968363
