epoch,gBest_fitness
1,40.17104401466779
2,6.580143058723832
3,4.961425324576816
4,4.524178752245256
5,3.984655350127294
