epoch,gBest_fitness
1,36924.31989099531
2,3267.088959774687
3,472.2862741232228
4,351.79260007081245
5,248.07143830899707
