epoch,gBest_fitness
1,565808.2533483995
2,56986.34294406388
3,26954.057411464957
4,5806.882528208679
5,2385.4698590414696
