epoch,gBest_fitness
1,3.455239152299335
2,1.560302985189443
3,1.1762545052858755
4,0.883306399149381
5,0.7438850738433023
