epoch,gBest_fitness
1,46248.29204858995
2,22597.048709206523
3,12401.701999147128
4,8688.447463640323
5,6256.3391564694975
