epoch,gBest_fitness
1,887.8946335170516
2,280.32937343099763
3,208.99448221892845
4,148.49281483675097
5,16.981075346202907
