epoch,gBest_fitness
1,51443.315626904536
2,27142.80192206606
3,13843.53222333719
4,9975.65545797907
5,6240.431607525571
