epoch,gBest_fitness
1,6.366275761949075
2,1.8460463153293236
3,1.0681643517996475
4,0.8442812632924573
5,0.7760889953114893
