epoch,gBest_fitness
1,288.3852814091217
2,90.5051008886551
3,34.842476083257274
4,13.782927770278382
5,6.191139721012053
