epoch,gBest_fitness
1,112487.45418712318
2,2404.2108429034306
3,637.0470756721919
4,252.8669441873955
5,172.57418313862476
