epoch,gBest_fitness
1,13570.359750895603
2,1148.6346628112294
3,482.92343802938296
4,92.73404155175291
5,34.55196990673577
