epoch,gBest_fitness
1,6472.3628695192565
2,1062.1232651296286
3,390.21208258242916
4,32.0860554092935
5,14.683685522686678
