epoch,gBest_fitness
1,4319.583078496002
2,901.4404722245532
3,417.4431843719329
4,245.06522649055466
5,137.98748842515903
