epoch,gBest_fitness
1,1776391.3310538442
2,169252.65963886553
3,41817.12944732018
4,14003.73928440034
5,7345.312323944363
