epoch,gBest_fitness
1,4199.778626563609
2,1124.528397222993
3,448.8889177869877
4,198.57958267340263
5,99.59347969541022
