epoch,gBest_fitness
1,20.728602220818132
2,7.11397421704083
3,5.448819065609957
4,2.2915698762413412
5,1.2923124646445125
