epoch,gBest_fitness
1,95720477.11756928
2,10096423.665145166
3,3886799.364996008
4,1719975.9556215052
5,934321.5023094491
