epoch,gBest_fitness
1,6196.426972637529
2,1120.2397256780926
3,568.1190169177808
4,320.6065257688694
5,178.99744438525477
