epoch,gBest_fitness
1,68430.72887089511
2,33942.486016685136
3,18799.10632587102
4,7997.212566191331
5,5235.504857758651
