epoch,gBest_fitness
1,130.25878914439554
2,33.46557741114322
3,19.481569421657742
4,11.97747547614583
5,9.907449900352375
