epoch,gBest_fitness
1,87186054.32411878
2,9357595.51315701
3,1691460.7827136235
4,567832.4655943111
5,341601.62974904437
