epoch,gBest_fitness
1,1768.2647826486318
2,98.2070084217291
3,34.465664069527875
4,12.730395209751165
5,7.160278311488526
