epoch,gBest_fitness
1,10146.01241122817
2,1533.182076749217
3,583.8431247541137
4,243.70158134043862
5,91.41757890527178
