epoch,gBest_fitness
1,2126750.9244848085
2,113807.41841180692
3,37105.61805730223
4,15355.640928821455
5,7937.248509868568
