epoch,gBest_fitness
1,42736512.153273016
2,4147420.128885196
3,1871892.3438592367
4,1183215.6124306847
5,881625.9420397369
