epoch,gBest_fitness
1,1744.333466711739
2,72.52367445620679
3,33.91385528709696
4,15.078296513042588
5,8.897793435631554
