epoch,gBest_fitness
1,27545294.272147145
2,4720428.973985347
3,1581040.9768411806
4,640546.2107297616
5,424309.2359302333
