epoch,gBest_fitness
1,867455.7033436126
2,84321.96758367977
3,24276.785526390024
4,10443.417031211551
5,6301.771255242943
