epoch,gBest_fitness
1,345.6877050182315
2,57.17307296561895
3,17.68781627530866
4,12.775119174769456
5,8.40863780052799
