epoch,gBest_fitness
1,179.6891509253935
2,59.37119855699811
3,24.139766086145322
4,15.608720190083568
5,10.792906714719432
