epoch,gBest_fitness
1,12657.125902977932
2,2926.710320902747
3,768.8204607236239
4,357.9330146580225
5,213.65086359429515
