epoch,gBest_fitness
1,17090.847159413144
2,3449.839446468939
3,1473.2086471552377
4,870.4059593438913
5,630.4929122378542
