epoch,gBest_fitness
1,93.78244041810697
2,13.816192635210355
3,5.703265864548646
4,0.3651636676180324
5,0.05304035144351647
