epoch,gBest_fitness
1,138493.6347992052
2,52861.56970857081
3,21793.34554143412
4,12296.098725557238
5,8926.900972389258
