epoch,gBest_fitness
1,136.9062515660959
2,34.01566268218143
3,3.9204671523623253
4,0.8201674086998074
5,0.13967847624012183
