epoch,gBest_fitness
1,213517.03896107347
2,44706.83920149187
3,19680.75240241105
4,13453.219603635645
5,10345.588554332111
