epoch,gBest_fitness
1,3134.9633442432314
2,306.79719351979236
3,217.45021519734246
4,32.687792388094536
5,11.287878379800569
