epoch,gBest_fitness
1,3674.397265252188
2,1917.8038055407671
3,1226.8843496239735
4,927.2622109950886
5,684.331910428195
