epoch,gBest_fitness
1,312.0836724296719
2,159.56774903499573
3,81.18182806481289
4,60.09983244173193
5,40.59501730484873
