epoch,gBest_fitness
1,393.0295812172315
2,221.4385639105275
3,131.16380070431887
4,108.45553055780891
5,74.56692050508195
