epoch,gBest_fitness
1,1.8461055670486843
2,0.46858478153271055
3,0.14818407941879927
4,0.04541893818326554
5,0.016006018495197602
