epoch,gBest_fitness
1,15689.31361510966
2,6560.71697542979
3,1852.7741971832822
4,1320.9455056290637
5,787.8452887900887
