epoch,gBest_fitness
1,256.3795789593533
2,79.11653785133717
3,10.454949771121747
4,2.664614053295441
5,0.8166695935820099
