epoch,gBest_fitness
1,5.3254346057759685
2,1.002039299930398
3,0.24464846478712407
4,0.07781348406815794
5,0.027910147600180776
