epoch,gBest_fitness
1,284491.94194017065
2,60461.447185551086
3,35563.28231024176
4,25915.38142642531
5,14377.321272803041
