epoch,gBest_fitness
1,140.99580184156156
2,31.658717424706957
3,12.692467368905431
4,6.3130750485017595
5,1.3721417956471942
