epoch,gBest_fitness
1,67.34738701168418
2,26.648573852040787
3,14.173843325225238
4,7.705930591458051
5,4.545507489813974
