epoch,gBest_fitness
1,59.03629904654571
2,11.186133226424243
3,4.920611555699193
4,3.2055867309162123
5,2.2458409441647693
