epoch,gBest_fitness
1,623.572970224768
2,158.17729714013308
3,69.05507589761797
4,35.783402351401534
5,17.875011351588054
