epoch,gBest_fitness
1,38.772748437472785
2,17.48936444299338
3,5.457807264679032
4,2.563066997897679
5,1.2116824566689584
