epoch,gBest_fitness
1,928.1667745141236
2,264.85345597954574
3,73.05042243131179
4,21.44786868095953
5,12.722944964229084
