epoch,gBest_fitness
1,3.1851438255957576
2,1.6596660242088892
3,0.9738970796019726
4,0.5091872466503735
5,0.2640569669582075
