epoch,gBest_fitness
1,111.05534681688766
2,18.590347577540896
3,3.8433877907852043
4,1.8767442401860936
5,0.9855342231640447
