epoch,gBest_fitness
1,64793.75373111269
2,20252.063537071317
3,12057.659163163848
4,9163.773507098353
5,6996.331989891226
