epoch,gBest_fitness
1,39.3616661043279
2,14.154810908257234
3,6.776756041125618
4,3.681449587924906
5,3.011378135857216
