epoch,gBest_fitness
1,9.560023205898178
2,2.0687595974453616
3,0.6212185515886288
4,0.33674091136399703
5,0.11432172456739916
