epoch,gBest_fitness
1,10.242362903173118
2,1.0852700137463764
3,0.24508720702667142
4,0.06041238959192593
5,0.022763340790335398
