epoch,gBest_fitness
1,103.02692052816289
2,53.15744803488484
3,34.13629641491439
4,17.474020428677395
5,13.061331728806156
