epoch,gBest_fitness
1,401.2233398517708
2,179.37503701066072
3,138.48761187552148
4,96.44184209269963
5,66.69722378040191
