epoch,gBest_fitness
1,165817.0612589285
2,39252.21934388985
3,17053.0066583566
4,9736.021750074313
5,7052.454212485176
