epoch,gBest_fitness
1,200992.44810838407
2,45189.35707741887
3,19405.28447773115
4,11942.839923740126
5,10256.07767435764
