epoch,gBest_fitness
1,4811.722292645514
2,14.76259609011891
3,7.0306377077649875
4,2.496072510871186
5,1.2971338195272855
