epoch,gBest_fitness
1,3.5803452827442532
2,0.9013487622233229
3,0.3512469256308923
4,0.14534700646822768
5,0.021439659994292478
