epoch,gBest_fitness
1,2028.8954793261146
2,267.71779610433714
3,162.3790567723879
4,122.0548333834755
5,68.26386437758771
