epoch,gBest_fitness
1,224.38834603938506
2,83.61198832843395
3,2.001358564625308
4,0.2706959172450982
5,0.14946383864099375
