epoch,gBest_fitness
1,4979.862370814401
2,1257.8060530059752
3,737.4009262455643
4,561.8494061060998
5,261.08411619035684
