epoch,gBest_fitness
1,9497.712373846658
2,2554.1630995015666
3,1425.0811536116114
4,1033.7824612014876
5,629.476397765768
