epoch,gBest_fitness
1,24008.563175289128
2,2186.9490165727607
3,1128.4843969331616
4,591.2117310032925
5,313.500253034929
