epoch,gBest_fitness
1,2267.289216489378
2,1322.741482899855
3,889.9238317929285
4,622.6771274319999
5,439.51966464549974
