epoch,gBest_fitness
1,8.432274111793447
2,0.7871954221608557
3,0.2651786874516962
4,0.11191660435071353
5,0.08170742967906514
