epoch,gBest_fitness
1,8.658539337367774
2,5.036760799128456
3,2.3830629253615996
4,0.7543044905526899
5,0.47237775264710985
