epoch,gBest_fitness
1,146306.6979367584
2,38334.22070650302
3,14971.047737819466
4,9480.501819153373
5,5931.466538180178
