epoch,gBest_fitness
1,4.506958302135704
2,0.2951880955212448
3,0.1090647124680557
4,0.04874565409877065
5,0.018949072997401072
