epoch,gBest_fitness
1,229.245906095326
2,114.19531435307863
3,67.73535385028346
4,48.62651523702062
5,30.310250022651367
