epoch,gBest_fitness
1,361.2959730749473
2,68.8018186304793
3,36.34997300994404
4,27.641533088640006
5,21.2113618867379
