epoch,gBest_fitness
1,31.92685682844384
2,1.051742594972201
3,0.15963484184247786
4,0.05298053763839293
5,0.037519226901773964
