epoch,gBest_fitness
1,144.31619960033126
2,79.7269461151015
3,54.18735150417709
4,37.77863403882294
5,29.030669778838334
