epoch,gBest_fitness
1,2958.621407250218
2,744.9864550275995
3,373.225091503448
4,225.58104309853292
5,156.44229317619613
