epoch,gBest_fitness
1,2084.8632583665985
2,1098.1299927306286
3,508.60794158588715
4,317.6222261848076
5,254.20434244508664
