epoch,gBest_fitness
1,96.11056985937782
2,26.620958058641467
3,10.237813906614583
4,5.676576354454223
5,3.157069426755187
