epoch,gBest_fitness
1,424.9634176704717
2,120.94328081716934
3,63.928568598066
4,34.42336213303928
5,21.492549640579856
