epoch,gBest_fitness
1,13374.603784604999
2,3337.1220498744988
3,1088.5384502463296
4,642.0399367215454
5,385.7544087861287
