epoch,gBest_fitness
1,127822.8548905203
2,46419.91558830214
3,22668.794960512452
4,14499.121006829104
5,10753.09809541364
