epoch,gBest_fitness
1,200.7490544423248
2,16.40448190350749
3,2.2985416064676163
4,0.8452357915320348
5,0.1450321590928468
