epoch,gBest_fitness
1,992.5603489732943
2,208.5772528992359
3,58.5061822385765
4,18.62640008899855
5,12.974849762771282
