epoch,gBest_fitness
1,336.2334150741467
2,187.28233565634068
3,121.68990433745456
4,63.88197908112965
5,45.5629852402318
