epoch,gBest_fitness
1,2214.6334458205874
2,1075.640639299043
3,707.7672567543021
4,486.784032816855
5,352.5168851437133
