epoch,gBest_fitness
1,156.07651939759896
2,73.82708164347171
3,46.84438657573232
4,28.074593011032196
5,23.665522587837486
