epoch,gBest_fitness
1,15003.213014446108
2,3109.8475053488182
3,1308.2260498592893
4,560.620711289967
5,302.50453686191014
