epoch,gBest_fitness
1,99.943303011574
2,45.97712582644311
3,30.573795991969153
4,20.023738852478466
5,14.405013470750411
