epoch,gBest_fitness
1,1285.3166336936895
2,379.6558113701806
3,108.4420600347597
4,60.402185465172394
5,26.73576899380455
