epoch,gBest_fitness
1,2768.5740409085656
2,1592.4597172355413
3,1170.8585873475938
4,898.8355413528815
5,764.7086846819395
