epoch,gBest_fitness
1,244718.66251409997
2,69430.23717134455
3,30300.865771322526
4,18491.29392709651
5,11526.750609634877
