epoch,gBest_fitness
1,1700.6342278865902
2,286.35891564343655
3,118.36137425048521
4,26.31955936621113
5,12.408641943028263
