epoch,gBest_fitness
1,67.7277050116179
2,24.971758686137434
3,9.461268877666672
4,2.18195449944659
5,1.096497969290041
