epoch,gBest_fitness
1,8.79645900493413
2,3.60444692351992
3,1.5209659161555489
4,0.12750037451056345
5,0.04221907188304094
