epoch,gBest_fitness
1,63046.89542275908
2,1100.061821039573
3,639.5490804988847
4,455.7544044748651
5,351.4083102010639
