epoch,gBest_fitness
1,69.32780081720571
2,11.548504526801342
3,4.52703542318637
4,2.8722748836582617
5,1.2132755247682825
