epoch,gBest_fitness
1,21323.53306025994
2,3929.4614252815422
3,1678.7440632372327
4,613.362240087906
5,228.58650027150185
