epoch,gBest_fitness
1,1461.4282324763706
2,359.5935591317119
3,86.38598003934352
4,27.801397733978447
5,20.053595446176345
