epoch,gBest_fitness
1,50.08137926298758
2,14.58071015459086
3,5.918851817915259
4,1.6922254676299329
5,0.9467068508803377
