epoch,gBest_fitness
1,136.8291619430025
2,28.801125028278555
3,5.1387641906962465
4,1.9848752485528303
5,0.4551642350874362
