epoch,gBest_fitness
1,127.97676116391723
2,29.58524210342267
3,7.1867238818738
4,3.284927405896002
5,1.0310623143727282
