epoch,gBest_fitness
1,1866.7038830319225
2,1038.0728767496744
3,197.39500089179853
4,142.789411102594
5,27.185147678571578
