epoch,gBest_fitness
1,91699.02924674284
2,32120.903131377105
3,17138.411954270385
4,13002.314427128633
5,10434.860218158823
