epoch,gBest_fitness
1,13636.48508538673
2,5520.717830170448
3,1790.3657442027281
4,949.110662287581
5,507.2399015305925
