epoch,gBest_fitness
1,2.2604739647612644
2,0.4554825961390111
3,0.2408115422461533
4,0.09598768934755011
5,0.027592173053325182
