epoch,gBest_fitness
1,2759.2405022062694
2,417.1632416528302
3,130.7970201630974
4,60.74856302362868
5,23.614977758054483
