epoch,gBest_fitness
1,36.4631038114273
2,9.983751933179013
3,6.377455281424912
4,3.8338901283197107
5,2.9962132278697564
