epoch,gBest_fitness
1,245.76628669494622
2,64.85819773705553
3,30.82858689212481
4,22.67750634695559
5,16.852062897249557
