epoch,gBest_fitness
1,910.627018732657
2,43.87043341272688
3,18.037369217070065
4,2.180950220187786
5,0.7130146416935751
