epoch,gBest_fitness
1,280.26596862372594
2,40.14796183004024
3,2.7802984691776906
4,0.6987853045111011
5,0.23117074067992407
