epoch,gBest_fitness
1,9198.893049046865
2,2480.9891260751247
3,1478.9471842418895
4,306.4349993835906
5,228.96607177453637
