epoch,gBest_fitness
1,13.683456774545578
2,1.60493256522042
3,0.5195220950247437
4,0.23618037999694896
5,0.09708310475614833
