epoch,gBest_fitness
1,8582.315518154255
2,1854.294817205859
3,1337.0990869288323
4,663.5604949361531
5,411.1282330832109
