epoch,gBest_fitness
1,2501.626321016546
2,967.7095333255536
3,602.9046408519903
4,410.37373398391827
5,326.51286745755186
