epoch,gBest_fitness
1,2810.543111891699
2,1327.7365295697052
3,811.8548856770459
4,608.616349690247
5,409.1281134561474
