epoch,gBest_fitness
1,2342.0264852625864
2,1419.7367268334287
3,1142.0607374298907
4,868.311690496176
5,698.0057003727192
