epoch,gBest_fitness
1,24.93143135490219
2,6.320175471145606
3,0.8319485113483259
4,0.15010910324008384
5,0.02754717206524069
