epoch,gBest_fitness
1,1730.40952344293
2,714.6390878806594
3,273.61336432783673
4,91.90405832535667
5,24.929469854626532
