epoch,gBest_fitness
1,524.5351260696468
2,52.37556326432506
3,7.576204960510351
4,2.7924631798690758
5,0.760261542552864
