epoch,gBest_fitness
1,142038.6673235048
2,43383.94497577332
3,23759.26763899143
4,17422.922057285436
5,13904.322061930518
