epoch,gBest_fitness
1,1895.5957574052682
2,300.8211425465173
3,97.6882249713571
4,14.714341809315385
5,7.961673264575644
