epoch,gBest_fitness
1,196213.68097785118
2,54490.93824249141
3,26039.885550768842
4,14110.105976076402
5,8880.866248739236
