epoch,gBest_fitness
1,2294.296661264892
2,1205.0068272729277
3,865.5343455979665
4,658.144988375856
5,427.1257260843075
