epoch,gBest_fitness
1,103457.87397598127
2,35457.448582240424
3,18061.57441303759
4,11048.190621617323
5,8595.609523432966
