epoch,gBest_fitness
1,4444.935555850697
2,2408.7790533151733
3,1691.1103947644751
4,1158.7142754882811
5,964.4476387729529
