epoch,gBest_fitness
1,62.881810172843224
2,19.75890444348811
3,9.946011423333458
4,5.825775031661709
5,3.1973384751279106
