epoch,gBest_fitness
1,1137.5332151419302
2,664.1880999241607
3,449.32878551393645
4,355.59445236480343
5,268.09021535477683
