epoch,gBest_fitness
1,158.56235531951455
2,78.42782356293354
3,47.817906409906215
4,27.06519438516476
5,18.17328766431469
