epoch,gBest_fitness
1,38.76563761733985
2,13.240744276305868
3,7.810172649417672
4,5.4968255608581025
5,3.0851907482497447
