epoch,gBest_fitness
1,15914.91840284508
2,3233.102988859812
3,1411.1177440646818
4,580.5998904762054
5,225.32086456920788
