epoch,gBest_fitness
1,4.654466781054734
2,0.3351966957744439
3,0.12946738810030523
4,0.04113322059906062
5,0.01671521009485981
