epoch,gBest_fitness
1,2199.0476652781635
2,460.60869501962856
3,172.93933825966872
4,41.26368868000858
5,12.726015188612648
