epoch,gBest_fitness
1,0.25535941315883315
2,0.25060592426865114
3,0.25060592426865114
4,0.25060592426865114
5,0.25060592426865114
