epoch,gBest_fitness
1,0.3308090813117567
2,0.25314224162573346
3,0.25314224162573346
4,0.25314224162573346
5,0.24945222364010705
