epoch,gBest_fitness
1,0.9849807761111059
2,0.5007664178859608
3,0.24431669685915228
4,0.24431669685915228
5,0.24431669685915228
