epoch,gBest_fitness
1,0.2834609461836105
2,0.2508539628429373
3,0.2508539628429373
4,0.2508539628429373
5,0.2508539628429373
