epoch,gBest_fitness
1,0.9977321835725719
2,0.500826296231564
3,0.5001522215568118
4,0.5001522215568118
5,0.5001522215568118
