epoch,gBest_fitness
1,0.9992381260772762
2,0.5004180240611951
3,0.5004180240611951
4,0.5000155427856269
5,0.5000155427856269
