epoch,gBest_fitness
1,0.9993315143994613
2,0.26222108488024887
3,0.26222108488024887
4,0.24979824055158747
5,0.24979824055158747
