epoch,gBest_fitness
1,0.2431227628891837
2,0.2431227628891837
3,0.2431227628891837
4,0.2431227628891837
5,0.2431227628891837
