epoch,gBest_fitness
1,0.2543358844853563
2,0.25063834754162645
3,0.25063834754162645
4,0.25063834754162645
5,0.25063834754162645
