epoch,gBest_fitness
1,0.5001187204661144
2,0.5000080114793349
3,0.5000080114793349
4,0.5000053770954823
5,0.5000053770954823
