epoch,gBest_fitness
1,0.25922923184426794
2,0.25922923184426794
3,0.256692166202677
4,0.1410123579012686
5,0.1410123579012686
