epoch,gBest_fitness
1,0.25012290967343787
2,0.25012290967343787
3,0.2500164000850993
4,0.2500164000850993
5,0.24996457021244317
