epoch,gBest_fitness
1,0.2522010458294295
2,0.2512100348632056
3,0.2512100348632056
4,0.24979500173078178
5,0.24979500173078178
