epoch,gBest_fitness
1,0.3404346949600778
2,0.3404346949600778
3,0.3125922548034771
4,0.3125922548034771
5,0.3125922548034771
