epoch,gBest_fitness
1,0.27955006804727167
2,0.2497579517953099
3,0.2497579517953099
4,0.2497579517953099
5,0.2497579517953099
