epoch,gBest_fitness
1,0.2518411646759226
2,0.2518411646759226
3,0.2518411646759226
4,0.2518411646759226
5,0.2518411646759226
