epoch,gBest_fitness
1,0.3330843386696236
2,0.2746069061218462
3,0.2746069061218462
4,0.24990057586771494
5,0.24990057586771494
