epoch,gBest_fitness
1,0.26623191784899486
2,0.24923724439289316
3,0.24923724439289316
4,0.24923724439289316
5,0.24923724439289316
