epoch,gBest_fitness
1,0.9454498599880361
2,0.5009637254204704
3,0.5000009918568352
4,0.5000009918568352
5,0.5000009918568352
