epoch,gBest_fitness
1,0.26000578187947143
2,0.2503810164740162
3,0.2503810164740162
4,0.2503810164740162
5,0.2503810164740162
