epoch,gBest_fitness
1,0.9776626581297151
2,0.35639051340012556
3,0.35639051340012556
4,0.35639051340012556
5,0.35639051340012556
