epoch,gBest_fitness
1,0.2829010793669348
2,0.2517168378286827
3,0.2517168378286827
4,0.25105562057371045
5,0.25105562057371045
