epoch,gBest_fitness
1,0.2513579734080567
2,0.2513579734080567
3,0.248693793724769
4,0.248693793724769
5,0.248693793724769
