epoch,gBest_fitness
1,0.9990499358332774
2,0.9989004029419936
3,0.9979838674134823
4,0.9585349852584347
5,0.9585349852584347
