epoch,gBest_fitness
1,0.26689466300896153
2,0.26689466300896153
3,0.26320995897805016
4,0.26320995897805016
5,0.25894873030155124
