epoch,gBest_fitness
1,0.9987862101960081
2,0.24991725710296434
3,0.24991725710296434
4,0.24991725710296434
5,0.24991725710296434
