epoch,gBest_fitness
1,0.9480002163693455
2,0.5002710492925442
3,0.5000111472946774
4,0.5000111472946774
5,0.5000111472946774
