epoch,gBest_fitness
1,0.25996353668197886
2,0.249443028785866
3,0.249443028785866
4,0.249443028785866
5,0.249443028785866
