epoch,gBest_fitness
1,0.7890436692149336
2,0.5000526675868291
3,0.5000526675868291
4,0.5000526675868291
5,0.5000526675868291
