epoch,gBest_fitness
1,0.2502186947794132
2,0.2502186947794132
3,0.2502186947794132
4,0.2502186947794132
5,0.2502186947794132
