epoch,gBest_fitness
1,0.2521218613581984
2,0.2521218613581984
3,0.2521218613581984
4,0.2521218613581984
5,0.25132816188481266
