epoch,gBest_fitness
1,0.9993065732488764
2,0.9882612178154164
3,0.9882612178154164
4,0.9882612178154164
5,0.9882612178154164
