epoch,gBest_fitness
1,0.9993225183061263
2,0.9991021906366087
3,0.9940512771626797
4,0.9940512771626797
5,0.5001177963233645
