epoch,gBest_fitness
1,0.9787552818526032
2,0.9787552818526032
3,0.9787552818526032
4,0.9787552818526032
5,0.9787552818526032
