epoch,gBest_fitness
1,0.2572953597986146
2,0.25564597405992406
3,0.2543820458186733
4,0.14628409990552488
5,0.14628409990552488
