epoch,gBest_fitness
1,0.5037992897091486
2,0.5021706522212716
3,0.5000042993048852
4,0.5000042993048852
5,0.5000042993048852
