epoch,gBest_fitness
1,0.9915519466537318
2,0.5046148939534523
3,0.24055160106482068
4,0.24055160106482068
5,0.24055160106482068
