epoch,gBest_fitness
1,0.9996918898122331
2,0.9978230132714735
3,0.992519106350944
4,0.954776186017983
5,0.954776186017983
