epoch,gBest_fitness
1,0.5000755988987888
2,0.5000755988987888
3,0.2747198390787111
4,0.2506895001636257
5,0.2506895001636257
