epoch,gBest_fitness
1,0.24895217883892173
2,0.24895217883892173
3,0.2478642640415221
4,0.2478642640415221
5,0.2478642640415221
