epoch,gBest_fitness
1,97.79306187783835
2,15.61330788105905
3,8.287207598881249
4,4.537998847319166
5,2.4697520890908393
