epoch,gBest_fitness
1,6.323096926111356
2,1.0322165395998655
3,0.3112005137488536
4,0.10029966567601384
5,0.02440322759195183
