epoch,gBest_fitness
1,27.9546662150275
2,1.9338379793241924
3,0.9633217902483349
4,0.4922499467918019
5,0.20398046142703524
