epoch,gBest_fitness
1,11.38758594192867
2,1.4150443149947223
3,0.6051764103031444
4,0.06381700334244224
5,0.020580591429858443
