epoch,gBest_fitness
1,108.18035577792314
2,66.10057002486538
3,39.068213602452325
4,25.267079620172872
5,18.242555042051354
