epoch,gBest_fitness
1,403.4324516008964
2,94.96567251050426
3,38.489216085023706
4,25.54397314065967
5,14.305238212214471
