epoch,gBest_fitness
1,40.22941313265892
2,21.953460715421656
3,8.698540747305517
4,4.356580926521157
5,2.5704512931697825
