epoch,gBest_fitness
1,607.9729363077123
2,119.5149634598463
3,50.546434295504646
4,32.12197274339447
5,23.443447871209916
