epoch,gBest_fitness
1,15.279081421675604
2,6.335480901454011
3,4.433047303298252
4,2.548417132216298
5,1.4761282090578163
