epoch,gBest_fitness
1,17.011095993993802
2,2.6697094511797483
3,0.5136082337568356
4,0.23428765892347353
5,0.14019241736752264
