epoch,gBest_fitness
1,3907.515173099706
2,949.8623866224339
3,312.06381634375583
4,157.2659203775454
5,111.91693767159845
