epoch,gBest_fitness
1,97.61560341675617
2,17.49989970979886
3,3.8880070672863223
4,1.0638993752228523
5,0.5908084511535825
