epoch,gBest_fitness
1,4.6969820598689065
2,0.9300319671853612
3,0.3494413017464699
4,0.24224308351581883
5,0.0899966010783703
