epoch,gBest_fitness
1,90.69061040259808
2,16.819638090408045
3,6.861818129471801
4,2.9746105348044907
5,1.054873954062778
