epoch,gBest_fitness
1,115.1337497437172
2,71.00146014684981
3,48.70676031308642
4,26.6159157926337
5,18.335937633554416
