epoch,gBest_fitness
1,120.75440484767482
2,75.1595475994104
3,45.72703328728923
4,34.755153221637414
5,23.525070991822755
