epoch,gBest_fitness
1,24.692594347970694
2,7.190432137624037
3,3.9651099029543833
4,2.203386082369829
5,1.3801515247889682
