epoch,gBest_fitness
1,1.289136464331143
2,0.1044886169549667
3,0.02236446893090983
4,0.010011243861081667
5,0.00559464203326355
