epoch,gBest_fitness
1,1.9809769395336199
2,0.23976395180240706
3,0.04614145784501412
4,0.01058582672447366
5,0.0029107019344281463
