epoch,gBest_fitness
1,3091.5310633660497
2,698.399658992684
3,340.0506007806215
4,254.26606815992326
5,198.69614715117797
