epoch,gBest_fitness
1,6.337977403758422
2,1.7174626628186738
3,0.9141685528410801
4,0.2888391840277433
5,0.14086571337899217
