epoch,gBest_fitness
1,100.16071967806535
2,20.284546119232143
3,11.21489594527801
4,5.250140550081022
5,2.9949996248734663
