epoch,gBest_fitness
1,11.78105976609041
2,5.416642449432993
3,2.9722165313285482
4,2.2914038961826795
5,1.428059525261501
