epoch,gBest_fitness
1,0.5011750766277409
2,0.1577363738017732
3,0.041538415172427345
4,0.009199409329586721
5,0.002581327838338694
