epoch,gBest_fitness
1,3.6577792915726044
2,0.8262161460432927
3,0.34640203622527344
4,0.1848714586954165
5,0.10615363764171405
