epoch,gBest_fitness
1,376.80646052308913
2,133.78997303852668
3,50.556099119848426
4,34.99492434847938
5,25.636331846187666
