epoch,gBest_fitness
1,3072.0011842918684
2,651.8239842735005
3,248.14153419069098
4,215.27488738422076
5,168.61476049693135
