epoch,gBest_fitness
1,729.2290842386868
2,102.4754898671357
3,36.4527230604223
4,26.49347857952254
5,18.668545656419496
