epoch,gBest_fitness
1,133.37651339395356
2,74.92792481286591
3,48.6717292955601
4,30.008482815804317
5,17.628259187917813
