epoch,gBest_fitness
1,5182.782448813738
2,961.0663083082298
3,638.7713118508184
4,351.38213272878886
5,281.75866598306493
