epoch,gBest_fitness
1,0.3418599332988136
2,0.11860640137223158
3,0.03094829541484086
4,0.005401492835261177
5,0.0026268357350736436
