epoch,gBest_fitness
1,3.767441553131621
2,0.6855277398915508
3,0.19220266847464226
4,0.09107478170990702
5,0.06341346388367766
