epoch,gBest_fitness
1,9.138066068270163e-106
2,6.348229529484067e-115
3,2.020802136401092e-127
4,2.020802136401092e-127
5,2.020802136401092e-127
