epoch,gBest_fitness
1,1.5984832562885425e-103
2,2.973228728751318e-110
3,1.767297945232363e-120
4,1.767297945232363e-120
5,1.767297945232363e-120
