epoch,gBest_fitness
1,7.846654797991219e-16
2,7.846654797991219e-16
3,7.846654797991219e-16
4,7.530130996421901e-22
5,7.530130996421901e-22
