epoch,gBest_fitness
1,1.9784102349149663e-104
2,9.972119632184302e-109
3,2.61531347801648e-123
4,2.61531347801648e-123
5,2.61531347801648e-123
