epoch,gBest_fitness
1,6.442847338510399e-119
2,6.442847338510399e-119
3,1.2267240751353027e-123
4,1.2267240751353027e-123
5,1.2267240751353027e-123
