epoch,gBest_fitness
1,2.116835740889216e-113
2,1.1812326062875846e-115
3,1.1812326062875846e-115
4,2.112117002712569e-124
5,2.112117002712569e-124
