epoch,gBest_fitness
1,9.372235953946389e-111
2,9.372235953946389e-111
3,9.372235953946389e-111
4,2.612322197203468e-112
5,2.612322197203468e-112
