epoch,gBest_fitness
1,2.3559836242093567e-11
2,5.398294969727536e-19
3,5.398294969727536e-19
4,5.398294969727536e-19
5,5.398294969727536e-19
