epoch,gBest_fitness
1,5.019214775842777e-11
2,9.538518928272199e-16
3,9.538518928272199e-16
4,9.538518928272199e-16
5,3.854568868650508e-21
