epoch,gBest_fitness
1,9.459423578070183e-22
2,9.459423578070183e-22
3,9.459423578070183e-22
4,9.459423578070183e-22
5,9.459423578070183e-22
