epoch,gBest_fitness
1,4.746723324529024e-114
2,4.746723324529024e-114
3,3.334898932625637e-125
4,3.334898932625637e-125
5,3.334898932625637e-125
