epoch,gBest_fitness
1,3.681787211392564e-15
2,2.2260654913940873e-24
3,2.2260654913940873e-24
4,2.2260654913940873e-24
5,2.2260654913940873e-24
