epoch,gBest_fitness
1,1.154715464822503e-14
2,1.89402058064239e-17
3,1.89402058064239e-17
4,1.89402058064239e-17
5,1.89402058064239e-17
