epoch,gBest_fitness
1,4.093873329687036e-12
2,5.388053258060828e-14
3,1.0688136903021983e-16
4,1.0688136903021983e-16
5,1.0688136903021983e-16
