epoch,gBest_fitness
1,1.0589409970449365e-12
2,1.0589409970449365e-12
3,1.0589409970449365e-12
4,1.0589409970449365e-12
5,1.4138092764864158e-17
