epoch,gBest_fitness
1,1.607367329638635e-108
2,2.6540458377049705e-116
3,2.6540458377049705e-116
4,3.309552288940182e-118
5,2.71187346204104e-138
