epoch,gBest_fitness
1,2.2870685429199015e-14
2,8.44483625604901e-16
3,8.44483625604901e-16
4,1.9119806188315715e-16
5,9.150368247030307e-20
