epoch,gBest_fitness
1,1.2245317612026564e-14
2,1.2245317612026564e-14
3,1.2245317612026564e-14
4,7.986754746355808e-16
5,7.986754746355808e-16
