epoch,gBest_fitness
1,1.758901518830856e-119
2,1.758901518830856e-119
3,1.758901518830856e-119
4,1.758901518830856e-119
5,2.887770264218601e-122
