epoch,gBest_fitness
1,1.3606915024606031e-111
2,3.0114785246615424e-123
3,3.0114785246615424e-123
4,1.7592632855195082e-128
5,1.7592632855195082e-128
