epoch,gBest_fitness
1,4.2327551119218794e-14
2,4.2327551119218794e-14
3,1.96708137698365e-14
4,7.36215945540496e-18
5,8.74717816319878e-21
