epoch,gBest_fitness
1,5.203858588211503e-114
2,5.203858588211503e-114
3,5.203858588211503e-114
4,6.895219492823126e-116
5,6.895219492823126e-116
