epoch,gBest_fitness
1,7.969052446682108e-12
2,7.282645931263483e-14
3,7.282645931263483e-14
4,4.2892475056356075e-14
5,4.2892475056356075e-14
