epoch,gBest_fitness
1,32.94516032636649
2,22.793695075204525
3,17.774367667676067
4,16.309490131946326
5,16.105672687953316
