epoch,gBest_fitness
1,750.531597243104
2,283.0829718659086
3,245.3368760430914
4,235.47095632335808
5,232.68818909626125
