epoch,gBest_fitness
1,88.41161264519974
2,74.0102105315901
3,72.4844170619513
4,45.27841457284089
5,43.36773633582099
