epoch,gBest_fitness
1,107.2636058815501
2,56.537401730528885
3,42.659135676797504
4,38.95497479657287
5,37.81017731167245
