epoch,gBest_fitness
1,117.05264057407626
2,102.53467405622527
3,49.50858361403838
4,32.513991481647295
5,27.200985008206786
