epoch,gBest_fitness
1,4370.92533464219
2,2528.378022737337
3,1441.800536604858
4,916.7527779742431
5,781.9049693538041
