epoch,gBest_fitness
1,3481.878639235803
2,1975.2156460811066
3,1581.81584804041
4,1369.990217238417
5,1247.7930789074524
