epoch,gBest_fitness
1,52.47178143782251
2,38.39071092889985
3,22.608707573987484
4,20.558645457810137
5,19.65177837201771
