epoch,gBest_fitness
1,5404.9627414602455
2,3718.3308522725015
3,2689.7288794718097
4,1763.9531740644288
5,1538.5661696304535
