epoch,gBest_fitness
1,312.0603964524613
2,261.1349490860687
3,224.4967457720489
4,187.83088522354714
5,165.158303237249
