epoch,gBest_fitness
1,361.6797600872565
2,313.23067129244396
3,289.7898224188735
4,264.88396997091866
5,230.7945713948384
