epoch,gBest_fitness
1,8145.543507562269
2,5700.788329105537
3,3579.100103807233
4,3512.0704247142785
5,3477.6942882305057
