epoch,gBest_fitness
1,1436.7885605029296
2,507.6879409781353
3,411.944105950226
4,388.7799680869052
5,375.3903706405528
