epoch,gBest_fitness
1,109.30671291118387
2,77.66581130654124
3,59.75761620411154
4,45.63433870853764
5,41.360873157378904
