epoch,gBest_fitness
1,1428.668722453807
2,779.1056316587214
3,663.4450053562426
4,517.532475006602
5,149.01436802190943
