epoch,gBest_fitness
1,625.5065472643697
2,104.46920017915087
3,71.54756013418063
4,57.322279106648296
5,52.97945694057852
