epoch,gBest_fitness
1,74.34993922537254
2,58.23740971762904
3,46.33894227651298
4,38.55440000271453
5,37.26812994800525
