epoch,gBest_fitness
1,2048.2456529804954
2,1292.9488722764652
3,952.0684661741557
4,778.2540229453167
5,622.780012011391
