epoch,gBest_fitness
1,10225.756345625627
2,5745.6317126042495
3,4360.946730000147
4,3898.3863008836443
5,3126.577878904914
