epoch,gBest_fitness
1,4689.146524557899
2,2192.5751071852496
3,1303.4686641296314
4,987.558859563916
5,750.0841888746925
