epoch,gBest_fitness
1,1793.357164462213
2,661.5738148541133
3,450.2347133431964
4,349.2710634213026
5,287.9485871008406
