epoch,gBest_fitness
1,252.57204270213725
2,202.36347263811714
3,172.10109164072537
4,152.96878222645304
5,132.9408050371442
