epoch,gBest_fitness
1,7856.426605429848
2,4089.8691987440106
3,3744.05052650064
4,3674.9381127570637
5,3423.215566778932
