epoch,gBest_fitness
1,791.0320978964194
2,682.3740751190478
3,618.8095303451817
4,564.5264709579485
5,500.67872833467163
