epoch,gBest_fitness
1,317.97539060322424
2,231.33100822814816
3,173.8294751626889
4,155.27420356422897
5,141.65335613117577
