epoch,gBest_fitness
1,661.4541167275632
2,534.5041712986787
3,439.92750356385176
4,394.1351360734241
5,348.8605361762305
