epoch,gBest_fitness
1,8938.315774520954
2,5109.735775104254
3,3913.8245457404546
4,2890.9229086313367
5,2557.5944949185373
