epoch,gBest_fitness
1,190.68273076464752
2,121.51475916443933
3,100.6218986619025
4,94.25068254377783
5,91.91605798535393
