epoch,gBest_fitness
1,156.79505323417618
2,111.4311930670255
3,97.17405774559286
4,72.86223415483325
5,59.63543652804242
