epoch,gBest_fitness
1,7274.13862867841
2,3172.368426388892
3,2841.4942611140486
4,2223.5858565533813
5,2004.9144734479576
