epoch,gBest_fitness
1,3106.9424551640263
2,1848.8732346355334
3,1405.1541419855148
4,975.3803325060965
5,895.4115282009329
