epoch,gBest_fitness
1,112.9239770733202
2,80.20920942129015
3,65.90510951932285
4,50.20363045195152
5,45.98069202539999
