epoch,gBest_fitness
1,494.29303719033624
2,166.7242443848674
3,131.81935980990542
4,122.15904514071772
5,121.0719670422736
