epoch,gBest_fitness
1,1944.146756496582
2,636.7259082115733
3,614.6786872549932
4,587.7231999128837
5,527.7180845680455
