epoch,gBest_fitness
1,325.1999938348716
2,230.09408438859978
3,207.89241516417172
4,195.4690189554556
5,168.083288483349
