epoch,gBest_fitness
1,4356.8614958178105
2,2122.469727534483
3,1142.183203151034
4,1060.450360538528
5,999.5390030137678
