epoch,gBest_fitness
1,1408.7395150680131
2,778.4995732122546
3,410.93167496295786
4,299.38696201215606
5,273.2416347351162
