epoch,gBest_fitness
1,1487.7092019155361
2,450.1447990846022
3,339.65875197490084
4,284.7983037325639
5,274.5377298999997
