epoch,gBest_fitness
1,2120.57463033972
2,1226.3944030779678
3,668.8188888409818
4,494.6967944748794
5,459.94306776811476
