epoch,gBest_fitness
1,69.52068296981015
2,49.56695900872278
3,45.274679165947475
4,43.639400806851064
5,43.11846088179433
