epoch,gBest_fitness
1,345.9683685410098
2,198.59496963789155
3,177.76534570414327
4,142.6539824828136
5,129.8562049618385
