epoch,gBest_fitness
1,306.62274469219807
2,232.89728139575558
3,194.0413634487873
4,177.77583031123135
5,158.8658562212019
