epoch,gBest_fitness
1,77.47964133987904
2,51.35651080963718
3,46.91295580344574
4,45.60652048319514
5,45.12974126126447
