epoch,gBest_fitness
1,475.6666288627586
2,180.91417525976877
3,75.06051578085348
4,69.6460713218815
5,67.03031695382978
