epoch,gBest_fitness
1,82.88807232543489
2,63.06325425455297
3,51.25969770816343
4,49.099177769150685
5,48.82221655670406
