epoch,gBest_fitness
1,47.30968698430918
2,30.854603138745393
3,26.469925423076894
4,25.60913428769163
5,25.194274978395683
