epoch,gBest_fitness
1,85.263839859369
2,62.0466156823389
3,46.19280141604318
4,40.91765512191066
5,40.35788764701856
