epoch,gBest_fitness
1,339.9152360237229
2,248.6935214687497
3,225.16203158981466
4,188.4261084177716
5,165.2217703148676
