epoch,gBest_fitness
1,6627.724880450115
2,2747.6322518265856
3,1921.0466261522522
4,1183.7001630913971
5,1040.4942648435972
