epoch,gBest_fitness
1,9108.825092263007
2,5011.891789175881
3,3036.3010736563674
4,2530.7676172624224
5,2379.7677692648085
