epoch,gBest_fitness
1,251.89957320948292
2,198.88312628540976
3,157.99521244868365
4,127.10017471360086
5,111.9868683588094
