epoch,gBest_fitness
1,798.0310332420727
2,583.448447083697
3,537.8654858970069
4,472.98873430900187
5,406.0343959783143
