epoch,gBest_fitness
1,777.9047702637758
2,681.8094223061453
3,588.0578391643953
4,547.6943964402236
5,507.7786031975193
