epoch,gBest_fitness
1,2432.2179518695634
2,945.115455936365
3,676.9403694834443
4,571.2884561127337
5,491.87733810732175
