epoch,gBest_fitness
1,1373.0191054417614
2,666.6323973048563
3,350.04082899798243
4,263.3256320125507
5,249.59059619297602
