epoch,gBest_fitness
1,68.79339575634275
2,47.835184497265075
3,39.51511979897137
4,38.88960177329184
5,38.319701214956744
