epoch,gBest_fitness
1,794.0642090857776
2,658.3084040507678
3,613.8641419527327
4,552.6632836177677
5,495.586515935499
