epoch,gBest_fitness
1,7712.828639730307
2,5739.8129818008665
3,3564.240980463541
4,2634.058211435891
5,2310.4420208073816
