epoch,gBest_fitness
1,1700.250279292647
2,1031.7916754560974
3,746.2341655595415
4,456.41191992179927
5,395.0550588087717
