epoch,gBest_fitness
1,763.960310559656
2,658.5867101277256
3,567.7446673718646
4,526.6577464525108
5,504.4671112834208
