epoch,gBest_fitness
1,142.4440568340617
2,103.79492704074272
3,89.94603952096399
4,86.73987181983178
5,83.94048250099215
