epoch,gBest_fitness
1,8938.667950564306
2,4672.460312533292
3,3690.6813182271385
4,3136.4469505816887
5,2760.280806689929
