epoch,gBest_fitness
1,95.96665772346759
2,70.84351918230325
3,63.2340435804416
4,58.52850564618497
5,53.215337969446566
