epoch,gBest_fitness
1,3509.804024430383
2,1534.5539365913605
3,1238.5623231136105
4,1029.827806988203
5,934.1780943149887
