epoch,gBest_fitness
1,3051.6358763986177
2,2457.3256546865205
3,2076.463761594905
4,980.000425397574
5,797.0598241350699
