epoch,gBest_fitness
1,64.47496579968423
2,44.28963229414653
3,42.173848398505505
4,41.92277802676657
5,41.855808355895505
