epoch,gBest_fitness
1,182.51586483035376
2,123.32130927999013
3,93.67459696826609
4,81.94848696048989
5,69.04159634239343
