epoch,gBest_fitness
1,2976.5449151902353
2,1805.2663555310178
3,1413.1966992000118
4,1044.1302377084312
5,928.9220247390018
