epoch,gBest_fitness
1,5632.681275172277
2,1918.920714783536
3,1433.5496565298758
4,1336.9573342326123
5,1255.4541406904095
