epoch,gBest_fitness
1,958.7040104252094
2,780.9153217916545
3,505.1724993376898
4,445.0115137720269
5,405.889486428578
