epoch,gBest_fitness
1,863.0587873609525
2,761.5094938758465
3,703.3396782580678
4,671.6332757729158
5,635.1715472592776
