epoch,gBest_fitness
1,725.5905953255964
2,356.05315183868686
3,259.25993145198083
4,199.5102656039899
5,188.9139553215164
