epoch,gBest_fitness
1,10226.456705031735
2,6075.506946375697
3,4407.047877454854
4,3568.5592909947695
5,3128.596110111192
