epoch,gBest_fitness
1,317.46756477142526
2,259.19651795725116
3,230.66295232347207
4,220.23368329366357
5,204.50730131138295
