epoch,gBest_fitness
1,753.8419021268425
2,649.6453019923373
3,544.3292986255702
4,507.51065698601354
5,480.41366286420134
