epoch,gBest_fitness
1,7317.133025860224
2,3117.7057739851125
3,2154.5446097397253
4,1455.5856327521537
5,1228.6954872812871
