epoch,gBest_fitness
1,891.350260070519
2,780.646037366998
3,696.091473719435
4,663.097671282592
5,624.9553534104182
