epoch,gBest_fitness
1,3140.2605214968535
2,1177.3555651987704
3,571.3283827412325
4,558.7852613088985
5,540.1271961966127
