epoch,gBest_fitness
1,10714.395912983755
2,6021.910188881522
3,3636.021094929297
4,3014.7141825070303
5,2831.9724721969046
