epoch,gBest_fitness
1,722.720418766943
2,590.4129679940537
3,550.8525749872939
4,486.35739050744166
5,453.07651800099137
