epoch,gBest_fitness
1,128.23816525659325
2,113.73473004559139
3,99.81657303949143
4,95.41597217758407
5,91.95838320687957
