epoch,gBest_fitness
1,70.55541443122648
2,52.42386883260857
3,46.1791145438279
4,44.26707076825941
5,43.95112227809517
