epoch,gBest_fitness
1,11793.567761838414
2,6671.3916902156025
3,4167.957226310864
4,3467.091942601483
5,2704.4007164035083
