epoch,gBest_fitness
1,643.1243279961951
2,311.76843248414855
3,270.005194390299
4,237.55304605662695
5,179.59886497484484
