epoch,gBest_fitness
1,609.2277937091502
2,334.15912707298133
3,186.06258261960875
4,172.17037390143597
5,165.80119785355407
