epoch,gBest_fitness
1,174.15534677381112
2,131.43690225545882
3,113.50604933862992
4,106.6489817985667
5,98.79050262275298
