epoch,gBest_fitness
1,1841.284339071962
2,1327.4256096722715
3,623.5921620275182
4,442.42002853054043
5,415.9350503222338
