epoch,gBest_fitness
1,285.59161781508874
2,182.23190140517525
3,139.81688577661023
4,114.67675015126116
5,100.31172397803057
