epoch,gBest_fitness
1,1053.5187488934234
2,464.7652394160855
3,343.23751886973224
4,334.8853494152838
5,269.2091070435574
