epoch,gBest_fitness
1,270.6027926241537
2,211.5899109040827
3,180.83758910909975
4,149.44766430708472
5,137.29675687790265
