epoch,gBest_fitness
1,603.311173867294
2,189.20060024106465
3,125.88712139387393
4,103.32090661767538
5,96.93081311653638
