epoch,gBest_fitness
1,307.6019335352536
2,230.42438811760582
3,211.4388957630746
4,195.02527537078961
5,176.07917321715811
