epoch,gBest_fitness
1,529.68405468965
2,188.96460041566974
3,136.81772038163342
4,122.22082339951108
5,118.87380837258009
