epoch,gBest_fitness
1,10174.273331353428
2,8346.652938226138
3,7267.925939822747
4,5454.860024932129
5,4088.6977471760656
