epoch,gBest_fitness
1,807.2838793891968
2,708.4346033933092
3,641.3257179308998
4,595.9310768477499
5,537.2153884752012
