epoch,gBest_fitness
1,160.19087653937908
2,127.60558401085463
3,116.22975966513187
4,105.85614452452744
5,102.33131537726693
