epoch,gBest_fitness
1,1527.5154868372401
2,1057.148498319039
3,570.1211734002899
4,507.18911727360796
5,417.4867275821639
