epoch,gBest_fitness
1,772.8917027154487
2,625.0919974944949
3,557.5546298300947
4,510.7807149135061
5,446.91909770832336
