epoch,gBest_fitness
1,8777.56111730968
2,6229.9853384807875
3,3522.969536858627
4,2981.390893027698
5,2567.191766058059
