epoch,gBest_fitness
1,69.26271495760454
2,49.57067978192726
3,43.63949171814122
4,39.964930840081195
5,38.90176174509574
