epoch,gBest_fitness
1,3302.853246516598
2,1756.4805031309927
3,1421.9235869475642
4,1073.6882219994793
5,993.9937728176722
