epoch,gBest_fitness
1,746.6902552271789
2,690.347127767725
3,586.9088033331362
4,504.75325036266463
5,478.3319969666998
