epoch,gBest_fitness
1,1401.6467943771208
2,745.7797713043932
3,623.1787271160443
4,533.1134099501926
5,505.0602123312674
