epoch,gBest_fitness
1,479.44335292111884
2,348.894019596965
3,260.4135519633964
4,142.02046134879123
5,130.07670578822567
