epoch,gBest_fitness
1,-118.27171634006592
2,-118.27171634006592
3,-118.27171634006592
4,-118.27171634006592
5,-118.30936197698597
