epoch,gBest_fitness
1,-1909.0380714528633
2,-1909.0380714528633
3,-1909.0380714528633
4,-1909.0380714528633
5,-1909.047624604516
