epoch,gBest_fitness
1,-1908.9286514624155
2,-1908.9286514624155
3,-1908.9286514624155
4,-1908.9286514624155
5,-1908.9286514624155
