epoch,gBest_fitness
1,-1272.6994034027753
2,-1272.6994034027753
3,-1272.699603079128
4,-1272.699603079128
5,-1272.699603079128
