epoch,gBest_fitness
1,-111.43821797188394
2,-118.3177611451622
3,-118.3177611451622
4,-118.3177611451622
5,-118.33877865125521
