epoch,gBest_fitness
1,-197.1871924507904
2,-197.2438065528002
3,-197.2438065528002
4,-197.2616669545147
5,-197.26373369730752
