epoch,gBest_fitness
1,-390.9183206753742
2,-394.35000256129905
3,-394.3760190649241
4,-394.3760190649241
5,-394.44546516141463
