epoch,gBest_fitness
1,-78.80209371995797
2,-78.89036969920423
3,-78.89036969920423
4,-78.89036969920423
5,-78.89036969920423
