epoch,gBest_fitness
1,-3132.073651510437
2,-3181.6411769116826
3,-3181.6411769116826
4,-3181.6411769116826
5,-3181.6411769116826
