epoch,gBest_fitness
1,-386.3756635974433
2,-394.52573076714424
3,-394.52573076714424
4,-394.52573076714424
5,-394.52573076714424
