epoch,gBest_fitness
1,-394.3162155958642
2,-394.4002688774767
3,-394.4002688774767
4,-394.4002688774767
5,-394.43937061257895
