epoch,gBest_fitness
1,-1180.0745988945437
2,-1271.495854457567
3,-1271.495854457567
4,-1271.495854457567
5,-1272.69000158326
