epoch,gBest_fitness
1,-1189.6007174113338
2,-1252.8151420206514
3,-1253.388103756529
4,-1271.07221739674
5,-1272.6010123769206
