epoch,gBest_fitness
1,-1909.049152998412
2,-1909.049152998412
3,-1909.049152998412
4,-1909.049152998412
5,-1909.049152998412
