epoch,gBest_fitness
1,-78.86344616962211
2,-78.86344616962211
3,-78.88497044784457
4,-78.89706700328551
5,-78.89706700328551
