"combination [m, n, l1, l2, ep_max, c1, c2]",gBest_fitness
1,-41881.21479453733
2,-41881.21479453733
3,-41891.53983362301
4,-41897.607512673865
5,-41897.607512673865
