epoch,gBest_fitness
1,-193.09505940463836
2,-193.83360442601784
3,-194.553352324694
4,-196.14325865308746
5,-196.14325865308746
