epoch,gBest_fitness
1,-3181.359161508594
2,-3181.359161508594
3,-3181.359161508594
4,-3181.359161508594
5,-3181.359161508594
