epoch,gBest_fitness
1,-6360.827712557087
2,-6360.827712557087
3,-6360.827712557087
4,-6361.807496156758
5,-6361.807496156758
