epoch,gBest_fitness
1,-1909.009562648183
2,-1909.009562648183
3,-1909.009562648183
4,-1909.009562648183
5,-1909.009562648183
