epoch,gBest_fitness
1,-382.1664566895079
2,-388.16245430189963
3,-394.3926349679147
4,-394.3926349679147
5,-394.3926349679147
