"combination [m, n, l1, l2, ep_max, c1, c2]",gBest_fitness
1,-33594.7832851548
2,-33594.7832851548
3,-41898.23777978304
4,-41898.23777978304
5,-41898.23777978304
