epoch,gBest_fitness
1,-6351.760737382282
2,-6353.31378555737
3,-6358.974279602727
4,-6358.974279602727
5,-6358.974279602727
