epoch,gBest_fitness
1,-1909.0057423686524
2,-1909.0057423686524
3,-1909.0057423686524
4,-1909.0057423686524
5,-1909.0057423686524
