epoch,gBest_fitness
1,-1272.206921980052
2,-1272.206921980052
3,-1272.206921980052
4,-1272.6487314023736
5,-1272.6487314023736
