epoch,gBest_fitness
1,-394.52752905346796
2,-394.5300577969877
3,-394.5300577969877
4,-394.5300577969877
5,-394.5300577969877
