epoch,gBest_fitness
1,-6356.8647099958725
2,-6356.8647099958725
3,-6360.962005105729
4,-6360.962005105729
5,-6360.962005105729
