epoch,gBest_fitness
1,-74.73984237069558
2,-78.79786041207001
3,-78.79786041207001
4,-78.79786041207001
5,-78.82839965319171
