epoch,gBest_fitness
1,-193.17357116181353
2,-195.0445049961883
3,-196.8484962137555
4,-196.8484962137555
5,-196.8484962137555
