epoch,gBest_fitness
1,-197.2585541934868
2,-197.2585541934868
3,-197.2585541934868
4,-197.2585541934868
5,-197.2585541934868
