epoch,gBest_fitness
1,-78.81347336145402
2,-78.81347336145402
3,-78.81347336145402
4,-78.81347336145402
5,-78.83824553301339
