"combination [m, n, l1, l2, ep_max, c1, c2]",gBest_fitness
1,1694.2981300206939
2,1694.2981300206939
3,1694.2981300206939
4,1694.2981300206939
5,-2.713159050506969e-05
