epoch,gBest_fitness
1,-3181.7490079147456
2,-3181.7490079147456
3,-3181.7490079147456
4,-3181.7490079147456
5,-3181.7490079147456
