epoch,gBest_fitness
1,-3179.801226398843
2,-3179.801226398843
3,-3181.4327744298585
4,-3181.562069586375
5,-3181.562069586375
