epoch,gBest_fitness
1,-78.52112984073281
2,-78.52112984073281
3,-78.83906562599671
4,-78.83906562599671
5,-78.882166008004
