epoch,gBest_fitness
1,-1908.4984585626041
2,-1908.4984585626041
3,-1908.4984585626041
4,-1908.4984585626041
5,-1909.0472808702684
