epoch,gBest_fitness
1,-118.3198801943258
2,-118.3198801943258
3,-118.33761652624335
4,-118.33761652624335
5,-118.35790142579336
