epoch,gBest_fitness
1,-1908.8746746496117
2,-1908.8746746496117
3,-1908.9086041054506
4,-1908.9086041054506
5,-1908.9086041054506
