epoch,gBest_fitness
1,-1272.510214725109
2,-1272.510214725109
3,-1272.510214725109
4,-1272.6623516830755
5,-1272.6623516830755
