epoch,gBest_fitness
1,-1272.6756681258842
2,-1272.6756681258842
3,-1272.6756681258842
4,-1272.6756681258842
5,-1272.6756681258842
