"combination [m, n, l1, l2, ep_max, c1, c2]",gBest_fitness
1,-41882.959299927534
2,-41882.959299927534
3,-41882.959299927534
4,-41893.695268848336
5,-41893.695268848336
