epoch,gBest_fitness
1,-1263.307855474348
2,-1272.6662725422332
3,-1272.6867019963613
4,-1272.6867019963613
5,-1272.6867019963613
