epoch,gBest_fitness
1,-195.69508473418045
2,-196.5562725042927
3,-196.5562725042927
4,-196.5562725042927
5,-196.83188362625071
