epoch,gBest_fitness
1,-117.89697220137164
2,-117.89697220137164
3,-117.92235391888623
4,-118.22340121777901
5,-118.23438430740978
