epoch,gBest_fitness
1,-394.4419628739956
2,-394.51114827471264
3,-394.52916302233814
4,-394.52916302233814
5,-394.52916302233814
