epoch,gBest_fitness
1,-117.72296466364416
2,-118.28212887019832
3,-118.28212887019832
4,-118.28212887019832
5,-118.28212887019832
