epoch,gBest_fitness
1,-1908.7061724178309
2,-1908.9632631450884
3,-1908.9632631450884
4,-1908.9632631450884
5,-1908.998198037422
