epoch,gBest_fitness
1,-78.9011639615127
2,-78.90222163577893
3,-78.90599005454703
4,-78.90599005454703
5,-78.90599005454703
