epoch,gBest_fitness
1,-6362.403116223277
2,-6362.403116223277
3,-6362.403116223277
4,-6362.403116223277
5,-6362.403116223277
