epoch,gBest_fitness
1,-118.35203682355467
2,-118.35692861923106
3,-118.35692861923106
4,-118.35692861923106
5,-118.35692861923106
