epoch,gBest_fitness
1,-1272.4581215140295
2,-1272.4581215140295
3,-1272.4581215140295
4,-1272.4581215140295
5,-1272.4581215140295
