epoch,gBest_fitness
1,-6363.451781506191
2,-6363.451781506191
3,-6363.451781506191
4,-6363.451781506191
5,-6363.451781506191
