epoch,gBest_fitness
1,-3181.741703985408
2,-3181.741703985408
3,-3181.741703985408
4,-3181.741703985408
5,-3181.741703985408
