epoch,gBest_fitness
1,-6200.964991604993
2,-6359.638110140972
3,-6359.638110140972
4,-6361.992307808594
5,-6362.384186678233
