epoch,gBest_fitness
1,-371.00690804956747
2,-392.94558924317073
3,-394.2038860767246
4,-394.2038860767246
5,-394.2038860767246
