epoch,gBest_fitness
1,-118.3547401369327
2,-118.3547401369327
3,-118.3547401369327
4,-118.3547401369327
5,-118.3547401369327
