epoch,gBest_fitness
1,-78.84174482837138
2,-78.897667453687
3,-78.897667453687
4,-78.897667453687
5,-78.897667453687
