epoch,gBest_fitness
1,-197.26343927929292
2,-197.26343927929292
3,-197.26343927929292
4,-197.26507522909455
5,-197.26507522909455
