epoch,gBest_fitness
1,-196.08363202938247
2,-196.7607306320356
3,-197.03794327221038
4,-197.03794327221038
5,-197.03794327221038
