epoch,gBest_fitness
1,-2948.1219883589383
2,-3006.323856718776
3,-3181.690150030588
4,-3181.690150030588
5,-3181.690150030588
