epoch,gBest_fitness
1,-78.5762892830781
2,-78.88380513119697
3,-78.88380513119697
4,-78.88390368333442
5,-78.88390368333442
