epoch,gBest_fitness
1,-3174.42328424542
2,-3181.7466031454437
3,-3181.7466031454437
4,-3181.7466031454437
5,-3181.7466031454437
