epoch,gBest_fitness
1,-196.8495278270052
2,-197.15374005283462
3,-197.15374005283462
4,-197.15374005283462
5,-197.15374005283462
