epoch,gBest_fitness
1,-197.2548049818059
2,-197.2548049818059
3,-197.2599402182965
4,-197.2599402182965
5,-197.2599402182965
