epoch,gBest_fitness
1,-393.94315225266797
2,-394.45411985060707
3,-394.45411985060707
4,-394.45411985060707
5,-394.45411985060707
