epoch,gBest_fitness
1,-393.93823018453617
2,-394.4445232436841
3,-394.495392546623
4,-394.495392546623
5,-394.495392546623
