epoch,gBest_fitness
1,-389.64383785316943
2,-389.64383785316943
3,-389.9658455319892
4,-390.9280819094833
5,-393.9231177350148
