epoch,gBest_fitness
1,-6362.8635102520375
2,-6362.8635102520375
3,-6362.8635102520375
4,-6363.498170514423
5,-6363.498170514423
