epoch,gBest_fitness
1,-3181.593866815052
2,-3181.593866815052
3,-3181.593866815052
4,-3181.593866815052
5,-3181.593866815052
