epoch,gBest_fitness
1,-2959.351810507293
2,-2963.278777757925
3,-3181.74909738744
4,-3181.74909738744
5,-3181.74909738744
