epoch,gBest_fitness
1,-118.19781936545355
2,-118.28000154827282
3,-118.35355467444474
4,-118.35355467444474
5,-118.35355467444474
