epoch,gBest_fitness
1,-118.31368626659365
2,-118.34980599638858
3,-118.35474030934924
4,-118.35655255237192
5,-118.35655255237192
