epoch,gBest_fitness
1,2.7954214028491746e-11
2,2.0039332886821205e-18
3,1.8112321160208115e-18
4,1.8112321160208115e-18
5,1.8112321160208115e-18
