epoch,gBest_fitness
1,5.292461936808645e-116
2,5.292461936808645e-116
3,6.815138708849024e-121
4,6.815138708849024e-121
5,6.815138708849024e-121
