epoch,gBest_fitness
1,2.1327066916623404e-83
2,4.8973850697913696e-88
3,4.8973850697913696e-88
4,4.8973850697913696e-88
5,3.7657091784773294e-97
