epoch,gBest_fitness
1,1.057979916943787e-10
2,1.057979916943787e-10
3,6.489321084461804e-19
4,6.489321084461804e-19
5,1.0396719344628395e-21
