epoch,gBest_fitness
1,3.221774852184376e-92
2,3.221774852184376e-92
3,2.1697013514843105e-92
4,2.1697013514843105e-92
5,2.1697013514843105e-92
