epoch,gBest_fitness
1,6.307378887035531e-122
2,6.307378887035531e-122
3,6.307378887035531e-122
4,6.307378887035531e-122
5,6.307378887035531e-122
