epoch,gBest_fitness
1,1.7310976080116802e-20
2,1.7310976080116802e-20
3,1.7310976080116802e-20
4,1.7310976080116802e-20
5,1.7310976080116802e-20
