epoch,gBest_fitness
1,4.0617395343532935e-11
2,4.0617395343532935e-11
3,1.3198705617551937e-16
4,8.365006887659464e-17
5,8.365006887659464e-17
