epoch,gBest_fitness
1,7.856543311550311e-81
2,1.2680358483501391e-85
3,7.468296272002135e-94
4,7.468296272002135e-94
5,7.468296272002135e-94
