epoch,gBest_fitness
1,7.100848169481237e-23
2,7.100848169481237e-23
3,7.100848169481237e-23
4,7.100848169481237e-23
5,7.100848169481237e-23
