epoch,gBest_fitness
1,6.731684239616771e-89
2,6.731684239616771e-89
3,6.731684239616771e-89
4,6.75801436607132e-100
5,6.75801436607132e-100
