epoch,gBest_fitness
1,2.1276404417243713e-11
2,3.9437909281155457e-13
3,3.9437909281155457e-13
4,4.749113552840973e-15
5,2.4938428887940865e-19
