epoch,gBest_fitness
1,2.465015448427173e-23
2,2.465015448427173e-23
3,2.465015448427173e-23
4,2.465015448427173e-23
5,2.465015448427173e-23
