epoch,gBest_fitness
1,6.992450157776743e-14
2,6.992450157776743e-14
3,3.632424494348826e-17
4,3.632424494348826e-17
5,3.632424494348826e-17
