epoch,gBest_fitness
1,1.6041136224985914e-14
2,1.6041136224985914e-14
3,1.6041136224985914e-14
4,4.2733842423751056e-16
5,4.2733842423751056e-16
