epoch,gBest_fitness
1,1.0881771414725547e-10
2,7.0537432368708e-13
3,7.363659998473824e-15
4,1.7971141685713274e-21
5,1.7971141685713274e-21
