epoch,gBest_fitness
1,9.402815564087606e-80
2,2.626990032230858e-86
3,1.4479316629637922e-90
4,1.4479316629637922e-90
5,1.4479316629637922e-90
