epoch,gBest_fitness
1,1.9859231041502812e-16
2,1.9859231041502812e-16
3,1.9859231041502812e-16
4,1.9859231041502812e-16
5,1.9859231041502812e-16
