epoch,gBest_fitness
1,1.4093709675705342e-116
2,1.4093709675705342e-116
3,1.4093709675705342e-116
4,1.4093709675705342e-116
5,1.4093709675705342e-116
