epoch,gBest_fitness
1,5.932481129390569e-123
2,5.932481129390569e-123
3,5.932481129390569e-123
4,5.932481129390569e-123
5,5.932481129390569e-123
