epoch,gBest_fitness
1,5.378517406368158e-111
2,5.378517406368158e-111
3,1.5827694584219615e-111
4,1.2924494977494524e-111
5,1.326255796462993e-112
