epoch,gBest_fitness
1,1.0301375674387167e-11
2,3.5638203893132414e-26
3,3.5638203893132414e-26
4,3.5638203893132414e-26
5,3.5638203893132414e-26
