epoch,gBest_fitness
1,1.9087953894690906e-14
2,6.705074466773027e-16
3,6.705074466773027e-16
4,6.705074466773027e-16
5,1.6129304577230454e-16
