epoch,gBest_fitness
1,1.454563978429872e-14
2,1.454563978429872e-14
3,1.454563978429872e-14
4,1.454563978429872e-14
5,1.454563978429872e-14
