epoch,gBest_fitness
1,7.233563748639012e-91
2,7.233563748639012e-91
3,7.233563748639012e-91
4,7.233563748639012e-91
5,7.233563748639012e-91
