epoch,gBest_fitness
1,3.647437971987693e-91
2,3.647437971987693e-91
3,5.890257535480155e-94
4,5.890257535480155e-94
5,5.890257535480155e-94
