epoch,gBest_fitness
1,1.3468981792272245e-118
2,1.3468981792272245e-118
3,1.3468981792272245e-118
4,1.3468981792272245e-118
5,1.3468981792272245e-118
