epoch,gBest_fitness
1,2.0252954318528246e-18
2,2.0252954318528246e-18
3,2.0252954318528246e-18
4,2.0252954318528246e-18
5,2.0252954318528246e-18
