epoch,gBest_fitness
1,1.565264243294118e-14
2,1.565264243294118e-14
3,1.565264243294118e-14
4,1.565264243294118e-14
5,1.565264243294118e-14
