epoch,gBest_fitness
1,2.295787751362994e-85
2,1.216324898135803e-87
3,9.161711365021965e-104
4,9.161711365021965e-104
5,9.161711365021965e-104
