epoch,gBest_fitness
1,1.0795338441400838e-10
2,6.15780487982275e-17
3,6.15780487982275e-17
4,2.1581519964800602e-17
5,2.1581519964800602e-17
