epoch,gBest_fitness
1,1.482744191208624e-16
2,2.213439713934465e-19
3,2.213439713934465e-19
4,2.213439713934465e-19
5,2.213439713934465e-19
