epoch,gBest_fitness
1,4.286608557259343e-109
2,4.672293654026082e-127
3,4.672293654026082e-127
4,4.672293654026082e-127
5,4.672293654026082e-127
