epoch,gBest_fitness
1,1.9552619165259353e-17
2,1.9552619165259353e-17
3,1.9552619165259353e-17
4,1.7957336761605656e-18
5,1.7957336761605656e-18
