epoch,gBest_fitness
1,5.643438137591091e-112
2,5.643438137591091e-112
3,3.0104159981984427e-125
4,3.0104159981984427e-125
5,3.0104159981984427e-125
