epoch,gBest_fitness
1,2.975503035339465e-110
2,7.75205319448791e-124
3,7.75205319448791e-124
4,7.75205319448791e-124
5,7.75205319448791e-124
