epoch,gBest_fitness
1,2.0961173628025242e-111
2,4.2400921798789505e-113
3,5.180522199061154e-114
4,2.634738926480157e-124
5,2.634738926480157e-124
