epoch,gBest_fitness
1,7.434265913269038e-88
2,1.928403635743288e-98
3,1.928403635743288e-98
4,1.928403635743288e-98
5,1.928403635743288e-98
