epoch,gBest_fitness
1,1.2974384462631128e-86
2,1.2974384462631128e-86
3,1.2974384462631128e-86
4,5.434178174784535e-87
5,5.434178174784535e-87
