epoch,gBest_fitness
1,1.8981917316732182e-16
2,1.8981917316732182e-16
3,1.8981917316732182e-16
4,1.8981917316732182e-16
5,1.8981917316732182e-16
