epoch,gBest_fitness
1,1.5847175877807412e-112
2,1.8585834515301248e-122
3,1.8585834515301248e-122
4,1.8585834515301248e-122
5,1.8585834515301248e-122
