epoch,gBest_fitness
1,5.5035038178612596e-120
2,5.5035038178612596e-120
3,1.3351655531143644e-130
4,1.3351655531143644e-130
5,1.3351655531143644e-130
