epoch,gBest_fitness
1,9.472084920958185e-11
2,1.729772777417399e-16
3,1.729772777417399e-16
4,1.729772777417399e-16
5,1.729772777417399e-16
