epoch,gBest_fitness
1,4.6603890420429395e-84
2,1.4933197121929702e-95
3,1.4933197121929702e-95
4,1.4933197121929702e-95
5,1.4933197121929702e-95
