epoch,gBest_fitness
1,5.7192997136566995e-115
2,9.723763945337369e-119
3,9.723763945337369e-119
4,9.723763945337369e-119
5,5.399761284717895e-131
