epoch,gBest_fitness
1,2.0193568100147958e-15
2,2.0193568100147958e-15
3,1.8631207349786017e-17
4,1.8631207349786017e-17
5,1.8631207349786017e-17
