epoch,gBest_fitness
1,4.197655152306425e-09
2,2.4330601278011453e-20
3,2.4330601278011453e-20
4,2.07033091528033e-22
5,2.07033091528033e-22
