epoch,gBest_fitness
1,3.0573846446803907e-10
2,3.610031370913681e-11
3,1.677819090039009e-11
4,3.0106017095718826e-13
5,2.334105341049101e-13
