epoch,gBest_fitness
1,2.2544440625572424e-12
2,1.1356573498936791e-12
3,2.987568684638694e-14
4,2.987568684638694e-14
5,2.987568684638694e-14
