epoch,gBest_fitness
1,4.297671623748253e-13
2,4.297671623748253e-13
3,2.643652005480132e-13
4,2.643652005480132e-13
5,2.643652005480132e-13
