epoch,gBest_fitness
1,5.511055047065809e-06
2,9.719629289403726e-15
3,9.719629289403726e-15
4,9.719629289403726e-15
5,9.719629289403726e-15
