epoch,gBest_fitness
1,1.1372879089697196e-14
2,1.1372879089697196e-14
3,6.258113761988559e-15
4,1.643737268667282e-21
5,1.643737268667282e-21
