epoch,gBest_fitness
1,4.199585618050423e-126
2,4.199585618050423e-126
3,4.199585618050423e-126
4,4.199585618050423e-126
5,4.199585618050423e-126
