epoch,gBest_fitness
1,9.868984356669144e-88
2,1.2106555211595159e-91
3,7.954542983177472e-97
4,7.954542983177472e-97
5,7.954542983177472e-97
