epoch,gBest_fitness
1,1.5431798439671743e-114
2,1.555208526545466e-119
3,1.555208526545466e-119
4,1.555208526545466e-119
5,1.555208526545466e-119
