epoch,gBest_fitness
1,2.5478361508911058e-86
2,2.5478361508911058e-86
3,1.8769991706847124e-92
4,1.8769991706847124e-92
5,1.8769991706847124e-92
