epoch,gBest_fitness
1,1.6087859465414986e-111
2,1.6087859465414986e-111
3,3.654791725832507e-114
4,7.560031913330127e-135
5,7.560031913330127e-135
