epoch,gBest_fitness
1,5.4195056230598264e-11
2,1.0366048882480251e-11
3,8.924653689996281e-12
4,1.870329705161607e-14
5,1.870329705161607e-14
