epoch,gBest_fitness
1,5.1957155032745145e-23
2,5.1957155032745145e-23
3,5.1957155032745145e-23
4,5.1957155032745145e-23
5,5.1957155032745145e-23
