epoch,gBest_fitness
1,7.358340915773348e-11
2,1.7660446851441456e-23
3,1.7660446851441456e-23
4,1.7660446851441456e-23
5,1.7660446851441456e-23
