epoch,gBest_fitness
1,6.417771677131176e-91
2,6.417771677131176e-91
3,6.417771677131176e-91
4,6.417771677131176e-91
5,6.417771677131176e-91
