epoch,gBest_fitness
1,1.0945524602210772e-12
2,1.3287818868799421e-17
3,1.3287818868799421e-17
4,1.3287818868799421e-17
5,1.3287818868799421e-17
