epoch,gBest_fitness
1,1.7528129069983808e-23
2,1.7528129069983808e-23
3,1.7528129069983808e-23
4,1.7528129069983808e-23
5,1.7528129069983808e-23
