epoch,gBest_fitness
1,3.617367583133426e-11
2,9.025396441630622e-19
3,9.025396441630622e-19
4,3.3142767323702215e-20
5,3.3142767323702215e-20
