epoch,gBest_fitness
1,3.805611762939841e-83
2,2.5360480937076422e-87
3,2.5360480937076422e-87
4,2.5360480937076422e-87
5,2.5360480937076422e-87
