epoch,gBest_fitness
1,8.329100732390912e-14
2,8.329100732390912e-14
3,1.7009946071627723e-14
4,1.7009946071627723e-14
5,8.220993123273886e-17
