epoch,gBest_fitness
1,4.56443572814983e-13
2,4.4702993813017064e-17
3,4.4702993813017064e-17
4,4.4702993813017064e-17
5,4.4702993813017064e-17
