epoch,gBest_fitness
1,2.6523121179815585e-109
2,2.286497888249684e-112
3,7.864383994800882e-128
4,7.864383994800882e-128
5,7.864383994800882e-128
