epoch,gBest_fitness
1,1.343284872356487e-93
2,1.343284872356487e-93
3,5.250303394964612e-94
4,5.250303394964612e-94
5,5.250303394964612e-94
