epoch,gBest_fitness
1,3.346454505375097e-95
2,3.346454505375097e-95
3,3.346454505375097e-95
4,3.346454505375097e-95
5,2.3095106674195056e-97
