epoch,gBest_fitness
1,4.3112242875432124e-88
2,2.4997704604428767e-88
3,2.4997704604428767e-88
4,3.8345757352413587e-93
5,3.8345757352413587e-93
