epoch,gBest_fitness
1,1.7046156212596717e-84
2,1.7046156212596717e-84
3,8.018192474878908e-88
4,4.790261489472306e-91
5,4.790261489472306e-91
