epoch,gBest_fitness
1,1.5783548947783008e-84
2,3.471676054234355e-98
3,3.471676054234355e-98
4,3.471676054234355e-98
5,3.471676054234355e-98
