epoch,gBest_fitness
1,3.67351632587756e-114
2,3.67351632587756e-114
3,3.67351632587756e-114
4,6.5916568204382e-120
5,6.5916568204382e-120
