epoch,gBest_fitness
1,1.9332816657950374e-16
2,1.9332816657950374e-16
3,1.9332816657950374e-16
4,1.9332816657950374e-16
5,1.9332816657950374e-16
