epoch,gBest_fitness
1,1.0774213252071497e-11
2,3.1167103067701964e-12
3,3.2126777966959236e-16
4,2.2512256298629534e-20
5,2.2512256298629534e-20
