epoch,gBest_fitness
1,2.218093985075367e-09
2,1.1553667879381137e-16
3,1.1553667879381137e-16
4,1.1553667879381137e-16
5,1.1553667879381137e-16
