epoch,gBest_fitness
1,7.614057038995012e-95
2,7.614057038995012e-95
3,7.614057038995012e-95
4,7.614057038995012e-95
5,7.614057038995012e-95
