epoch,gBest_fitness
1,4.580213795685968e-15
2,5.234496815432616e-17
3,5.234496815432616e-17
4,5.234496815432616e-17
5,7.052866434671723e-19
