epoch,gBest_fitness
1,9.013995040389891e-120
2,2.928689986910179e-125
3,2.928689986910179e-125
4,2.928689986910179e-125
5,2.928689986910179e-125
