epoch,gBest_fitness
1,4.375166857007017e-86
2,9.848652093108858e-93
3,2.4947778429704414e-107
4,2.4947778429704414e-107
5,2.4947778429704414e-107
