epoch,gBest_fitness
1,8.893635771354378e-14
2,1.470247509250916e-16
3,1.470247509250916e-16
4,1.470247509250916e-16
5,1.470247509250916e-16
