epoch,gBest_fitness
1,5.2377305254778995e-83
2,1.0804604562562823e-83
3,1.7647246668172716e-98
4,1.7647246668172716e-98
5,1.7647246668172716e-98
