epoch,gBest_fitness
1,1.3244438056006854e-81
2,2.3812549132002427e-84
3,7.47181737101275e-97
4,7.47181737101275e-97
5,7.47181737101275e-97
