epoch,gBest_fitness
1,4.2525694161146736e-15
2,5.421164304166382e-23
3,5.421164304166382e-23
4,5.421164304166382e-23
5,5.421164304166382e-23
