epoch,gBest_fitness
1,6.927838089252749e-100
2,6.927838089252749e-100
3,6.927838089252749e-100
4,6.927838089252749e-100
5,6.927838089252749e-100
