epoch,gBest_fitness
1,4.949905971602125e-19
2,4.949905971602125e-19
3,4.949905971602125e-19
4,4.949905971602125e-19
5,5.305206758633277e-22
