epoch,gBest_fitness
1,9.757207868177629e-86
2,1.0644829737756113e-90
3,1.0644829737756113e-90
4,1.0644829737756113e-90
5,1.0644829737756113e-90
