epoch,gBest_fitness
1,4.497611825376243e-96
2,6.393433457731898e-107
3,7.836342039424375e-112
4,1.7055192094621056e-119
5,1.7055192094621056e-119
