epoch,gBest_fitness
1,2.503592950320573e-105
2,3.380082340988822e-116
3,3.380082340988822e-116
4,1.0773948555150967e-122
5,1.0773948555150967e-122
