epoch,gBest_fitness
1,3.880780858827498e-16
2,1.2860016548882132e-17
3,1.2860016548882132e-17
4,1.895083434674034e-21
5,1.895083434674034e-21
