epoch,gBest_fitness
1,2.789274356192559e-16
2,2.789274356192559e-16
3,1.3947801251598904e-16
4,1.3947801251598904e-16
5,1.3947801251598904e-16
