epoch,gBest_fitness
1,2.3017375431714393e-13
2,1.0903596329587695e-13
3,3.1800546044245533e-18
4,3.1800546044245533e-18
5,1.9912773231753675e-19
