epoch,gBest_fitness
1,1.9493907721186535e-122
2,1.9493907721186535e-122
3,1.9493907721186535e-122
4,1.9493907721186535e-122
5,1.9493907721186535e-122
