epoch,gBest_fitness
1,1.4080044720819814e-24
2,1.4080044720819814e-24
3,1.4080044720819814e-24
4,1.4080044720819814e-24
5,1.4080044720819814e-24
