epoch,gBest_fitness
1,6.784160739581533e-17
2,1.792516465858956e-20
3,1.792516465858956e-20
4,1.792516465858956e-20
5,1.792516465858956e-20
