epoch,gBest_fitness
1,5.3402540407551185e-87
2,5.3402540407551185e-87
3,4.580894688362362e-88
4,3.954927375330776e-93
5,3.954927375330776e-93
