epoch,gBest_fitness
1,5.221488972861943e-84
2,5.221488972861943e-84
3,2.372767452767704e-87
4,4.518800054362259e-92
5,4.949832083259228e-93
