epoch,gBest_fitness
1,4.539521795422627e-14
2,4.539521795422627e-14
3,4.539521795422627e-14
4,1.467491022410046e-22
5,1.467491022410046e-22
