epoch,gBest_fitness
1,2.233724820120973e-99
2,2.233724820120973e-99
3,2.233724820120973e-99
4,2.233724820120973e-99
5,2.233724820120973e-99
