epoch,gBest_fitness
1,9.25852665721202e-87
2,9.25852665721202e-87
3,9.25852665721202e-87
4,9.25852665721202e-87
5,3.048001012677724e-91
