epoch,gBest_fitness
1,7.688317746961481e-18
2,4.875467408632842e-19
3,4.875467408632842e-19
4,3.659868816074433e-20
5,3.659868816074433e-20
