epoch,gBest_fitness
1,1.167447099204898e-12
2,9.681566305738376e-14
3,9.681566305738376e-14
4,9.681566305738376e-14
5,9.681566305738376e-14
