epoch,gBest_fitness
1,1.2618086623303844e-12
2,1.2618086623303844e-12
3,1.2618086623303844e-12
4,1.0296448936558617e-19
5,1.0296448936558617e-19
