epoch,gBest_fitness
1,3.674344601416456e-11
2,4.658449269489224e-18
3,4.658449269489224e-18
4,2.3667066589382144e-20
5,2.3667066589382144e-20
