epoch,gBest_fitness
1,8.087481324040886e-90
2,8.087481324040886e-90
3,4.2091000960972256e-104
4,4.2091000960972256e-104
5,4.2091000960972256e-104
