epoch,gBest_fitness
1,8.417539082097239e-94
2,8.417539082097239e-94
3,8.417539082097239e-94
4,8.417539082097239e-94
5,8.417539082097239e-94
