epoch,gBest_fitness
1,2.5082299297912074e-95
2,3.903698864919323e-97
3,3.903698864919323e-97
4,3.903698864919323e-97
5,3.903698864919323e-97
