epoch,gBest_fitness
1,4.614926551459978e-86
2,4.614926551459978e-86
3,8.919768662176105e-89
4,1.9151582020579386e-89
5,1.9151582020579386e-89
