epoch,gBest_fitness
1,1.6145258560018364e-13
2,3.66482623978634e-16
3,3.66482623978634e-16
4,3.66482623978634e-16
5,3.498318013849952e-25
