epoch,gBest_fitness
1,5.666106493804603e-81
2,2.3440008934359037e-91
3,1.021528538434195e-91
4,8.363256456586602e-93
5,8.363256456586602e-93
