epoch,gBest_fitness
1,6.398263558271016e-82
2,6.398263558271016e-82
3,3.174366929369559e-83
4,8.291169360817174e-94
5,8.291169360817174e-94
