epoch,gBest_fitness
1,2.0466241083173747e-11
2,2.0466241083173747e-11
3,2.0466241083173747e-11
4,3.3817960682081435e-13
5,7.064730843123536e-18
