epoch,gBest_fitness
1,4.313872386369178e-80
2,1.059782123295987e-85
3,1.059782123295987e-85
4,1.479445343454651e-86
5,7.037925633263135e-89
