epoch,gBest_fitness
1,4.996066593831448e-12
2,6.369097513438318e-20
3,6.369097513438318e-20
4,6.369097513438318e-20
5,6.369097513438318e-20
