epoch,gBest_fitness
1,6.610849885514822e-16
2,6.610849885514822e-16
3,6.610849885514822e-16
4,6.610849885514822e-16
5,6.610849885514822e-16
