epoch,gBest_fitness
1,1.7442122047808686e-92
2,1.7442122047808686e-92
3,1.7442122047808686e-92
4,1.7442122047808686e-92
5,1.7442122047808686e-92
