epoch,gBest_fitness
1,2.559218375508599e-10
2,6.664239940867446e-13
3,2.8939018937871165e-15
4,1.88538349890781e-17
5,1.88538349890781e-17
