epoch,gBest_fitness
1,1.8223038569474323e-17
2,1.6702346516596381e-19
3,1.6702346516596381e-19
4,1.6702346516596381e-19
5,1.6702346516596381e-19
