epoch,gBest_fitness
1,5.822835825147862e-87
2,5.822835825147862e-87
3,7.531680036643538e-95
4,7.531680036643538e-95
5,7.531680036643538e-95
