epoch,gBest_fitness
1,1.5838122116116933e-83
2,2.1200725970567624e-84
3,5.569190675158653e-91
4,5.569190675158653e-91
5,5.569190675158653e-91
