epoch,gBest_fitness
1,2.5451721983932066e-108
2,1.4499738856828446e-110
3,3.168542497077915e-118
4,1.386137604475047e-120
5,1.386137604475047e-120
