epoch,gBest_fitness
1,1.8340225502557072e-12
2,1.8340225502557072e-12
3,1.8340225502557072e-12
4,1.8340225502557072e-12
5,8.201149435588768e-13
