epoch,gBest_fitness
1,3.4186215899257887e-15
2,3.4186215899257887e-15
3,3.4186215899257887e-15
4,2.8747346910608657e-16
5,2.8747346910608657e-16
