epoch,gBest_fitness
1,6.185420249024012e-16
2,6.185420249024012e-16
3,1.5556915813607843e-19
4,8.932332172873046e-21
5,8.932332172873046e-21
