epoch,gBest_fitness
1,1.727494624820803e-10
2,1.6108597599032715e-20
3,1.6108597599032715e-20
4,1.6108597599032715e-20
5,1.6108597599032715e-20
