epoch,gBest_fitness
1,1.0847032995965838e-85
2,2.099093034395203e-86
3,2.099093034395203e-86
4,1.769736372943215e-92
5,1.710905491310859e-96
