epoch,gBest_fitness
1,5.0285140264191394e-11
2,1.1829388659186074e-18
3,1.1829388659186074e-18
4,1.1829388659186074e-18
5,7.809199476379477e-27
