epoch,gBest_fitness
1,3.4866842232442647e-102
2,9.03778914859958e-128
3,9.03778914859958e-128
4,9.03778914859958e-128
5,9.03778914859958e-128
