epoch,gBest_fitness
1,8.804253707359398e-17
2,8.804253707359398e-17
3,8.804253707359398e-17
4,2.447115145936803e-17
5,2.447115145936803e-17
