epoch,gBest_fitness
1,4.2912430981266764e-14
2,4.2912430981266764e-14
3,8.662160933113116e-18
4,8.662160933113116e-18
5,8.662160933113116e-18
