epoch,gBest_fitness
1,1.6921103061362168e-115
2,2.150540590084097e-121
3,2.150540590084097e-121
4,2.150540590084097e-121
5,7.401986772807093e-134
