epoch,gBest_fitness
1,1.145451687154578e-13
2,4.92182748855535e-17
3,4.92182748855535e-17
4,4.92182748855535e-17
5,4.92182748855535e-17
