epoch,gBest_fitness
1,1.8567969964458303e-87
2,1.8567969964458303e-87
3,1.8567969964458303e-87
4,1.1081340307998783e-96
5,1.1081340307998783e-96
