epoch,gBest_fitness
1,7.459573513185256e-14
2,8.125039975474202e-16
3,4.133741646723168e-23
4,4.133741646723168e-23
5,4.133741646723168e-23
