epoch,gBest_fitness
1,2.6648047551964823e-21
2,2.6648047551964823e-21
3,2.6648047551964823e-21
4,2.6648047551964823e-21
5,2.6648047551964823e-21
