epoch,gBest_fitness
1,1.8812222566687505e-113
2,8.486165156641769e-121
3,8.486165156641769e-121
4,8.486165156641769e-121
5,1.2784038521786383e-125
