epoch,gBest_fitness
1,3.082546194326412e-89
2,2.714772619929476e-98
3,2.714772619929476e-98
4,2.714772619929476e-98
5,2.714772619929476e-98
