epoch,gBest_fitness
1,1.1996075186962462e-19
2,1.1996075186962462e-19
3,1.1996075186962462e-19
4,1.1996075186962462e-19
5,1.1996075186962462e-19
