epoch,gBest_fitness
1,1.50630495099886e-92
2,1.50630495099886e-92
3,1.50630495099886e-92
4,1.50630495099886e-92
5,3.303075592801069e-99
