epoch,gBest_fitness
1,6.2785064927265614e-15
2,6.2785064927265614e-15
3,6.2785064927265614e-15
4,6.2785064927265614e-15
5,6.2785064927265614e-15
