epoch,gBest_fitness
1,1.672351337268175e-11
2,1.0073803514596882e-16
3,1.0073803514596882e-16
4,3.168285158148801e-17
5,3.168285158148801e-17
