epoch,gBest_fitness
1,1.0113009252894791e-19
2,1.0113009252894791e-19
3,1.0113009252894791e-19
4,1.0113009252894791e-19
5,5.481487244551891e-20
