epoch,gBest_fitness
1,1.0661307842677471e-14
2,1.0661307842677471e-14
3,2.052993117487371e-17
4,2.052993117487371e-17
5,2.052993117487371e-17
