epoch,gBest_fitness
1,6.757252695393184e-17
2,2.0288453517808223e-22
3,2.0288453517808223e-22
4,2.0288453517808223e-22
5,2.0288453517808223e-22
