epoch,gBest_fitness
1,1.4197516211444922e-11
2,1.809644728072569e-16
3,6.274709365685348e-18
4,6.274709365685348e-18
5,6.274709365685348e-18
