epoch,gBest_fitness
1,8.064547014669237e-93
2,8.064547014669237e-93
3,8.064547014669237e-93
4,1.482949923103098e-95
5,1.482949923103098e-95
