epoch,gBest_fitness
1,1.0316585598594921e-90
2,1.1246941340594367e-92
3,1.1246941340594367e-92
4,1.1246941340594367e-92
5,2.732617527773851e-94
