epoch,gBest_fitness
1,2.018687240724566e-83
2,2.018687240724566e-83
3,2.860463270119457e-87
4,2.860463270119457e-87
5,1.315752437661089e-94
