epoch,gBest_fitness
1,1.9783520659195956e-09
2,4.471508329960502e-11
3,4.471508329960502e-11
4,8.531415233270921e-18
5,7.987257050708725e-19
