epoch,gBest_fitness
1,8.846943011095798e-118
2,2.2913846926379493e-127
3,2.2913846926379493e-127
4,2.2913846926379493e-127
5,2.2913846926379493e-127
