epoch,gBest_fitness
1,5.394507361535276e-96
2,5.394507361535276e-96
3,5.394507361535276e-96
4,5.394507361535276e-96
5,5.394507361535276e-96
