epoch,gBest_fitness
1,5.300800481400445e-92
2,5.300800481400445e-92
3,5.300800481400445e-92
4,5.300800481400445e-92
5,5.300800481400445e-92
