epoch,gBest_fitness
1,1.142889487536428e-09
2,1.142889487536428e-09
3,1.0588987522289523e-13
4,1.0588987522289523e-13
5,1.990690806637618e-15
