epoch,gBest_fitness
1,1.409403888001171e-91
2,1.409403888001171e-91
3,4.985175347707099e-95
4,4.985175347707099e-95
5,4.985175347707099e-95
