epoch,gBest_fitness
1,1.0727580800600158e-15
2,1.0727580800600158e-15
3,1.0727580800600158e-15
4,3.3663860797144505e-19
5,3.3663860797144505e-19
