epoch,gBest_fitness
1,6.151694144751284e-19
2,6.151694144751284e-19
3,6.151694144751284e-19
4,6.151694144751284e-19
5,6.151694144751284e-19
