epoch,gBest_fitness
1,2.402832700787722e-17
2,2.402832700787722e-17
3,2.402832700787722e-17
4,2.402832700787722e-17
5,2.402832700787722e-17
