epoch,gBest_fitness
1,3.7329539501967647e-82
2,3.7329539501967647e-82
3,4.446326062566235e-87
4,4.446326062566235e-87
5,4.446326062566235e-87
