epoch,gBest_fitness
1,1.0697125645568393e-79
2,1.2778223509451446e-85
3,3.649675835027285e-91
4,3.649675835027285e-91
5,3.649675835027285e-91
