epoch,gBest_fitness
1,2.4184288037913116e-16
2,7.696371688181265e-17
3,7.696371688181265e-17
4,1.2161718165116226e-18
5,1.2161718165116226e-18
