epoch,gBest_fitness
1,5.202403694659595e-92
2,5.202403694659595e-92
3,5.202403694659595e-92
4,2.8014369524823916e-97
5,2.8014369524823916e-97
