epoch,gBest_fitness
1,4.280242521741503e-89
2,4.280242521741503e-89
3,4.280242521741503e-89
4,4.280242521741503e-89
5,4.280242521741503e-89
