epoch,gBest_fitness
1,3.2626889582524775e-14
2,2.551951052868302e-16
3,2.551951052868302e-16
4,2.551951052868302e-16
5,2.551951052868302e-16
