epoch,gBest_fitness
1,3.19514967391089e-122
2,7.87319241155119e-128
3,7.87319241155119e-128
4,7.87319241155119e-128
5,7.87319241155119e-128
