epoch,gBest_fitness
1,9.302830474619505e-14
2,9.302830474619505e-14
3,7.458488877683524e-14
4,7.458488877683524e-14
5,8.499297413340889e-17
