epoch,gBest_fitness
1,8.159429819713655e-89
2,5.841851159505053e-94
3,5.841851159505053e-94
4,5.841851159505053e-94
5,5.841851159505053e-94
