epoch,gBest_fitness
1,5.112384215556282e-120
2,5.112384215556282e-120
3,1.2425165592616117e-121
4,2.2787809634684144e-126
5,2.2787809634684144e-126
