epoch,gBest_fitness
1,3.831492965042929e-18
2,3.831492965042929e-18
3,3.831492965042929e-18
4,3.831492965042929e-18
5,3.831492965042929e-18
