epoch,gBest_fitness
1,1.0317204262129268e-114
2,1.0317204262129268e-114
3,1.0317204262129268e-114
4,1.0317204262129268e-114
5,1.953023153170273e-115
