epoch,gBest_fitness
1,3.3845343572958743e-116
2,1.2647904813122467e-119
3,1.2647904813122467e-119
4,1.2647904813122467e-119
5,6.815465423386334e-127
