epoch,gBest_fitness
1,1.113224217045542e-101
2,1.113224217045542e-101
3,1.113224217045542e-101
4,1.113224217045542e-101
5,1.113224217045542e-101
