epoch,gBest_fitness
1,2.8661764200580953e-09
2,7.533273380378807e-14
3,3.3963731726143473e-16
4,3.3963731726143473e-16
5,6.092280471213799e-18
