epoch,gBest_fitness
1,2.726397651950244e-116
2,2.006370632430986e-118
3,2.006370632430986e-118
4,2.006370632430986e-118
5,2.006370632430986e-118
