epoch,gBest_fitness
1,5.5038917577019e-11
2,5.5038917577019e-11
3,5.5038917577019e-11
4,3.0537419242836794e-15
5,3.0537419242836794e-15
