epoch,gBest_fitness
1,1.1362325461071249e-86
2,3.806072754682176e-96
3,3.806072754682176e-96
4,3.806072754682176e-96
5,3.806072754682176e-96
