epoch,gBest_fitness
1,2.1330272402569513e-114
2,2.1330272402569513e-114
3,2.1330272402569513e-114
4,1.4159454726223748e-124
5,1.4159454726223748e-124
