epoch,gBest_fitness
1,1.790374771523131e-15
2,1.790374771523131e-15
3,1.790374771523131e-15
4,3.5900800788988755e-19
5,3.5900800788988755e-19
