epoch,gBest_fitness
1,6.140216345203333e-16
2,6.140216345203333e-16
3,2.0845605935585248e-16
4,2.0845605935585248e-16
5,7.444224158825005e-17
