epoch,gBest_fitness
1,1.3147030947141377e-81
2,4.232089190745783e-95
3,4.232089190745783e-95
4,4.232089190745783e-95
5,4.232089190745783e-95
