epoch,gBest_fitness
1,5.2902144872925075e-15
2,5.2902144872925075e-15
3,5.2902144872925075e-15
4,1.9633897324642798e-15
5,1.9633897324642798e-15
