epoch,gBest_fitness
1,1.64478057754289e-89
2,8.648080097488057e-92
3,2.1824431252615743e-95
4,2.1824431252615743e-95
5,2.1824431252615743e-95
