epoch,gBest_fitness
1,1.3356136592792747e-85
2,9.380372635303937e-93
3,9.380372635303937e-93
4,9.380372635303937e-93
5,9.380372635303937e-93
