epoch,gBest_fitness
1,1.0703110180417126e-15
2,1.0703110180417126e-15
3,1.0703110180417126e-15
4,1.0703110180417126e-15
5,1.0703110180417126e-15
