epoch,gBest_fitness
1,2.5493780572016765e-91
2,2.5493780572016765e-91
3,2.5493780572016765e-91
4,2.5493780572016765e-91
5,2.5493780572016765e-91
