epoch,gBest_fitness
1,1.4882551600042994e-10
2,3.844256526801213e-17
3,3.844256526801213e-17
4,1.5643313495144785e-18
5,1.5643313495144785e-18
