epoch,gBest_fitness
1,2.9960974546086026e-82
2,1.628946510582141e-84
3,1.628946510582141e-84
4,1.6041548747191658e-84
5,3.236473666940099e-85
