epoch,gBest_fitness
1,4.2085828594060134e-10
2,1.0045389532888299e-15
3,2.943039076290511e-16
4,2.943039076290511e-16
5,1.4203647177635062e-21
