epoch,gBest_fitness
1,2.6586169685934527e-112
2,8.665984050472467e-120
3,3.209336394931983e-126
4,3.209336394931983e-126
5,3.209336394931983e-126
