epoch,gBest_fitness
1,3.1105528634693857e-87
2,1.0783162316602488e-90
3,1.0783162316602488e-90
4,1.0783162316602488e-90
5,1.0783162316602488e-90
