epoch,gBest_fitness
1,9.919923534825043e-87
2,7.420412761998382e-91
3,7.420412761998382e-91
4,3.664141770477751e-94
5,5.089811284631829e-97
