epoch,gBest_fitness
1,1.5061664940535354e-113
2,1.5061664940535354e-113
3,5.544685313308059e-124
4,5.544685313308059e-124
5,5.544685313308059e-124
