epoch,gBest_fitness
1,2.2602422169365528e-11
2,2.4642315761926915e-16
3,9.150255116431952e-19
4,9.150255116431952e-19
5,9.150255116431952e-19
