epoch,gBest_fitness
1,6.740677381724196e-88
2,7.270174080028514e-99
3,7.270174080028514e-99
4,7.270174080028514e-99
5,7.270174080028514e-99
