epoch,gBest_fitness
1,8.87320953853414e-87
2,8.87320953853414e-87
3,2.937426774704967e-99
4,2.937426774704967e-99
5,2.937426774704967e-99
