epoch,gBest_fitness
1,1.218042283820828e-111
2,4.206515740127774e-121
3,4.206515740127774e-121
4,4.206515740127774e-121
5,1.4532162113892225e-122
