epoch,gBest_fitness
1,1.3896583642847077e-25
2,1.3896583642847077e-25
3,1.3896583642847077e-25
4,1.3896583642847077e-25
5,1.3896583642847077e-25
