epoch,gBest_fitness
1,4.42712529123092e-13
2,1.396796058788381e-16
3,1.396796058788381e-16
4,3.5488090233972287e-19
5,3.5488090233972287e-19
