epoch,gBest_fitness
1,3.1497003001064017e-81
2,1.0805471236704066e-88
3,1.0805471236704066e-88
4,1.0805471236704066e-88
5,5.602597073370193e-93
