epoch,gBest_fitness
1,8.945121108189737e-98
2,8.945121108189737e-98
3,8.945121108189737e-98
4,8.945121108189737e-98
5,8.945121108189737e-98
