epoch,gBest_fitness
1,5.449461184229113e-123
2,5.449461184229113e-123
3,5.449461184229113e-123
4,5.449461184229113e-123
5,5.449461184229113e-123
