epoch,gBest_fitness
1,6.871000638352311e-21
2,6.871000638352311e-21
3,6.871000638352311e-21
4,6.871000638352311e-21
5,6.871000638352311e-21
