epoch,gBest_fitness
1,1.1168548562781778e-104
2,4.884693755872356e-108
3,1.6705225571920523e-112
4,1.6705225571920523e-112
5,1.6705225571920523e-112
