epoch,gBest_fitness
1,1.6734412320263303e-16
2,1.1825033555620518e-16
3,1.1825033555620518e-16
4,8.541180726040435e-22
5,8.541180726040435e-22
