epoch,gBest_fitness
1,7.980693421474469e-15
2,2.058551758078386e-15
3,3.3939949748152034e-16
4,1.9314699740161533e-18
5,1.9314699740161533e-18
