epoch,gBest_fitness
1,3.8632660402412423e-10
2,2.0806759902131e-15
3,2.0806759902131e-15
4,2.0806759902131e-15
5,2.0806759902131e-15
