epoch,gBest_fitness
1,1.6416243693416999e-16
2,1.6416243693416999e-16
3,1.6416243693416999e-16
4,1.6416243693416999e-16
5,1.6416243693416999e-16
