epoch,gBest_fitness
1,2.4277350177520907e-101
2,2.7576802624620822e-114
3,1.0112355127766395e-116
4,1.0112355127766395e-116
5,1.0112355127766395e-116
