epoch,gBest_fitness
1,5.240528743964991e-15
2,1.2136809925495771e-20
3,1.2136809925495771e-20
4,1.2136809925495771e-20
5,1.2136809925495771e-20
