epoch,gBest_fitness
1,1.5458847289728181e-93
2,1.5458847289728181e-93
3,1.4865193929736369e-99
4,1.4865193929736369e-99
5,1.4865193929736369e-99
