epoch,gBest_fitness
1,1.2327836510115586e-91
2,1.2327836510115586e-91
3,2.140426039434923e-101
4,2.140426039434923e-101
5,2.140426039434923e-101
