epoch,gBest_fitness
1,7.499525919992273e-84
2,5.132269906094331e-84
3,1.333991553084562e-96
4,1.333991553084562e-96
5,1.333991553084562e-96
