epoch,gBest_fitness
1,3.8766497107103054e-113
2,3.8766497107103054e-113
3,7.944538958888653e-117
4,2.103797356200844e-120
5,2.103797356200844e-120
