epoch,gBest_fitness
1,3.130551513415153e-14
2,6.719208263284493e-16
3,6.719208263284493e-16
4,6.719208263284493e-16
5,6.719208263284493e-16
