epoch,gBest_fitness
1,1.519552577368916e-14
2,8.900578492157303e-21
3,8.900578492157303e-21
4,8.900578492157303e-21
5,8.900578492157303e-21
