epoch,gBest_fitness
1,2.0149846863898578e-114
2,2.0149846863898578e-114
3,2.0149846863898578e-114
4,6.832449363043059e-125
5,6.832449363043059e-125
