epoch,gBest_fitness
1,1.0086115901952895e-114
2,9.527473386147805e-128
3,9.527473386147805e-128
4,9.527473386147805e-128
5,9.527473386147805e-128
