epoch,gBest_fitness
1,3.0235217195659053e-85
2,4.86784955777549e-86
3,1.4614663370481815e-91
4,1.4614663370481815e-91
5,1.4614663370481815e-91
