epoch,gBest_fitness
1,-3552.083072710178
2,-4529.512618006761
3,-4613.207023950976
4,-5362.98599730333
5,-5382.833813535304
