epoch,gBest_fitness
1,-64.29997658182104
2,-64.29997658182104
3,-64.29997658182104
4,-64.29997658182104
5,-64.29997658182104
