epoch,gBest_fitness
1,-7.754667309765263
2,-7.754667309765263
3,-59.65503702560254
4,-72.82931795500612
5,-75.74972005599868
