epoch,gBest_fitness
1,-1103.2890594164376
2,-1539.7101652432882
3,-1539.7101652432882
4,-1539.7101652432882
5,-1632.06333266811
