epoch,gBest_fitness
1,-72.20500105191529
2,-72.20500105191529
3,-85.28488427883111
4,-110.9635862073647
5,-112.4217532776704
