epoch,gBest_fitness
1,-849.6590499260841
2,-900.5741117247806
3,-900.5741117247806
4,-935.3542522370216
5,-935.3542522370216
