epoch,gBest_fitness
1,-1651.454216965918
2,-2127.546693079829
3,-3006.484674518566
4,-3006.484674518566
5,-3006.484674518566
