epoch,gBest_fitness
1,-75.6528705805627
2,-78.53872068926496
3,-78.53872068926496
4,-78.53872068926496
5,-78.53872068926496
