epoch,gBest_fitness
1,-1036.664506274657
2,-1036.664506274657
3,-1088.0422217787395
4,-1088.0422217787395
5,-1088.0422217787395
