epoch,gBest_fitness
1,-1088.0422217787395
2,-1088.0422217787395
3,-1088.0422217787395
4,-1088.0422217787395
5,-1088.0422217787395
