epoch,gBest_fitness
1,-99.65185923348915
2,-99.65185923348915
3,-100.2029629853211
4,-100.2029629853211
5,-100.2029629853211
