epoch,gBest_fitness
1,-44.2435646487467
2,-45.75285362304388
3,-56.73152557705511
4,-56.73152557705511
5,-68.00768727020136
