epoch,gBest_fitness
1,-153.83302812974156
2,-279.6986559041737
3,-279.6986559041737
4,-279.6986559041737
5,-279.6986559041737
