epoch,gBest_fitness
1,-2540.043693365542
2,-2540.043693365542
3,-2735.283443673717
4,-2735.283443673717
5,-2735.283443673717
