epoch,gBest_fitness
1,-2256.187798618074
2,-2639.9011681179236
3,-2652.7519022539796
4,-2720.105554446849
5,-2720.105554446849
