epoch,gBest_fitness
1,-185.04465223506176
2,-256.19269783210285
3,-279.94007191263523
4,-393.95738256500215
5,-393.95738256500215
