epoch,gBest_fitness
1,-55.6869422572791
2,-103.69783949209464
3,-107.0449834713185
4,-108.85170186118869
5,-108.88972670670096
