epoch,gBest_fitness
1,-8.389801093845385
2,-62.56767841940493
3,-67.48709164998705
4,-84.47108667390933
5,-86.50043720432622
