epoch,gBest_fitness
1,-120.16485387672252
2,-120.16485387672252
3,-120.16485387672252
4,-304.789460222695
5,-304.789460222695
