epoch,gBest_fitness
1,-2196.455501653172
2,-2204.7117005454293
3,-2204.7117005454293
4,-2583.618166818874
5,-2583.618166818874
