epoch,gBest_fitness
1,-194.23784729510942
2,-241.79427977675354
3,-241.79427977675354
4,-282.0657548649123
5,-282.0657548649123
