epoch,gBest_fitness
1,-4780.508372015115
2,-5440.211108893698
3,-5440.211108893698
4,-5440.211108893698
5,-5440.211108893698
