epoch,gBest_fitness
1,-1601.2356944174844
2,-1632.06333266811
3,-1632.06333266811
4,-1632.06333266811
5,-1632.06333266811
