epoch,gBest_fitness
1,-499.3188878966454
2,-974.0005042029777
3,-974.0005042029777
4,-974.0005042029777
5,-980.2955314085161
