epoch,gBest_fitness
1,-191.97045150672497
2,-191.97045150672497
3,-191.97045150672497
4,-192.18182085316403
5,-192.18182085316403
