epoch,gBest_fitness
1,-2619.3932959999424
2,-5440.211108893698
3,-5440.211108893698
4,-5440.211108893698
5,-5440.211108893698
