epoch,gBest_fitness
1,-260.79632425089164
2,-260.79632425089164
3,-260.79632425089164
4,-294.1292835797758
5,-392.2361072456955
