epoch,gBest_fitness
1,-56.896122636212176
2,-78.71671821123508
3,-78.71671821123508
4,-78.71671821123508
5,-78.71671821123508
