epoch,gBest_fitness
1,-162.92569750770812
2,-162.92569750770812
3,-162.92569750770812
4,-194.68042023903158
5,-196.6077308188682
