epoch,gBest_fitness
1,-3324.122125802386
2,-5311.498207078212
3,-5440.211108893698
4,-5440.211108893698
5,-5440.211108893698
