epoch,gBest_fitness
1,-36.137737748393654
2,-36.137737748393654
3,-79.01181383539536
4,-79.01181383539536
5,-104.79467069318643
