epoch,gBest_fitness
1,-934.9481197918576
2,-1088.0422217787395
3,-1088.0422217787395
4,-1088.0422217787395
5,-1088.0422217787395
