epoch,gBest_fitness
1,-192.23271537852642
2,-192.23271537852642
3,-192.23271537852642
4,-192.23271537852642
5,-192.23271537852642
