epoch,gBest_fitness
1,-1541.0391820935474
2,-1632.06333266811
3,-1632.06333266811
4,-1632.06333266811
5,-1632.06333266811
