epoch,gBest_fitness
1,-110.5973252012339
2,-138.8578501519675
3,-146.75172435883812
4,-146.75172435883812
5,-187.81705837112077
