epoch,gBest_fitness
1,-163.86122180500908
2,-166.15189372441097
3,-166.15189372441097
4,-166.15189372441097
5,-166.15189372441097
