epoch,gBest_fitness
1,-2632.5538092688594
2,-2632.5538092688594
3,-2632.5538092688594
4,-2632.5538092688594
5,-2632.5538092688594
