epoch,gBest_fitness
1,645.0528271170467
2,26.883693296278107
3,7.537867143178481
4,1.283738336423898
5,0.4833387850512171
