epoch,gBest_fitness
1,11134029.586100724
2,42349.45313448568
3,1308.1314200453703
4,98.00285844907636
5,42.58312947575967
