epoch,gBest_fitness
1,26631625258.67111
2,21295763.51648911
3,786564.2714883521
4,40185.1291252042
5,6992.101901804694
