epoch,gBest_fitness
1,44200797352.05598
2,25870306.518219784
3,1609699.7175905472
4,104877.41887125254
5,43664.91434263459
