epoch,gBest_fitness
1,319205525493830.8
2,226105872699.4745
3,5961014434.111205
4,879326223.0022566
5,247175240.37223187
