epoch,gBest_fitness
1,197235.8634863077
2,8579.79578065244
3,703.0165128355377
4,116.3078817477705
5,40.6128760018722
