epoch,gBest_fitness
1,544976700108.061
2,373500033.68276143
3,1530118.0595672112
4,26197.12899997818
5,1770.1502447643843
