epoch,gBest_fitness
1,33888.23826052509
2,3311.347683205086
3,607.8645637012096
4,183.45773957047456
5,55.14446872197091
