epoch,gBest_fitness
1,21.267546219949008
2,0.8561980764310385
3,0.0818447083863873
4,0.015936546079444242
5,0.0063598065066528455
