epoch,gBest_fitness
1,10140.657861082902
2,68.5411617267421
3,16.792251946954643
4,2.0629194543638163
5,0.10726897507259157
