epoch,gBest_fitness
1,44463847.02414782
2,92622.24090701807
3,1440.5220009683617
4,69.3641374085163
5,9.70636964839292
