epoch,gBest_fitness
1,25403353.24827843
2,1907836.6291984087
3,347219.17979741807
4,71667.78432853564
5,31215.608947266737
