epoch,gBest_fitness
1,4.541540299133862
2,0.31699547454389027
3,0.08920213094904425
4,0.010868777668290431
5,0.0010228198199456699
