epoch,gBest_fitness
1,497939787529800.6
2,1169249808537.9543
3,77479551499.63335
4,7489970947.339609
5,597382882.8323536
