epoch,gBest_fitness
1,454.3557806491176
2,29.22867107898191
3,2.558557199918333
4,0.7477784814975283
5,0.2663731235991458
