epoch,gBest_fitness
1,2087.1033321468726
2,7.386119671423741
3,1.3668162562792698
4,0.18194612047860864
5,0.02829921776014639
