epoch,gBest_fitness
1,271501694858214.56
2,270213543386.6691
3,25132939461.81443
4,4922325337.26771
5,2912543704.100131
