epoch,gBest_fitness
1,19132929.297983706
2,1368365.4425424524
3,290496.82578948996
4,115634.1333543545
5,65985.4454044458
