epoch,gBest_fitness
1,40048.77124436994
2,2045.4322291644703
3,126.57903716644086
4,22.767556125762574
5,9.33939755097246
