epoch,gBest_fitness
1,19779077.486840803
2,4239.091123633121
3,197.1340775559981
4,11.697527611937918
5,4.101885366722441
