epoch,gBest_fitness
1,246309057493.3565
2,239856896.28811982
3,11277293.895185493
4,902333.2244617292
5,67838.56022543827
