epoch,gBest_fitness
1,180.52401560230584
2,20.72200242514881
3,1.788963781868492
4,0.8190026674546336
5,0.34033257710455844
