epoch,gBest_fitness
1,327829702791.228
2,483789526.1682513
3,12479691.362384114
4,1502481.760557096
5,103798.1194465211
