epoch,gBest_fitness
1,164439529549674.88
2,1190721031641.2886
3,58205512098.33354
4,3876008618.634216
5,621268117.7589759
