epoch,gBest_fitness
1,157563650.727362
2,0.8871275980598496
3,0.06045537870883966
4,0.027225277010012653
5,0.01550731563437361
