epoch,gBest_fitness
1,147.1638087379134
2,26.422623127373015
3,3.4355791950188053
4,1.1687963536220467
5,0.6709201070290655
