epoch,gBest_fitness
1,555316505727.0955
2,2068.2946788358313
3,444.8493293923533
4,140.532542041995
5,72.4321327027935
