epoch,gBest_fitness
1,53712.99841875433
2,3255.4618405303145
3,862.9101849826443
4,298.91953684001913
5,175.00510545125582
