epoch,gBest_fitness
1,4.13448230263541
2,0.26999192649671355
3,0.04811557081879588
4,0.00668060601447253
5,0.000954473817789637
