epoch,gBest_fitness
1,19200523.379311673
2,2472264.2315883273
3,478124.48053973995
4,278443.0026145716
5,127358.25494344142
