epoch,gBest_fitness
1,1.954689438334255
2,0.2778990127901957
3,0.05565342873936202
4,0.017149881911139704
5,0.005428827399120693
