epoch,gBest_fitness
1,1051343552306012.2
2,8628693775636.582
3,379332492380.0109
4,39398188867.425835
5,7976665672.415751
