epoch,gBest_fitness
1,18418.459045953627
2,395.9451542098118
3,15.191092066207188
4,0.48359947085213806
5,0.121099952245844
