epoch,gBest_fitness
1,20597265.63754316
2,17093.226692040746
3,527.9295050197805
4,77.6057910218921
5,15.972074372477467
