epoch,gBest_fitness
1,23665669343534.074
2,78912101768.4572
3,4828798143.888767
4,730083451.4639646
5,103438444.93187197
