epoch,gBest_fitness
1,12859554.963424053
2,1186490.729486473
3,169592.24348922604
4,39334.461095904866
5,20277.61510042208
