epoch,gBest_fitness
1,750464.3300435765
2,91200.93644359951
3,30209.013994314177
4,15663.05824261917
5,12176.875915955143
