epoch,gBest_fitness
1,95435.47521663201
2,2452.059414308185
3,186.00585277198834
4,30.08991427165856
5,13.35037337300703
