epoch,gBest_fitness
1,4308953.695465196
2,802395.9426608772
3,108852.600296154
4,47033.863976516455
5,19422.276484372785
