epoch,gBest_fitness
1,3452273.4948026417
2,50667.53657110571
3,1952.2712363690682
4,142.4402897788519
5,37.10705471031567
