epoch,gBest_fitness
1,984419305888511.9
2,2347495507437.97
3,91733491219.97939
4,43927432228.49671
5,6480122105.668821
