epoch,gBest_fitness
1,20223.43405807356
2,3564.5823290035073
3,624.2791248385378
4,399.74677606229085
5,104.79558197983135
