epoch,gBest_fitness
1,120180.26608964853
2,195.07397793525575
3,11.141129077042427
4,0.5082449560397568
5,0.1036786678033923
