epoch,gBest_fitness
1,15650.640971087134
2,1729.5214463422321
3,254.52056748864268
4,89.61507686684833
5,31.706050398205594
