epoch,gBest_fitness
1,28.847700734193833
2,0.5308030972535609
3,0.17533209669260663
4,0.09313700076150624
5,0.006235030568518224
