epoch,gBest_fitness
1,62295125.52452757
2,8222610.765957348
3,2219849.3312738123
4,448876.67418822076
5,254347.33498031856
