epoch,gBest_fitness
1,29337165452.066425
2,20734047.426362652
3,1122069.840696078
4,21162.229523135604
5,5851.405584790707
