epoch,gBest_fitness
1,259.35677633048863
2,19.382280024885326
3,5.217106989793512
4,1.820214272268682
5,0.8448023253764201
