epoch,gBest_fitness
1,26288761.212661218
2,363280.4523772405
3,77951.07682986025
4,20817.099429673395
5,12562.342817115845
