epoch,gBest_fitness
1,2.8510340229532356
2,0.17803805536055844
3,0.03091499871145672
4,0.010899233421655729
5,0.003551420133736454
