epoch,gBest_fitness
1,104.59379219937964
2,8.086902830046439
3,2.202210245103489
4,1.000802004950296
5,0.5842018975797069
