epoch,gBest_fitness
1,3360.1228773415255
2,3.5974594021445605
3,0.15903133608257516
4,0.024670399290787536
5,0.006549609231513633
