epoch,gBest_fitness
1,40549971183196.41
2,172515950076.59683
3,6155365412.186365
4,1800338455.8360639
5,219950648.4746788
