epoch,gBest_fitness
1,171698727.06784037
2,204225.46952630152
3,4201.286974756841
4,398.76169865551384
5,57.2294848287602
