epoch,gBest_fitness
1,454.4325092091086
2,11.027182100954594
3,4.201463663571415
4,1.0539796842089668
5,0.55239456484089
