epoch,gBest_fitness
1,24559336.739544824
2,2165811.8182662586
3,250745.8985438735
4,50822.592098255765
5,23501.724529644758
