epoch,gBest_fitness
1,4809623.881233253
2,762982.7548691115
3,311230.0162650976
4,100038.86006036989
5,59332.92799570065
