epoch,gBest_fitness
1,290281555.2590643
2,40264.28774514223
3,2017.0418059937288
4,120.00142107345837
5,21.37309074895959
