epoch,gBest_fitness
1,503757615961.25006
2,242445820.7137634
3,1709034.7758522688
4,228402.98848463403
5,27908.25543638913
