epoch,gBest_fitness
1,115485.6387802577
2,2880.348664488654
3,1274.4650005450394
4,588.5566415395353
5,232.656817452532
