epoch,gBest_fitness
1,1072264.545023684
2,1612.8585448121225
3,84.00168920438287
4,4.8241662597003545
5,0.42781186206373895
