epoch,gBest_fitness
1,446511.14294897503
2,346.9212533861517
3,3.1773262587467084
4,0.5575446258780798
5,0.10920921780384998
