epoch,gBest_fitness
1,159669394807.54648
2,4169.002440096642
3,495.31709530631645
4,127.13856212053146
5,59.94706387847466
