epoch,gBest_fitness
1,76435845517532.38
2,269533727753.2308
3,7029423622.454709
4,960899572.7567598
5,141954766.8731999
