epoch,gBest_fitness
1,66537430.562743135
2,5942811.204490192
3,1531851.2792030887
4,353921.5240311648
5,155790.08434128546
