epoch,gBest_fitness
1,1.5865338487870093
2,0.08028269744584084
3,0.030097619553828378
4,0.012612193180149951
5,0.008519510848876456
