epoch,gBest_fitness
1,72284498950.03311
2,145115702.8016449
3,1365994.7311912372
4,23912.441256589987
5,5993.922538466507
