epoch,gBest_fitness
1,714240429438353.4
2,1701675310706.1357
3,84699546371.30052
4,8007414785.563798
5,1992879432.698838
