epoch,gBest_fitness
1,9.462225608338365
2,1.7446129869476112
3,0.9704437144310862
4,0.36346722622106575
5,0.26111863068896746
