epoch,gBest_fitness
1,43718453032372.63
2,92014641871.27843
3,4829932968.410977
4,429464240.18879914
5,96605918.19117081
