epoch,gBest_fitness
1,52675.37451212865
2,11.155937833540314
3,1.3010468971784501
4,0.12984946397690506
5,0.019729950389173214
