epoch,gBest_fitness
1,18278.214794979714
2,2180.7865354575833
3,512.5032485000584
4,138.81312798022083
5,15.17389096324885
