epoch,gBest_fitness
1,501.41022964455533
2,7.518261700354282
3,0.8022960146539597
4,0.2928505882826702
5,0.1423248625181093
