epoch,gBest_fitness
1,5890629985327.225
2,5400213095.0567
3,26490188.40495486
4,664412.0737979091
5,204496.412316393
