epoch,gBest_fitness
1,197.80165005937272
2,12.527885991136364
3,1.7822154088713382
4,0.6872868147771111
5,0.26032523371874267
