epoch,gBest_fitness
1,396.73700556357846
2,10.353863082914401
3,4.013348896918578
4,1.2859215382163942
5,0.8458137378961215
