epoch,gBest_fitness
1,37975795571.91622
2,72285704.99229787
3,761105.623600054
4,49406.48146849093
5,7643.8647873757745
