epoch,gBest_fitness
1,1716748.1841399334
2,2360.5346451044325
3,230.39112578105704
4,32.245738473036866
5,4.357617873587204
