epoch,gBest_fitness
1,0.7640932102821113
2,0.15607706096293752
3,0.0341717027678999
4,0.021977431846371055
5,0.008867755738700007
