epoch,gBest_fitness
1,126063100.10207713
2,0.1834565539702982
3,0.013500411132196164
4,0.005052740796939842
5,0.002773443939410166
