epoch,gBest_fitness
1,6.137966078047123
2,0.09236291874922586
3,0.01100220273962134
4,0.0018617578477794657
5,0.00047647124992080347
