epoch,gBest_fitness
1,44310247.46320735
2,5337577.469581211
3,835653.6151420744
4,298785.3167714965
5,105141.29287611667
