epoch,gBest_fitness
1,14312639209.336676
2,49860805.4868349
3,1246682.31470689
4,149594.04595682002
5,44029.844744646696
