epoch,gBest_fitness
1,6439912106.288114
2,2672166.7753683804
3,254717.15347564075
4,61108.742448314006
5,7654.798807745895
