epoch,gBest_fitness
1,9853094.373707008
2,6705.446268181762
3,111.10494143012296
4,7.396594422879695
5,1.4439955194566305
