epoch,gBest_fitness
1,3417.9920058925222
2,6.480335832308699
3,1.4327758319607047
4,0.13952222193475344
5,0.026505404275319833
