epoch,gBest_fitness
1,163350.94648145806
2,24.37730653248002
3,2.2892181436327923
4,0.6159982813027696
5,0.3228263783355366
