epoch,gBest_fitness
1,325994243147.121
2,57129242.75568683
3,3860296.13688461
4,620928.9704320696
5,76706.53807458299
