epoch,gBest_fitness
1,83702303.85251614
2,63351.56739611827
3,1236.2893667964536
4,174.04665381167305
5,18.99089536263183
