epoch,gBest_fitness
1,31325.142970063527
2,2215.6964810072645
3,514.6578027164687
4,249.72851345472395
5,99.99319809186764
