epoch,gBest_fitness
1,42016.26696921338
2,2253.0506926700978
3,308.3188910582742
4,133.32190682752537
5,55.24700057947032
