epoch,gBest_fitness
1,766.9536881842184
2,3.1527454364956586
3,0.4384780194809582
4,0.09651662591133894
5,0.019298473947505706
