epoch,gBest_fitness
1,79.9944100441573
2,5.7149462227587025
3,0.4825908974615701
4,0.25334504779313455
5,0.12475994712313272
