epoch,gBest_fitness
1,4810931707.678927
2,2069909.5096108476
3,20063.211845616755
4,1238.5125425494832
5,180.3747241309304
