epoch,gBest_fitness
1,264307.3842096309
2,177.27559144207643
3,13.562968960821893
4,1.040254484477951
5,0.14484443170699632
