epoch,gBest_fitness
1,2028555.978753484
2,6759.720738429109
3,22.500270691935057
4,1.0770369991091302
5,0.1741639369934247
