epoch,gBest_fitness
1,715946307.5876176
2,14378.939845897854
3,406.386710340473
4,36.79662346920514
5,2.809146610781343
