epoch,gBest_fitness
1,1.3569411679573384
2,0.2029432844968786
3,0.025576693034726924
4,0.008472541899301458
5,0.0017541491984627829
