epoch,gBest_fitness
1,14020567.28222446
2,118110.99842844272
3,42802.44163007227
4,17530.468139128734
5,8949.913509441138
