epoch,gBest_fitness
1,147848483514203.9
2,304063810733.6115
3,8424592372.468131
4,655983864.5225569
5,152977929.6635945
