epoch,gBest_fitness
1,1.2347041446638207
2,0.1432792165066495
3,0.028823609270023674
4,0.013084926014344519
5,0.0043685109523606165
