epoch,gBest_fitness
1,5541195.412309591
2,31.374495306061704
3,3.125207295380872
4,0.7904360522517913
5,0.1414839112035512
