epoch,gBest_fitness
1,48448097.23923632
2,33965.579484231945
3,742.4493346197613
4,57.13088706941876
5,4.116719708988519
