epoch,gBest_fitness
1,275755100970708.47
2,791846101378.1703
3,64867501712.749664
4,12694273765.66611
5,1079322664.399434
