epoch,gBest_fitness
1,0.5413820006220876
2,0.5662542363458373
3,0.9726343738498088
4,0.3190675364021214
5,0.18795211242171983
