epoch,gBest_fitness
1,0.6854165017632882
2,0.992573984265707
3,0.4420220657825611
4,0.11368690981075028
5,0.9300634290863762
