epoch,gBest_fitness
1,0.5016161553791153
2,0.11806619629006555
3,0.46893851211877535
4,0.3628491132940154
5,0.5268292716036257
