epoch,gBest_fitness
1,0.7864911695331489
2,0.03977590102889985
3,0.8130604422021741
4,0.654881502510417
5,0.6292962288155287
