epoch,gBest_fitness
1,0.5855281855305815
2,0.9471352424378016
3,0.8498559185149571
4,0.2707008386200166
5,0.15657818876507323
