epoch,gBest_fitness
1,0.752006100609097
2,0.08744211444034307
3,0.7327266563554293
4,0.551277421146249
5,0.8325382493853083
