epoch,gBest_fitness
1,0.4760427407764622
2,0.9906327827971042
3,0.7333347327585298
4,0.21499170344662827
5,0.19412004977442704
