epoch,gBest_fitness
1,0.8537682662216016
2,0.904293015599811
3,0.0779218719729733
4,0.2050893866499839
5,0.045461559432645966
