epoch,gBest_fitness
1,0.8529057538527729
2,0.28148764606828036
3,0.28277618539008265
4,0.20793256985039574
5,0.8046558703991443
