epoch,gBest_fitness
1,0.8457764609843376
2,0.2383977548483252
3,0.7544557232151137
4,0.838984363049523
5,0.0025176389617880828
