epoch,gBest_fitness
1,0.6091708614699333
2,0.23824685371941562
3,0.6995978321253544
4,0.4156233477494345
5,0.11524482668397934
