epoch,gBest_fitness
1,0.920538888717615
2,0.03974041387858315
3,0.7823599581170358
4,0.6819114417858377
5,0.18300168821055537
