epoch,gBest_fitness
1,0.46775508859366777
2,0.7167133872865392
3,0.6572559123593777
4,0.3871374773500671
5,0.3973765337966784
