epoch,gBest_fitness
1,0.7861997071936774
2,0.7939114225876387
3,0.7644835993257117
4,0.16550342096086906
5,0.5912526878242578
