epoch,gBest_fitness
1,0.07997694732583081
2,0.21700786033613229
3,0.8690752143334162
4,0.006734408377931081
5,0.4812569771454595
