epoch,gBest_fitness
1,0.6049640611031076
2,0.36667603087232425
3,0.4236617739258862
4,0.29477902396251376
5,0.7232928507560384
