epoch,gBest_fitness
1,0.20810290180687666
2,0.5514691744230169
3,0.6572990056627728
4,0.13332780636471964
5,0.23690758316854943
