epoch,gBest_fitness
1,0.25694865419122337
2,0.3121166286260611
3,0.19790798285315866
4,0.5660766068540283
5,0.8566750624044077
