epoch,gBest_fitness
1,0.4508685743457117
2,0.8214837588569381
3,0.6396672656300966
4,0.29403732364459667
5,0.44745734542857685
