epoch,gBest_fitness
1,0.27026799459302053
2,0.572481260258031
3,0.9468132150164941
4,0.30875078312709703
5,0.3432587101540453
