epoch,gBest_fitness
1,-78.24635795953488
2,-78.32685017152072
3,-78.32685017152072
4,-78.32685017152072
5,-78.32685017152072
