epoch,gBest_fitness
1,-78.21642504622895
2,-78.30008164036707
3,-78.33013386132231
4,-78.33013386132231
5,-78.33013386132231
