epoch,gBest_fitness
1,-78.315051675303
2,-78.315051675303
3,-78.315051675303
4,-78.32252569037763
5,-78.32252569037763
