epoch,gBest_fitness
1,-78.33148212207671
2,-78.33148212207671
3,-78.33148212207671
4,-78.33148212207671
5,-78.33148212207671
