epoch,gBest_fitness
1,-78.29023722644338
2,-78.29023722644338
3,-78.30127304204137
4,-78.30127304204137
5,-78.32989463113663
