epoch,gBest_fitness
1,-78.2425250951888
2,-78.32955842664823
3,-78.32955842664823
4,-78.32955842664823
5,-78.32955842664823
