epoch,gBest_fitness
1,-78.30683626925489
2,-78.30683626925489
3,-78.30683626925489
4,-78.32067090180286
5,-78.32067090180286
