epoch,gBest_fitness
1,-78.06747619661652
2,-78.17499686385922
3,-78.17499686385922
4,-78.30434888727949
5,-78.31869589786389
