epoch,gBest_fitness
1,-78.23521065481489
2,-78.33200015089709
3,-78.33200015089709
4,-78.33200015089709
5,-78.33200015089709
