epoch,gBest_fitness
1,-78.30875767395926
2,-78.3183701280098
3,-78.3286792291713
4,-78.3286792291713
5,-78.33108859107358
