epoch,gBest_fitness
1,-78.13293650260239
2,-78.28909158774319
3,-78.28909158774319
4,-78.28909158774319
5,-78.31882215223378
