epoch,gBest_fitness
1,-78.32671173689876
2,-78.32671173689876
3,-78.32671173689876
4,-78.32671173689876
5,-78.32671173689876
