epoch,gBest_fitness
1,-78.3115213425369
2,-78.3115213425369
3,-78.32677443103695
4,-78.32677443103695
5,-78.32677443103695
