epoch,gBest_fitness
1,-78.26825862416578
2,-78.26825862416578
3,-78.26825862416578
4,-78.33112218837157
5,-78.33112218837157
