epoch,gBest_fitness
1,-78.32811591070536
2,-78.32811591070536
3,-78.32811591070536
4,-78.32811591070536
5,-78.32811591070536
