epoch,gBest_fitness
1,-78.31167732412912
2,-78.31167732412912
3,-78.32651681583634
4,-78.32651681583634
5,-78.32651681583634
