epoch,gBest_fitness
1,-78.30507474625216
2,-78.30507474625216
3,-78.30507474625216
4,-78.31220826908792
5,-78.31220826908792
