epoch,gBest_fitness
1,-78.33057084818026
2,-78.33057084818026
3,-78.33219958865749
4,-78.33219958865749
5,-78.33219958865749
