epoch,gBest_fitness
1,-78.32660692524927
2,-78.33036646410689
3,-78.33036646410689
4,-78.33036646410689
5,-78.33036646410689
