epoch,gBest_fitness
1,-78.23193013962627
2,-78.32513801846365
3,-78.33152406152338
4,-78.33152406152338
5,-78.33152406152338
