epoch,gBest_fitness
1,-78.2308661966607
2,-78.26299619622668
3,-78.26299619622668
4,-78.32664930213083
5,-78.32664930213083
