epoch,gBest_fitness
1,-78.22109472695745
2,-78.23083281251719
3,-78.33166245175563
4,-78.33166245175563
5,-78.33166245175563
