epoch,gBest_fitness
1,-78.18003902712039
2,-78.21180033947398
3,-78.21180033947398
4,-78.28888710666608
5,-78.31980758571981
