epoch,gBest_fitness
1,-78.2237901793046
2,-78.3322940579278
3,-78.3322940579278
4,-78.3322940579278
5,-78.3322940579278
