epoch,gBest_fitness
1,-78.30091195221188
2,-78.30091195221188
3,-78.32515113319931
4,-78.32515113319931
5,-78.32515113319931
