epoch,gBest_fitness
1,-78.32734779649833
2,-78.32734779649833
3,-78.32734779649833
4,-78.32734779649833
5,-78.32734779649833
