epoch,gBest_fitness
1,-78.32923254801983
2,-78.32923254801983
3,-78.32923254801983
4,-78.32923254801983
5,-78.32923254801983
