epoch,gBest_fitness
1,-78.26296512266309
2,-78.30884533203817
3,-78.33226137453738
4,-78.33226137453738
5,-78.33226137453738
