epoch,gBest_fitness
1,-78.31155637964845
2,-78.32498275007534
3,-78.32498275007534
4,-78.32498275007534
5,-78.32498275007534
