epoch,gBest_fitness
1,-78.03726654314866
2,-78.03726654314866
3,-78.1108537054666
4,-78.33114622590257
5,-78.33114622590257
