epoch,gBest_fitness
1,-78.3316722771099
2,-78.3316722771099
3,-78.3316722771099
4,-78.3316722771099
5,-78.3316722771099
