epoch,gBest_fitness
1,-78.30408325670585
2,-78.30408325670585
3,-78.30408325670585
4,-78.30408325670585
5,-78.30408325670585
