epoch,gBest_fitness
1,-78.33092266614155
2,-78.33092266614155
3,-78.33092266614155
4,-78.33092266614155
5,-78.33092266614155
