epoch,gBest_fitness
1,-78.32305711196055
2,-78.32391260595283
3,-78.32391260595283
4,-78.32391260595283
5,-78.32391260595283
