epoch,gBest_fitness
1,-78.32526905103536
2,-78.32526905103536
3,-78.32526905103536
4,-78.32526905103536
5,-78.32526905103536
