epoch,gBest_fitness
1,-78.23446458805097
2,-78.24038310643452
3,-78.26751807666325
4,-78.26751807666325
5,-78.28470215460277
