epoch,gBest_fitness
1,-77.28879452239885
2,-78.175488127197
3,-78.21304094879142
4,-78.2596007102756
5,-78.32890748798297
