epoch,gBest_fitness
1,-78.30540451173324
2,-78.30540451173324
3,-78.30540451173324
4,-78.30540451173324
5,-78.30540451173324
