epoch,gBest_fitness
1,-78.33172704963079
2,-78.33172704963079
3,-78.33172704963079
4,-78.33172704963079
5,-78.33172704963079
