epoch,gBest_fitness
1,-78.14198932085058
2,-78.32076338469278
3,-78.32076338469278
4,-78.32935302995482
5,-78.32935302995482
