epoch,gBest_fitness
1,4.405183701802983e-197
2,2.1430982080958866e-198
3,7.3192308751140874e-211
4,7.3192308751140874e-211
5,7.3192308751140874e-211
