epoch,gBest_fitness
1,3.0304491001569627e-214
2,3.0304491001569627e-214
3,3.0304491001569627e-214
4,3.0304491001569627e-214
5,3.0304491001569627e-214
