epoch,gBest_fitness
1,5.187699637554619e-192
2,1.5013006390015072e-192
3,1.5013006390015072e-192
4,8.129281199103648e-209
5,8.129281199103648e-209
