epoch,gBest_fitness
1,7.4826525189371525e-25
2,3.6238156424957736e-26
3,5.554657564735613e-30
4,5.554657564735613e-30
5,5.554657564735613e-30
