epoch,gBest_fitness
1,2.256464250044897e-199
2,2.256464250044897e-199
3,2.256464250044897e-199
4,2.256464250044897e-199
5,9.428724341176765e-217
