epoch,gBest_fitness
1,51371118173.76304
2,51371118173.76304
3,2.0856672801126544e-15
4,1.288347004527206e-16
5,4.71887246637148e-21
