epoch,gBest_fitness
1,1.5348581564766103e-199
2,4.5016316823540073e-212
3,4.5016316823540073e-212
4,4.5016316823540073e-212
5,4.5016316823540073e-212
