epoch,gBest_fitness
1,117709886536.20787
2,1.7550364524659686e-13
3,1.6575210376732522e-19
4,1.0924079081580348e-27
5,1.0924079081580348e-27
