epoch,gBest_fitness
1,20265576192.404484
2,20265576192.404484
3,1.7284468767507411e-26
4,2.4857818555719057e-30
5,2.4857818555719057e-30
