epoch,gBest_fitness
1,20308644212.36593
2,20308644212.36593
3,20308644212.36593
4,20308644212.36593
5,20308644212.36593
