epoch,gBest_fitness
1,0.00888323290626019
2,4.774158681022767e-36
3,4.774158681022767e-36
4,4.774158681022767e-36
5,1.4297639714111464e-43
