epoch,gBest_fitness
1,37394331436.800385
2,37394331436.800385
3,2.9332758579282608e-24
4,2.5434949632485425e-31
5,2.5434949632485425e-31
