epoch,gBest_fitness
1,338732642274.2323
2,1.3158249969316905e-20
3,1.3158249969316905e-20
4,4.711390470673387e-27
5,4.711390470673387e-27
