epoch,gBest_fitness
1,41772565125.5462
2,2.2792633102868647e-08
3,1.235998019727951e-19
4,1.235998019727951e-19
5,1.235998019727951e-19
