epoch,gBest_fitness
1,2.5039639273090904e-184
2,1.4190258923314067e-187
3,1.0614095944554863e-195
4,9.619610596025544e-211
5,9.619610596025544e-211
