epoch,gBest_fitness
1,1.634967889389688e-214
2,1.634967889389688e-214
3,1.634967889389688e-214
4,1.634967889389688e-214
5,1.634967889389688e-214
