epoch,gBest_fitness
1,3.358305943212826e-188
2,1.1533670609945742e-209
3,1.1533670609945742e-209
4,1.1533670609945742e-209
5,1.1533670609945742e-209
