epoch,gBest_fitness
1,2.7668391337933402e-192
2,2.7668391337933402e-192
3,1.152753661449507e-217
4,1.152753661449507e-217
5,1.152753661449507e-217
