epoch,gBest_fitness
1,55937330101.01316
2,55937330101.01316
3,55937330101.01316
4,6.897741860733009e-16
5,1.304032786798411e-26
