epoch,gBest_fitness
1,29160988639.95061
2,1.3210384662254506e-23
3,1.3210384662254506e-23
4,2.0667580075312714e-29
5,2.0667580075312714e-29
