epoch,gBest_fitness
1,1.5688468806044942e-188
2,2.3542005615032853e-193
3,2.10123723506489e-205
4,2.10123723506489e-205
5,2.8180120385300596e-207
