epoch,gBest_fitness
1,7.469250543305279e-190
2,6.509098575572772e-194
3,1.9213408220790678e-205
4,2.4741175762709564e-209
5,1.289618918474361e-221
