epoch,gBest_fitness
1,1.2310967164596316e-194
2,1.5987257564111266e-204
3,1.5987257564111266e-204
4,1.8550902395691567e-208
5,1.0205007277289703e-215
