epoch,gBest_fitness
1,6.7460453594499884e-189
2,2.853779320399888e-221
3,2.853779320399888e-221
4,2.853779320399888e-221
5,2.853779320399888e-221
