epoch,gBest_fitness
1,117730173838.03528
2,117730173838.03528
3,117730173838.03528
4,117730173838.03528
5,117730173838.03528
