epoch,gBest_fitness
1,273847642530.01376
2,273847642530.01376
3,1.5074507243566849e-06
4,6.2213660120956495e-15
5,6.2213660120956495e-15
