epoch,gBest_fitness
1,1.2429008685346597e-180
2,8.433201910844584e-192
3,7.481816116471902e-199
4,6.413851633178742e-207
5,1.551819453421001e-216
