epoch,gBest_fitness
1,1.8047966528009292e-188
2,2.6765719384075622e-195
3,1.2009302574880625e-213
4,1.2009302574880625e-213
5,1.8146156352206327e-225
