epoch,gBest_fitness
1,1.8974968217573942e-180
2,9.545594769763141e-196
3,2.7346156223061682e-198
4,2.7346156223061682e-198
5,5.041821039962914e-210
