epoch,gBest_fitness
1,5.836665947023622e-191
2,4.6471575601729056e-194
3,3.098574385517959e-194
4,1.0389574904600464e-207
5,1.0389574904600464e-207
