epoch,gBest_fitness
1,8.796499887481018e-197
2,3.9124090365461614e-221
3,3.9124090365461614e-221
4,3.9124090365461614e-221
5,3.9124090365461614e-221
