epoch,gBest_fitness
1,219084958050.79617
2,219084958050.79617
3,219084958050.79617
4,1.0511852292833055e-14
5,1.3544630353307955e-23
