epoch,gBest_fitness
1,121508145954.90549
2,121508145954.90549
3,5.228139078597427e-12
4,5.1655881710131723e-14
5,6.831224005731737e-23
