epoch,gBest_fitness
1,6.67087182550476e-22
2,6.67087182550476e-22
3,6.67087182550476e-22
4,4.637789355284506e-26
5,4.637789355284506e-26
