epoch,gBest_fitness
1,1.7637434265876896e-201
2,7.272704337510868e-202
3,7.272704337510868e-202
4,7.272704337510868e-202
5,7.272704337510868e-202
