epoch,gBest_fitness
1,1.2013692530371017e-188
2,2.168124455939452e-205
3,2.168124455939452e-205
4,2.168124455939452e-205
5,2.168124455939452e-205
