epoch,gBest_fitness
1,184702684015.12073
2,184702684015.12073
3,9.761336079093627e-27
4,9.761336079093627e-27
5,9.761336079093627e-27
