epoch,gBest_fitness
1,251842508220.60083
2,251842508220.60083
3,251842508220.60083
4,251842508220.60083
5,9.242622452867183e-23
