epoch,gBest_fitness
1,38838155959.50442
2,1.9090250431339604e-14
3,7.993923203954397e-22
4,7.993923203954397e-22
5,7.993923203954397e-22
