epoch,gBest_fitness
1,39761304104.95223
2,39761304104.95223
3,39761304104.95223
4,3.547136923726012e-15
5,1.2538081091158242e-24
