epoch,gBest_fitness
1,-674.5597192959658
2,-695.4856593698416
3,-696.4333191065739
4,-696.9741055024441
5,-697.0737488077526
