epoch,gBest_fitness
1,-78.77726981575837
2,-78.87669081782063
3,-78.89439743735157
4,-78.90232322421613
5,-78.9045532185084
