epoch,gBest_fitness
1,-1949.046758944615
2,-2147.2851274475793
3,-2163.9185754694413
4,-2166.0042188058223
5,-2167.138992499698
