epoch,gBest_fitness
1,-1172.7850543042273
2,-1177.7508941298338
3,-1178.1292328864827
4,-1178.4507197732178
5,-1178.8616657838247
