epoch,gBest_fitness
1,-183.57866693382186
2,-190.7437382874362
3,-192.46065877384135
4,-192.70954531857393
5,-193.12541696537824
