epoch,gBest_fitness
1,-1722.9511192225332
2,-1973.35219847144
3,-1983.997843810109
4,-1985.186391566948
5,-2009.7600969815098
