epoch,gBest_fitness
1,-78.639554923646
2,-78.89302418322674
3,-78.90312879012853
4,-78.90443308415068
5,-78.90541162924805
