epoch,gBest_fitness
1,-178.07323702758964
2,-186.3621851466027
3,-188.38483213364626
4,-188.9613378877779
5,-189.24342490095987
