epoch,gBest_fitness
1,-1223.0218067671913
2,-1228.1544725400418
3,-1229.4985309539638
4,-1229.9842498459777
5,-1230.9374196790804
