epoch,gBest_fitness
1,-106.07098088876617
2,-114.41134727715722
3,-114.50538125458921
4,-114.57542743854479
5,-114.60736443939221
