epoch,gBest_fitness
1,-2843.0199149918967
2,-3546.3036709470757
3,-3806.83917087331
4,-3944.199151244954
5,-3957.8398761521667
