epoch,gBest_fitness
1,-1230.3570656799425
2,-1287.6089059959422
3,-1291.2261582233084
4,-1292.6968617828402
5,-1293.2245704115226
