epoch,gBest_fitness
1,-950.4395459687266
2,-952.861554904385
3,-953.1126100132801
4,-953.826194270957
5,-954.1540319407171
