epoch,gBest_fitness
1,-78.6422241405916
2,-78.8555715800344
3,-78.89060477658995
4,-78.90221342878934
5,-78.90404140385792
