epoch,gBest_fitness
1,-168.25379658292667
2,-180.55577514826268
3,-183.6186748019407
4,-184.7725233179307
5,-185.48236431350648
