epoch,gBest_fitness
1,-171.73725173134588
2,-182.15131942393592
3,-185.22927482440534
4,-185.63826625451668
5,-185.7922870722054
