epoch,gBest_fitness
1,-108.97766577274228
2,-110.59903485728503
3,-110.77765921794685
4,-110.84082119172814
5,-110.86160765163896
