epoch,gBest_fitness
1,-291.98387806461704
2,-326.7286921593047
3,-342.48898465322304
4,-347.210825937952
5,-348.71939820894715
