epoch,gBest_fitness
1,-2655.0210062857295
2,-3337.8877596816974
3,-3774.9233165896644
4,-3928.409351507111
5,-3998.6557055736644
