epoch,gBest_fitness
1,-1489.9613984998705
2,-1952.6770109576353
3,-2067.6697476784266
4,-2075.0721441523206
5,-2076.658826891541
