epoch,gBest_fitness
1,-2408.5050052761476
2,-3079.67069000276
3,-3499.448231659891
4,-3759.8873579161955
5,-3857.2047063210166
