epoch,gBest_fitness
1,-1612.588720744436
2,-1849.3533308514332
3,-1886.7837764733717
4,-1889.4914205786174
5,-1890.842775182831
