epoch,gBest_fitness
1,-952.5998585856559
2,-954.0394444835545
3,-954.8789404429723
4,-955.2037523995501
5,-955.2609118023248
