epoch,gBest_fitness
1,-116.5427765413804
2,-117.97142128716739
3,-118.22167655786684
4,-118.30984447331245
5,-118.33219431757011
