epoch,gBest_fitness
1,-303.74375930911236
2,-334.81008323991864
3,-358.0839504193578
4,-364.01836569886297
5,-367.12640630103317
