epoch,gBest_fitness
1,-327.4913869244486
2,-350.34771120880976
3,-363.33403603770967
4,-368.14151108895777
5,-372.1682727172126
