epoch,gBest_fitness
1,-1382.3021964723584
2,-1411.551700579171
3,-1416.1153618013893
4,-1416.8630366103225
5,-1418.1076597966082
