epoch,gBest_fitness
1,-2370.709498508315
2,-3093.0134414769404
3,-3332.304931460835
4,-3464.0157925220283
5,-3479.524379327465
