epoch,gBest_fitness
1,-759.7049839222235
2,-762.2241029917119
3,-762.4741534198829
4,-762.7105540291756
5,-762.7879281107232
