epoch,gBest_fitness
1,-302.2369526808719
2,-341.19283687038404
3,-359.7615465646969
4,-364.4770376357072
5,-368.74517458666486
