epoch,gBest_fitness
1,-74.67983373812856
2,-75.0960389192894
3,-75.15494474695903
4,-75.16322888081413
5,-75.16533927421013
