epoch,gBest_fitness
1,-117.07210846345352
2,-117.91044343397904
3,-118.2728147183276
4,-118.31748667495269
5,-118.33795936211088
