epoch,gBest_fitness
1,7258144.018880347
2,64686.08810030167
3,53759.3527338638
4,45953.57295485027
5,44344.32049684702
