epoch,gBest_fitness
1,201122.73447489782
2,46413.91199281615
3,14565.616654363865
4,9355.478490620042
5,8124.845160259248
