epoch,gBest_fitness
1,3368081.135966802
2,1424714.8515248701
3,683136.8802729688
4,365056.50914693385
5,291136.9550477136
