epoch,gBest_fitness
1,13734001.419980157
2,136211.99995826275
3,43521.54363530219
4,29117.844254507054
5,24380.492414571985
