epoch,gBest_fitness
1,134964.30036891147
2,12555.124539726345
3,2043.0037808058494
4,1250.656670516037
5,1052.2719804130736
