epoch,gBest_fitness
1,20093.602944329188
2,15481.798740068132
3,8058.937275502024
4,5736.109326379676
5,5317.417494156335
