epoch,gBest_fitness
1,9709190.881516518
2,2377705.8068569633
3,1051514.0747921797
4,800033.4000354991
5,652538.5867516048
