epoch,gBest_fitness
1,647555.4507541254
2,34742.61468468109
3,21067.473391116306
4,15867.052167442182
5,10968.944970130431
