epoch,gBest_fitness
1,1965192.0413056142
2,1216326.0661850423
3,170058.8530743218
4,10308.69788189278
5,3803.1225866202885
