epoch,gBest_fitness
1,37073047.59723745
2,279438.1211840208
3,77751.3540478824
4,38383.50745672624
5,23731.714806667092
