epoch,gBest_fitness
1,677595.3342790551
2,412074.18074520346
3,83778.72592910593
4,66645.04469295156
5,59629.593634018616
