epoch,gBest_fitness
1,383760394.0359387
2,111535113.70927891
3,68802461.17147441
4,52303120.93317056
5,46689142.93177339
