epoch,gBest_fitness
1,287966.42987179133
2,98833.40993558941
3,86230.6006435569
4,77080.04838751098
5,71685.5000789795
