epoch,gBest_fitness
1,7060355.366203363
2,4724459.188909816
3,3836576.476899724
4,3125490.794566986
5,2713804.922749408
