epoch,gBest_fitness
1,1184709.462450909
2,412887.81910783076
3,258258.08428440793
4,197686.17511902
5,158382.6140740363
