epoch,gBest_fitness
1,608004.6781776164
2,69672.62350289202
3,29954.87775207564
4,8506.602189122797
5,6287.36980589531
