epoch,gBest_fitness
1,143595.39918348836
2,28491.456207611842
3,5728.393200138393
4,2972.193460334311
5,433.8742655192745
