epoch,gBest_fitness
1,345781867.71431756
2,76145407.94226529
3,42875114.389558375
4,27623090.80088857
5,16676733.601528972
