epoch,gBest_fitness
1,43187381.13548079
2,20088017.210878298
3,5440898.356215706
4,3707163.295429021
5,2781774.145000484
