epoch,gBest_fitness
1,1644974.2333564563
2,642135.0520947813
3,252745.50253667572
4,207010.2947559121
5,163626.83361537638
