epoch,gBest_fitness
1,598059.7267487819
2,41230.074839996065
3,32123.38023823173
4,26312.5062454504
5,22501.254645702873
