epoch,gBest_fitness
1,183720852.04322287
2,42316794.23086061
3,20769814.211344894
4,14241732.621972222
5,9380382.519673126
