epoch,gBest_fitness
1,4264726.870508522
2,2531483.66442075
3,1315012.5127770498
4,1107212.421594516
5,793315.3681443157
