epoch,gBest_fitness
1,129283566.36282268
2,49410750.22850855
3,12999533.305800265
4,7923056.044430299
5,6814357.096657863
