epoch,gBest_fitness
1,1151654.2655315613
2,695294.5012377589
3,401196.84542465897
4,329968.02905278385
5,243096.03910868638
