epoch,gBest_fitness
1,1463392.3538054405
2,321885.4654233025
3,198227.27942223626
4,136562.010887728
5,51947.81765188568
