epoch,gBest_fitness
1,501900.67521253385
2,34364.68913238326
3,21311.08227417817
4,13097.985571489386
5,8931.330807969009
