epoch,gBest_fitness
1,133901.12910811178
2,86380.50063964863
3,47628.069044072494
4,42684.765072258575
5,15269.557346316686
