epoch,gBest_fitness
1,158390.5634195725
2,79833.37786995285
3,41967.75433473171
4,34240.4954078784
5,30584.645519373455
