epoch,gBest_fitness
1,370169.76981015585
2,113861.6559732131
3,19526.839190443407
4,12262.321736249374
5,8207.802683537431
