epoch,gBest_fitness
1,2069305.1554661158
2,726096.7922791992
3,352850.3674911951
4,286376.8320188182
5,263589.57340659015
