epoch,gBest_fitness
1,963628.5810566274
2,205357.95926188686
3,124190.89015667205
4,75683.26291835982
5,56200.05182223684
