epoch,gBest_fitness
1,59160.9496380966
2,3834.4925911185696
3,3180.816142952777
4,2365.797947257548
5,1663.1748202850238
