epoch,gBest_fitness
1,46432512.94411297
2,10037278.475871688
3,6356846.787468447
4,4260362.085396467
5,3542836.912511751
