epoch,gBest_fitness
1,867709320.5685303
2,144541608.69310868
3,59741832.85661687
4,32305100.567680832
5,21361367.929028586
