epoch,gBest_fitness
1,8900972.284526091
2,4766073.346223296
3,2533229.5225079968
4,1764787.1921723438
5,1239031.6427221498
