epoch,gBest_fitness
1,353733599.7104891
2,2196580.8635734012
3,1521972.3166594054
4,660530.0246438438
5,467339.2612431399
