epoch,gBest_fitness
1,934050.8940635372
2,71519.93684027609
3,44428.828295454296
4,22253.25073402228
5,3535.014403566925
