epoch,gBest_fitness
1,12392148.038528508
2,332335.03900672426
3,108216.98786359525
4,37693.35749129353
5,19965.270520689908
