epoch,gBest_fitness
1,2142622.72041156
2,14502.220813177411
3,9047.599714776208
4,4638.1763586032985
5,2364.627057371389
