epoch,gBest_fitness
1,41022787.37569987
2,5164860.274335111
3,2084537.1709542968
4,1225774.7856546044
5,821325.477182228
