epoch,gBest_fitness
1,1938275.3626550469
2,55260.48014033489
3,23618.920503108773
4,6277.243232662676
5,3163.468695383504
