epoch,gBest_fitness
1,10359944.04413236
2,5995047.417915575
3,4455014.648634684
4,3533384.7353055384
5,2943486.852985686
