epoch,gBest_fitness
1,860982.8934971369
2,444095.5459051649
3,271972.8232051496
4,244227.7712799079
5,193021.87849435094
