epoch,gBest_fitness
1,380011.176329746
2,32709.792300354824
3,5564.385998057457
4,3418.6525229841936
5,3171.002357397343
