epoch,gBest_fitness
1,53394034.316534884
2,16525778.906200869
3,6665117.594214968
4,2866188.65215292
5,2245434.0368936216
