epoch,gBest_fitness
1,1495453.9662904758
2,68934.00070292385
3,16140.56823911098
4,5353.842578151911
5,2643.542054378931
