epoch,gBest_fitness
1,20506716.546776824
2,6975456.1694091335
3,2223516.93086661
4,1260582.0076003422
5,727438.5286959
