epoch,gBest_fitness
1,690806.1945275873
2,9450.91638605932
3,1653.3346726732725
4,1472.113670039227
5,1215.903433966626
