epoch,gBest_fitness
1,6286910.032815797
2,44812.281346837895
3,24315.389725586545
4,20406.756963917964
5,14094.980337414478
