epoch,gBest_fitness
1,4073889.5527038598
2,1360741.655817292
3,103490.20773182058
4,35813.37879196125
5,14543.326733030897
