epoch,gBest_fitness
1,290222.1371075396
2,10720.759848383033
3,9213.865232905307
4,7955.5411021278815
5,1449.813959001865
