epoch,gBest_fitness
1,4593082.015468651
2,2201676.8004026623
3,1649321.864726028
4,1183506.4603635855
5,893444.6286065974
