epoch,gBest_fitness
1,412321512.5077683
2,104858364.05531675
3,44193205.050547555
4,35092615.80468367
5,27066931.364344355
