epoch,gBest_fitness
1,99918532.10081714
2,20728243.34749156
3,2855485.004749032
4,1560067.5467804987
5,1138818.2702615866
