epoch,gBest_fitness
1,517470.3651453517
2,84653.02485916765
3,67525.03119821208
4,40686.67403148798
5,24346.5692933611
