epoch,gBest_fitness
1,25715964.41009683
2,9130562.424492445
3,5653491.488978109
4,4294607.120019116
5,3022436.8577201474
