epoch,gBest_fitness
1,7728902.900549415
2,607410.1793519466
3,132043.4982976449
4,91000.00951279976
5,65166.60540691221
