epoch,gBest_fitness
1,58050080.38431638
2,18653515.945429392
3,6148188.25413407
4,1869091.4430506257
5,1355813.6359443949
