epoch,gBest_fitness
1,1341729.7826717014
2,694114.9779735408
3,348491.206824265
4,229357.2209693389
5,191567.17124402293
