epoch,gBest_fitness
1,429050839.8049125
2,250280831.27616167
3,68796600.07866341
4,38328485.042254634
5,25282495.902567085
