epoch,gBest_fitness
1,2063972.8641858576
2,311923.24982189067
3,80393.17226201622
4,30236.04296365224
5,19756.979005915688
