epoch,gBest_fitness
1,316046348.1537396
2,4814099.406157443
3,2903502.9543289277
4,2308515.776694523
5,1802300.9270127045
