epoch,gBest_fitness
1,679767863.3408997
2,184816582.4931963
3,58906401.05428446
4,18229243.61283821
5,14149466.484700168
