epoch,gBest_fitness
1,44344.87327430386
2,4505.258757607247
3,1521.2218141629764
4,767.8790367437866
5,177.5492389620364
