epoch,gBest_fitness
1,313072581.52314335
2,100609434.54068248
3,55249173.69936517
4,37293093.172956936
5,27883622.1434599
