epoch,gBest_fitness
1,14842962.5942039
2,6098622.2072463725
3,3798414.3095632694
4,2916775.697609309
5,2490632.2177816764
