epoch,gBest_fitness
1,11332464.918030484
2,687979.8446699932
3,73797.51631780496
4,21223.500243170416
5,18422.503664563
