epoch,gBest_fitness
1,642969.3599102868
2,29409.326554385265
3,7103.492621379059
4,6393.157363832854
5,3466.167766976341
