epoch,gBest_fitness
1,1042623.7200945099
2,271169.50862468814
3,88847.7600588426
4,76894.60128988118
5,62213.42438630501
