epoch,gBest_fitness
1,190959940.98464686
2,472249.14783936494
3,40496.84535153298
4,29019.461324489832
5,20351.260164575684
