epoch,gBest_fitness
1,2901075.6286318973
2,20200.700567960233
3,4679.313122941123
4,3763.7827267646503
5,1962.795727116638
