epoch,gBest_fitness
1,6012376.967898282
2,1723700.4092743855
3,773569.5734069393
4,401364.8120835609
5,123601.63648858148
