epoch,gBest_fitness
1,244426.49016508652
2,89524.54917806895
3,66846.70073590706
4,44184.033320804054
5,31405.67170917918
