epoch,gBest_fitness
1,9772180.950523911
2,1618898.1264581946
3,390959.8429944441
4,251391.86969282705
5,200956.76033388943
