epoch,gBest_fitness
1,59412047.74877298
2,19757421.40466738
3,3089154.894986242
4,1657556.904800032
5,1083436.3869316464
