epoch,gBest_fitness
1,47020109.60795887
2,1964538.7621450205
3,861804.2317497432
4,787441.965405687
5,718122.7694642576
