epoch,gBest_fitness
1,2072679.9838669186
2,562108.2474266704
3,55988.72099775017
4,31365.277919669905
5,25359.19654289857
