epoch,gBest_fitness
1,45936943.812441185
2,595375.0105445299
3,243657.98934490117
4,171589.55621539624
5,111735.89785849961
