epoch,gBest_fitness
1,12317947.486011004
2,795362.2700067629
3,324887.69632828905
4,262345.93472582183
5,116308.57298317926
