epoch,gBest_fitness
1,7866637.637818
2,1989244.2417132356
3,914434.5840176966
4,240785.7645865539
5,60329.055242989474
