epoch,gBest_fitness
1,712083.9703252959
2,263164.3089645377
3,149456.43661639752
4,103593.96366720874
5,66996.94768763603
