epoch,gBest_fitness
1,797357005.2753146
2,117019112.91807312
3,42335068.6327965
4,19902462.78795382
5,9548394.501896095
