epoch,gBest_fitness
1,76039342.34186564
2,13223745.76100546
3,4029232.8377495203
4,2045649.48145235
5,1748160.026453152
