epoch,gBest_fitness
1,5379892.089262366
2,1010052.791950719
3,659955.3516290437
4,579402.4923352171
5,556835.7915797037
