epoch,gBest_fitness
1,288688.4398704194
2,47345.6066353211
3,15096.674691911872
4,10065.529796549847
5,6560.569261131268
