epoch,gBest_fitness
1,597442722.6858678
2,120477342.41685718
3,48975092.26357289
4,28769263.204363685
5,20036298.130366348
