epoch,gBest_fitness
1,69380415.24253185
2,13452975.178611387
3,10027168.013537293
4,7738770.284420924
5,1703048.9982729054
