epoch,gBest_fitness
1,387256518.88383067
2,147980704.0202075
3,64863909.61749163
4,40573623.55174307
5,28442198.107990094
