epoch,gBest_fitness
1,1233382.210152035
2,49804.57229041339
3,24682.817274717832
4,19987.611456657625
5,19519.750401152913
