epoch,gBest_fitness
1,355569827.2943912
2,102946106.89802788
3,55046498.37442615
4,35584518.263015375
5,28767524.247075427
