epoch,gBest_fitness
1,3742725.210874257
2,220921.31002498014
3,94672.01284559075
4,61723.33628742962
5,26550.03688025099
