epoch,gBest_fitness
1,87721837.1116685
2,28337568.80977942
3,6806722.132172041
4,2923035.3663610257
5,1467741.6759995183
