epoch,gBest_fitness
1,13422174.020262305
2,7204150.344247506
3,6179239.089874618
4,5384256.6032539345
5,4428730.306706734
