epoch,gBest_fitness
1,7509591.322753909
2,2841499.696913555
3,1859486.3078151892
4,1230564.9893628957
5,686696.5959140359
