epoch,gBest_fitness
1,1061618.9748962836
2,408655.7239678192
3,307270.6509102932
4,151379.2988239122
5,108238.80105186366
