epoch,gBest_fitness
1,7778127.192893887
2,928552.3030773008
3,230750.20409734902
4,62433.92863107728
5,33506.2787391869
