epoch,gBest_fitness
1,1528144.7536225126
2,613229.2705123966
3,51668.42832621512
4,30449.618094958863
5,27397.708135410467
