epoch,gBest_fitness
1,16933675.573562484
2,10666778.283182556
3,2168107.3419273864
4,896421.7201590275
5,474657.26038158225
