epoch,gBest_fitness
1,274103162.29522413
2,91320081.30502017
3,24201696.547625918
4,11454104.649272524
5,8648969.315800969
