epoch,gBest_fitness
1,17833152.142281402
2,1188112.730372864
3,301878.54639888334
4,138696.52815988509
5,93321.7700814975
