epoch,gBest_fitness
1,23051981.900344662
2,5674644.3427995285
3,4474304.379711972
4,297995.89685229375
5,66861.5475165441
