epoch,gBest_fitness
1,228065.98445820023
2,25319.715062479532
3,5270.570573685056
4,1894.6649220923407
5,1555.8241179402742
