epoch,gBest_fitness
1,8583971.917839983
2,1552183.7912058441
3,970595.8774009786
4,604266.7347532613
5,446553.1709503022
