epoch,gBest_fitness
1,-78.32691863006868
2,-78.32691863006868
3,-78.32967877394685
4,-78.32967877394685
5,-78.32967877394685
