epoch,gBest_fitness
1,-78.14528160851907
2,-78.14528160851907
3,-78.25735600334013
4,-78.25735600334013
5,-78.27099193623982
