epoch,gBest_fitness
1,-78.0136216588113
2,-78.31049954831268
3,-78.31049954831268
4,-78.31049954831268
5,-78.31049954831268
