epoch,gBest_fitness
1,-78.30217995861702
2,-78.32404517997031
3,-78.32549430552366
4,-78.32549430552366
5,-78.32549430552366
