epoch,gBest_fitness
1,-77.93785611822065
2,-78.23909565545047
3,-78.23909565545047
4,-78.3123060309015
5,-78.3123060309015
