epoch,gBest_fitness
1,-78.321837171906
2,-78.321837171906
3,-78.321837171906
4,-78.321837171906
5,-78.33027543124909
