epoch,gBest_fitness
1,-78.22467691010198
2,-78.31812780762579
3,-78.31812780762579
4,-78.31812780762579
5,-78.31812780762579
