epoch,gBest_fitness
1,-78.24247878113829
2,-78.24247878113829
3,-78.24247878113829
4,-78.24247878113829
5,-78.3027521125095
