epoch,gBest_fitness
1,-78.30748373908858
2,-78.31437574701913
3,-78.31437574701913
4,-78.31437574701913
5,-78.31437574701913
