epoch,gBest_fitness
1,-78.32323799788678
2,-78.32323799788678
3,-78.32323799788678
4,-78.32684940718963
5,-78.3293835618321
