epoch,gBest_fitness
1,-78.19111953844232
2,-78.19111953844232
3,-78.32272787842861
4,-78.32272787842861
5,-78.32272787842861
