epoch,gBest_fitness
1,-75.54809032731913
2,-77.19957764555811
3,-78.27378012918832
4,-78.29709524752678
5,-78.29709524752678
