epoch,gBest_fitness
1,-78.20778014786173
2,-78.20778014786173
3,-78.28384141655765
4,-78.28384141655765
5,-78.31727212218051
