epoch,gBest_fitness
1,-77.76815944531802
2,-78.09184536758723
3,-78.09184536758723
4,-78.32427039258307
5,-78.32427039258307
