epoch,gBest_fitness
1,-78.11153882534786
2,-78.32608996230402
3,-78.32608996230402
4,-78.32608996230402
5,-78.32608996230402
