epoch,gBest_fitness
1,-78.26117859301094
2,-78.32685204163418
3,-78.32685204163418
4,-78.32685204163418
5,-78.32685204163418
