epoch,gBest_fitness
1,-78.3295502800337
2,-78.3295502800337
3,-78.3295502800337
4,-78.3295502800337
5,-78.3295502800337
