epoch,gBest_fitness
1,-78.21108273943729
2,-78.30310094887756
3,-78.33013530695648
4,-78.33231275247378
5,-78.33231275247378
