epoch,gBest_fitness
1,-77.54433432531344
2,-78.07392872882188
3,-78.30363300989733
4,-78.30363300989733
5,-78.30363300989733
