epoch,gBest_fitness
1,-78.16141668435786
2,-78.31929748599488
3,-78.31929748599488
4,-78.31929748599488
5,-78.31929748599488
