epoch,gBest_fitness
1,0.0019376605450066961
2,0.00100738539294077
3,0.0008428894228158457
4,0.0008428894228158457
5,5.0937760537349254e-05
