epoch,gBest_fitness
1,0.005637499723421631
2,0.005637499723421631
3,0.0028497616172693686
4,3.6313490591742384e-05
5,5.975356731595755e-06
