epoch,gBest_fitness
1,0.06713646001127031
2,0.0021123921727427635
3,0.0021123921727427635
4,7.778110537874747e-05
5,7.188525073230716e-05
