epoch,gBest_fitness
1,0.0002548483417999028
2,0.0002548483417999028
3,2.0963854195402297e-06
4,2.0963854195402297e-06
5,2.0963854195402297e-06
