epoch,gBest_fitness
1,0.13122353754350546
2,0.002157394001776862
3,0.002157394001776862
4,0.002157394001776862
5,0.002157394001776862
