epoch,gBest_fitness
1,0.0009718564279854785
2,0.0009718564279854785
3,0.0009718564279854785
4,0.0009718564279854785
5,0.0009718564279854785
