epoch,gBest_fitness
1,0.0038542927133217303
2,0.0038542927133217303
3,0.0038542927133217303
4,0.0038542927133217303
5,0.0009587129903286034
