epoch,gBest_fitness
1,0.007831432218531437
2,0.0012466548593314279
3,0.0012466548593314279
4,0.0012466548593314279
5,0.0012466548593314279
