epoch,gBest_fitness
1,0.0004864778038120195
2,0.0004864778038120195
3,2.6789299522691484e-05
4,2.6789299522691484e-05
5,2.6789299522691484e-05
