epoch,gBest_fitness
1,0.0033693080767088004
2,0.0033693080767088004
3,0.0033693080767088004
4,0.0001138002709117856
5,0.0001138002709117856
