epoch,gBest_fitness
1,6.894163961744237e-05
2,6.894163961744237e-05
3,6.894163961744237e-05
4,6.894163961744237e-05
5,6.894163961744237e-05
