epoch,gBest_fitness
1,0.009883877009481791
2,0.0022794464358898005
3,0.00016804182987393266
4,0.00016804182987393266
5,0.00016804182987393266
