epoch,gBest_fitness
1,0.04694732493628069
2,0.0015842301020634149
3,0.0015842301020634149
4,0.0001239279138682452
5,0.0001239279138682452
