epoch,gBest_fitness
1,0.0018645624993310498
2,0.0018645624993310498
3,0.0018645624993310498
4,0.0007130947326798451
5,0.00014414646415110828
