epoch,gBest_fitness
1,0.00035647743262622045
2,0.00035647743262622045
3,0.00035647743262622045
4,0.00035647743262622045
5,6.869662100784604e-05
