epoch,gBest_fitness
1,0.0018313664464147785
2,4.100024935385449e-06
3,4.100024935385449e-06
4,4.100024935385449e-06
5,4.100024935385449e-06
