epoch,gBest_fitness
1,0.00022900824484504593
2,3.5726458753021654e-06
3,3.5726458753021654e-06
4,3.5726458753021654e-06
5,3.5726458753021654e-06
