epoch,gBest_fitness
1,0.0006587375037869315
2,0.0006587375037869315
3,0.0006587375037869315
4,0.0006587375037869315
5,0.0006587375037869315
