epoch,gBest_fitness
1,0.006376375994522952
2,0.0005250817654091163
3,0.0005250817654091163
4,0.0005250817654091163
5,1.4126650830469958e-05
