epoch,gBest_fitness
1,0.0018222492126172699
2,0.0004987538847482719
3,0.0004987538847482719
4,0.0004987538847482719
5,0.0004987538847482719
