epoch,gBest_fitness
1,0.0006194079583742098
2,0.0006194079583742098
3,0.0006194079583742098
4,0.0006194079583742098
5,0.0006194079583742098
