epoch,gBest_fitness
1,0.016244410316716373
2,0.004251848313981219
3,0.004251848313981219
4,0.004251848313981219
5,0.0016806671880167825
