epoch,gBest_fitness
1,0.0005506835714085617
2,0.0005506835714085617
3,0.0005506835714085617
4,0.0005506835714085617
5,0.0004624501076161322
