epoch,gBest_fitness
1,0.008978622621043125
2,0.0018601472132195455
3,1.4655176867692842e-05
4,1.4655176867692842e-05
5,1.4655176867692842e-05
