epoch,gBest_fitness
1,1.8901099032304744e-06
2,1.8901099032304744e-06
3,1.8901099032304744e-06
4,1.8901099032304744e-06
5,1.8901099032304744e-06
