epoch,gBest_fitness
1,0.007694341866407896
2,0.0013344750415225334
3,0.0013344750415225334
4,0.0013344750415225334
5,0.0013344750415225334
