epoch,gBest_fitness
1,0.004284523931430712
2,0.004284523931430712
3,0.0029897188671096976
4,0.0029897188671096976
5,0.0029897188671096976
