epoch,gBest_fitness
1,0.011432571931725253
2,0.00011836738292037694
3,0.00011836738292037694
4,0.00011836738292037694
5,0.00011836738292037694
