epoch,gBest_fitness
1,0.027048452840917038
2,0.010003416847057273
3,0.0027037732019940235
4,0.0027037732019940235
5,0.0027037732019940235
