epoch,gBest_fitness
1,0.006742028994328814
2,0.006742028994328814
3,0.0004304580182257515
4,0.0003905277431823179
5,0.0003905277431823179
