epoch,gBest_fitness
1,0.3264778430852301
2,0.0008385184910971789
3,0.0008385184910971789
4,0.0008385184910971789
5,0.0008385184910971789
