epoch,gBest_fitness
1,0.0023434414534465506
2,0.0010915873191641163
3,0.0010915873191641163
4,0.0010915873191641163
5,0.0002820679359244143
