epoch,gBest_fitness
1,0.0268197192726054
2,0.01706746702342764
3,0.0007731690679162042
4,0.0007731690679162042
5,0.0007731690679162042
