epoch,gBest_fitness
1,0.19346315321304489
2,0.028129977519448745
3,0.02268549031327093
4,0.00018925694596784215
5,0.00018925694596784215
