epoch,gBest_fitness
1,0.0030684705976330197
2,0.0030684705976330197
3,0.0010333233699883594
4,0.0010333233699883594
5,1.8077585028053027e-05
