epoch,gBest_fitness
1,0.023039287829552176
2,0.0011850862805766918
3,0.00036220343753909915
4,0.00036220343753909915
5,0.00036220343753909915
