epoch,gBest_fitness
1,0.0299996265569163
2,0.009961612861041566
3,0.00746138768585157
4,0.0009354794603994479
5,0.0009061906191944977
