epoch,gBest_fitness
1,0.01823397552504662
2,0.01823397552504662
3,0.0003642286101289597
4,0.0003642286101289597
5,0.0003642286101289597
