epoch,gBest_fitness
1,0.011239103114909173
2,0.0013504458759908443
3,0.0013504458759908443
4,0.0013504458759908443
5,0.0013504458759908443
