epoch,gBest_fitness
1,0.009919030565315625
2,0.002679791085248454
3,0.002679791085248454
4,0.002679791085248454
5,0.002268001372779557
