epoch,gBest_fitness
1,2.1760371282653068e-14
2,2.1760371282653068e-14
3,2.1760371282653068e-14
4,2.1760371282653068e-14
5,2.1760371282653068e-14
