epoch,gBest_fitness
1,2.7045032879868813e-13
2,2.7045032879868813e-13
3,4.440892098500626e-16
4,4.440892098500626e-16
5,4.440892098500626e-16
