epoch,gBest_fitness
1,1.8559820347263667e-11
2,3.9968028886505635e-15
3,3.9968028886505635e-15
4,3.9968028886505635e-15
5,3.9968028886505635e-15
