epoch,gBest_fitness
1,2.999245296564368e-11
2,7.549516567451064e-15
3,7.549516567451064e-15
4,7.549516567451064e-15
5,7.549516567451064e-15
