epoch,gBest_fitness
1,1.175586294976938e-09
2,6.044054146059352e-13
3,4.440892098500626e-16
4,4.440892098500626e-16
5,4.440892098500626e-16
