epoch,gBest_fitness
1,5.2861270916082503e-11
2,5.2861270916082503e-11
3,1.4654943925052066e-14
4,1.4654943925052066e-14
5,4.440892098500626e-16
