epoch,gBest_fitness
1,478.9264872035966
2,52.31020403062134
3,22.149122515973563
4,10.962129996584578
5,6.086491772316399
