epoch,gBest_fitness
1,2365.808212478822
2,729.3890085294238
3,441.41223711070944
4,193.82189692484755
5,122.33425471709309
