epoch,gBest_fitness
1,49.387547591302074
2,8.587463278620188
3,5.204295437975464
4,3.5448331009810246
5,3.0648651158898526
