epoch,gBest_fitness
1,4937.808165689148
2,845.501361887297
3,428.1450520515393
4,209.52728020790082
5,147.0284228186764
