epoch,gBest_fitness
1,18.743576284179934
2,4.7941699296891604
3,2.4763305761809224
4,1.2949464486634021
5,0.9326483936068072
