"combination [m, n, l1, l2, ep_max, c1, c2, c3, c4]",gBest_fitness
1,14.474070013759256
2,10.471495369370343
3,7.777978911579383
4,6.556494620550486
5,5.822687040477249
