"combination [m, n, l1, l2, ep_max, c1, c2, c3, c4]",gBest_fitness
1,29.300763850463
2,21.39041974118318
3,13.68848655202176
4,10.492714996137979
5,9.447488158929469
