epoch,gBest_fitness
1,304.7846062444512
2,59.10728568165109
3,25.27282364863616
4,19.331501680315775
5,12.844270413441983
