epoch,gBest_fitness
1,3482.993558261869
2,1029.0043782478263
3,403.7031601003719
4,233.07481710386995
5,141.1715917363019
