"combination [m, n, l1, l2, ep_max, c1, c2, c3, c4]",gBest_fitness
1,16.2689626152995
2,10.675651030390052
3,8.26256274110341
4,6.3782862037716
5,5.818134651237489
