epoch,gBest_fitness
1,65.84160005188795
2,35.6649072900117
3,20.57965923548966
4,15.790625669210984
5,11.635531069869183
