epoch,gBest_fitness
1,20.85197057966568
2,3.88840257359294
3,1.4747699552389286
4,0.38412942656912474
5,0.17749327588439068
