epoch,gBest_fitness
1,1205.3006263270188
2,176.73167174264998
3,40.283184848228174
4,21.51966665820795
5,10.055730050783586
