epoch,gBest_fitness
1,30.531462692425492
2,5.519518304867923
3,0.7187682988205237
4,0.3024106819084594
5,0.0881606449643383
