"combination [m, n, l1, l2, ep_max, c1, c2, c3, c4]",gBest_fitness
1,20.09428321806012
2,15.862988113327956
3,12.75054315456889
4,11.320737901961708
5,9.46328371051503
