epoch,gBest_fitness
1,59.48307185883923
2,18.454268806857023
3,10.88429604227032
4,6.736136662412711
5,5.144924290121117
