epoch,gBest_fitness
1,2965.330375088764
2,578.0663979458147
3,343.18629809282163
4,245.0451856901952
5,154.32329806756093
