epoch,gBest_fitness
1,0.3026848770184887
2,0.02309442361009486
3,0.00670286607738595
4,0.0017842396432353777
5,0.0008310621186454385
