epoch,gBest_fitness
1,2079.3687259033577
2,455.22921979131814
3,285.67471315583805
4,197.69117469645818
5,117.56298472037084
