epoch,gBest_fitness
1,5.53968744492203
2,1.019763734671204
3,0.443668678313028
4,0.20876785810695458
5,0.07973133808633413
