epoch,gBest_fitness
1,8.8255568608426
2,2.50357044469196
3,1.3174947688104048
4,0.8150683343892513
5,0.5590111931063805
