epoch,gBest_fitness
1,45.488733928524766
2,8.917080644338418
3,3.1683520116656623
4,1.2875375581623727
5,0.6519070868743284
