epoch,gBest_fitness
1,11.52534444818688
2,4.239571003730324
3,2.3145766460384127
4,1.5149911240842633
5,0.9195347543021135
