epoch,gBest_fitness
1,0.1660949074977592
2,0.029122834850507727
3,0.006815720381718597
4,0.0012210156128005022
5,0.0005486063666500986
