epoch,gBest_fitness
1,1517.9410058603457
2,18.002237825091996
3,10.222912074014078
4,5.432809580977499
5,3.5144505187672834
