epoch,gBest_fitness
1,90.834808546847
2,42.467614215848
3,27.365156586387148
4,18.040090786253035
5,13.052506858151697
