epoch,gBest_fitness
1,1292.3902628665892
2,89.94446720539739
3,37.28339302158069
4,17.24503328483295
5,9.528009660823702
