epoch,gBest_fitness
1,20.9018188386748
2,3.4745570704680637
3,2.364485842585341
4,1.7679701203829006
5,0.979704226576402
