epoch,gBest_fitness
1,10.25254041176621
2,2.726394438639139
3,1.2771412054703808
4,0.765581056990293
5,0.44193527518829495
