epoch,gBest_fitness
1,1869.7928754426944
2,121.86040929852079
3,40.32284160265347
4,11.837893664507346
5,5.962099062500288
