epoch,gBest_fitness
1,3.4210429347027516
2,0.8781495409231919
3,0.5537501278126433
4,0.09668065256113434
5,0.028135063824911995
