epoch,gBest_fitness
1,9.976513796484923
2,3.5442170132748916
3,0.2374432264320154
4,0.06410195147879046
5,0.026244123239229443
