epoch,gBest_fitness
1,15.810416115399116
2,2.5315621232923253
3,1.096148530418207
4,0.5723427583236971
5,0.2643801569907259
