epoch,gBest_fitness
1,56.62114262330877
2,17.722531954700077
3,8.656974591121818
4,4.044550477589208
5,1.0744382233348386
