epoch,gBest_fitness
1,32.95333687656103
2,13.021290924275299
3,2.6353759880885517
4,1.0100233104787966
5,0.36763032632443
