epoch,gBest_fitness
1,90.72305974353655
2,14.732384480733813
3,4.573372258089428
4,1.2340797763132851
5,0.5963357539744777
