epoch,gBest_fitness
1,42.685544596009045
2,18.334811357631544
3,12.11478253563166
4,8.463063891206883
5,6.057192534034723
