"combination [m, n, l1, l2, ep_max, c1, c2, c3, c4]",gBest_fitness
1,15.935743752994162
2,10.646291828568794
3,7.659441049073054
4,5.592263663835602
5,4.505652497099051
