epoch,gBest_fitness
1,4497.400659258024
2,1143.6644682340252
3,524.4169627783668
4,250.71245305587374
5,162.3502109970876
