epoch,gBest_fitness
1,10.612598355556708
2,2.523915696961929
3,0.5164716950417709
4,0.23303576958049724
5,0.04319069839845669
