epoch,gBest_fitness
1,103.26296427857264
2,28.740716546290013
3,20.165382910734014
4,15.021104020649357
5,10.812467636549735
