"combination [m, n, l1, l2, ep_max, c1, c2, c3, c4]",gBest_fitness
1,22.238134059041215
2,15.213101636213876
3,11.847755721992208
4,9.9189894200442
5,8.334287261927004
