epoch,gBest_fitness
1,81.36729582773306
2,45.59821767021022
3,29.162158258098838
4,19.554963981733945
5,14.566828903552492
