"combination [m, n, l1, l2, ep_max, c1, c2, c3, c4]",gBest_fitness
1,25.064706595917038
2,13.615637565117893
3,11.10433233434576
4,9.980648110821832
5,9.592321933448838
