epoch,gBest_fitness
1,0.41387939269842333
2,0.07221255104622798
3,0.004267012637589785
4,0.0012443166372015434
5,0.00035900089635390353
