epoch,gBest_fitness
1,1052.254620190867
2,82.93279619374812
3,21.58319806628186
4,6.87611186650194
5,3.5392111491091
