"combination [m, n, l1, l2, ep_max, c1, c2, c3, c4]",gBest_fitness
1,21.772105606431605
2,15.019184033458826
3,10.639100584002325
4,7.962370373267415
5,6.93757013603572
