epoch,gBest_fitness
1,253.07199610095927
2,24.2269188504757
3,2.6437405772946194
4,0.8196679935933052
5,0.382663057471597
