"combination [m, n, l1, l2, ep_max, c1, c2, c3, c4]",gBest_fitness
1,18.29175376540726
2,13.630028919933737
3,10.81150955781066
4,7.609548328159256
5,6.389092295549323
