epoch,gBest_fitness
1,32.926516355106955
2,3.84875373158829
3,0.9262434253800176
4,0.12876512080999622
5,0.029849856365883647
