epoch,gBest_fitness
1,21.427338245393237
2,1.0224810805539908
3,0.23510759249326751
4,0.09862753003415554
5,0.042458548336441686
