epoch,gBest_fitness
1,419.7361999020449
2,156.15385259997007
3,42.18437354865215
4,15.90320503887913
5,8.329056686061255
