"combination [m, n, l1, l2, ep_max, c1, c2, c3, c4]",gBest_fitness
1,27.7789032232308
2,23.40174265085026
3,20.140790095305654
4,16.403259378274036
5,15.632889895572003
