epoch,gBest_fitness
1,12.26540028767584
2,4.959884629899886
3,2.7903374194662165
4,1.1522148465903916
5,0.7003204113574664
