epoch,gBest_fitness
1,4.769058636657325
2,1.4109790893725507
3,0.5384971875715735
4,0.21737915656689094
5,0.06954341974187161
