"combination [m, n, l1, l2, ep_max, c1, c2, c3, c4]",gBest_fitness
1,18.322218437242302
2,12.761459311976889
3,10.711562016988
4,8.145198625733448
5,6.402103600583904
