epoch,gBest_fitness
1,856.5027137210652
2,157.8392854023053
3,49.18391599778612
4,23.479141809423755
5,13.48571035637216
