epoch,gBest_fitness
1,5.454654596514532
2,0.7042413572092253
3,0.4630267230395527
4,0.2412571132271902
5,0.12766102050482725
