epoch,gBest_fitness
1,289.7880352222243
2,56.674817025616534
3,30.346772272843378
4,18.08506190290686
5,9.646482668021067
