epoch,gBest_fitness
1,408.28597351258816
2,61.493664558645364
3,28.118119353284857
4,19.038140201465442
5,10.876796451378224
