epoch,gBest_fitness
1,100.57677854796445
2,0.11635023541540626
3,0.01194427755083111
4,0.0017750508652729258
5,0.00043445061809738454
