"combination [m, n, l1, l2, ep_max, c1, c2, c3, c4]",gBest_fitness
1,40.15476503481001
2,25.3104828856256
3,17.70795345239644
4,14.891033854804945
5,12.267496777228125
