epoch,gBest_fitness
1,137.96645321388095
2,1.6806771426780232
3,0.8185213915462962
4,0.19494064221299065
5,0.12855709312258345
