epoch,gBest_fitness
1,6895.88401447725
2,1892.5609053959586
3,741.4009133266751
4,451.33031219716736
5,240.3041418674587
