epoch,gBest_fitness
1,1.5758013462390121
2,0.7323237049974057
3,0.15214869791716776
4,0.09243979317082573
5,0.046618689162524644
