epoch,gBest_fitness
1,9.736951531683417
2,2.8940345575891837
3,1.7688373435826312
4,0.9757681169782476
5,0.6772703634573936
