epoch,gBest_fitness
1,385.99435887802707
2,5.9850702982353345
3,2.589688594120518
4,1.5252487440427125
5,0.9801130511123958
