epoch,gBest_fitness
1,4839.072421824175
2,1131.213128638641
3,367.7638288725371
4,242.91106171336747
5,157.34521288818655
