epoch,gBest_fitness
1,70.48177166317925
2,14.800459181660969
3,8.809373797915406
4,3.398522675306715
5,1.586237279919922
