"combination [m, n, l1, l2, ep_max, c1, c2, c3, c4]",gBest_fitness
1,37.606568787962935
2,17.117797487330517
3,13.357541639130183
4,9.716925654252794
5,7.020281081393861
