"combination [m, n, l1, l2, ep_max, c1, c2, c3, c4]",gBest_fitness
1,29.45088477338571
2,22.37286075577967
3,18.128860311804935
4,15.023596294438933
5,13.601667181211324
