epoch,gBest_fitness
1,3.432716204304498
2,0.9619333353616344
3,0.3588776414300238
4,0.1538394731487208
5,0.05384885699453559
