epoch,gBest_fitness
1,19.338587515855536
2,5.872084152709852
3,3.196298562518725
4,1.9020377385756437
5,1.2800613266895013
