epoch,gBest_fitness
1,2.604588474968628
2,0.8793168957456123
3,0.24725125629926017
4,0.12746056360656927
5,0.09748133125380677
