epoch,gBest_fitness
1,323.97477084916073
2,98.74916610283577
3,18.716069001862788
4,8.43054695442689
5,4.97569188874884
