epoch,gBest_fitness
1,0.37493682305451653
2,0.06084724868431173
3,0.00809083606352726
4,0.0007549080278060983
5,0.00022808072080783348
