epoch,gBest_fitness
1,3603.7284327273624
2,1050.620650588781
3,640.942006172205
4,277.37199479159136
5,174.9661156624417
