epoch,gBest_fitness
1,63.87873387508885
2,3.3915152787783973
3,0.9229190046249425
4,0.25627834798216076
5,0.08377871426054671
