epoch,gBest_fitness
1,3934.392127913213
2,1069.1685885840454
3,354.8735497500745
4,237.39532193681933
5,164.08689760399426
