epoch,gBest_fitness
1,1569.6711025372292
2,27.350044049987222
3,14.660829415550689
4,11.604858247749233
5,8.251259106848476
