"combination [m, n, l1, l2, ep_max, c1, c2, c3, c4]",gBest_fitness
1,20.932924541732415
2,14.249171747558247
3,11.694351266833273
4,10.66377613968838
5,9.1793465877556
