epoch,gBest_fitness
1,4.090970815579858
2,1.123434765777815
3,0.39447873524720517
4,0.14103416147815945
5,0.062100881681238146
