"combination [m, n, l1, l2, ep_max, c1, c2, c3, c4]",gBest_fitness
1,19.04338466014495
2,12.234875807588162
3,10.765183209889782
4,9.60675157140089
5,9.225673362919439
