epoch,gBest_fitness
1,0.26277630898028276
2,0.05590683326599731
3,0.010049976046949677
4,0.0033357087728906553
5,0.0011607413804611848
