epoch,gBest_fitness
1,87.59523147251447
2,27.65606932256172
3,13.373006466384705
4,4.602171387660507
5,1.8146704200912456
