epoch,gBest_fitness
1,3464.7589478108516
2,793.2085423960499
3,403.83591896628957
4,248.31933407030314
5,154.11676851813087
