epoch,gBest_fitness
1,26.397427146785724
2,3.0498160617359855
3,0.5358175230897902
4,0.12654704275491208
5,0.03670844203045555
