epoch,gBest_fitness
1,565.4966813830154
2,71.56401880870614
3,46.31364362218891
4,30.54371578995626
5,20.256888000433825
