epoch,gBest_fitness
1,0.4016539432924059
2,0.04700093295412972
3,0.014985156599939368
4,0.008988213875650604
5,0.0027324837826742197
