epoch,gBest_fitness
1,0.5621278395501172
2,0.06888063278632015
3,0.021870211129512977
4,0.0070061537251914965
5,0.0020265188630747715
