"combination [m, n, l1, l2, ep_max, c1, c2, c3, c4]",gBest_fitness
1,16.81344089484843
2,13.31932654806293
3,11.774986303910355
4,9.79015996699409
5,8.497811943458322
