epoch,gBest_fitness
1,20.844579823399318
2,1.9853553397415655
3,0.5689700805665541
4,0.12556888308100672
5,0.04014599476834987
