epoch,gBest_fitness
1,18.01527541941095
2,1.7478165547686273
3,0.3304620848753158
4,0.09807227743282024
5,0.02840365708716184
