epoch,gBest_fitness
1,340.35523372984085
2,108.31422455646609
3,62.88382887555608
4,17.506443453969368
5,10.230659935426658
