epoch,gBest_fitness
1,0.5791611069474053
2,0.052423882599110426
3,0.016137758723249143
4,0.007249908487865175
5,0.002834850011819565
