"combination [m, n, l1, l2, ep_max, c1, c2, c3, c4]",gBest_fitness
1,21.31971894168097
2,15.135436598168138
3,11.99137983860281
4,8.432073075200563
5,7.092824369281306
