epoch,gBest_fitness
1,0.23634613085744227
2,0.08209968401017217
3,0.021859020167998892
4,0.007711416282334968
5,0.002428358028185372
