epoch,gBest_fitness
1,12.132656594732438
2,1.4000694919579968
3,0.46510548033056454
4,0.14704261149806802
5,0.0426526766253331
