epoch,gBest_fitness
1,2.5306390797091205
2,0.45407855521122714
3,0.27689245768776805
4,0.07125628033933652
5,0.04062061418643408
