epoch,gBest_fitness
1,0.6233487924765394
2,0.08055860129389633
3,0.037232316988681236
4,0.009117038333808681
5,0.0043171012214809215
