"combination [m, n, l1, l2, ep_max, c1, c2, c3, c4]",gBest_fitness
1,18.272540518620463
2,13.283041220391802
3,7.8917489535192145
4,6.317638646116506
5,5.219002613339331
