"combination [m, n, l1, l2, ep_max, c1, c2, c3, c4]",gBest_fitness
1,17.848155207011192
2,11.947945685279358
3,9.819001602248218
4,6.819325198261384
5,5.210111164438719
