epoch,gBest_fitness
1,53.35742698467212
2,19.812068560781917
3,11.647224437777604
4,6.836176195677358
5,4.703578557276338
