epoch,gBest_fitness
1,0.9590730566088735
2,0.13469353299870213
3,0.04043781430582344
4,0.02384519418788362
5,0.014139728572977153
