epoch,gBest_fitness
1,13.403710522436132
2,3.0484838674303587
3,1.8802710477198827
4,0.8369356461896124
5,0.5608252170452598
