epoch,gBest_fitness
1,2938.572768979825
2,637.9952548464225
3,316.54040350159636
4,144.99965256320237
5,112.75163050720361
