"combination [m, n, l1, l2, ep_max, c1, c2, c3, c4]",gBest_fitness
1,20.832260733380636
2,10.915992101302544
3,8.368507516542069
4,5.796970699684632
5,5.309951260351928
