epoch,gBest_fitness
1,67.14094200805431
2,10.59679658150847
3,4.276992191969884
4,2.806481616357421
5,1.520837931741259
