epoch,gBest_fitness
1,132.55651280677182
2,18.972038496426684
3,6.473098119070928
4,2.2795224371893137
5,0.9343360383655926
