epoch,gBest_fitness
1,56.88151302846954
2,24.071749940709218
3,12.916390485698672
4,8.385207468406481
5,7.09234333856184
