epoch,gBest_fitness
1,2.742333981795162
2,0.416984623094437
3,0.14305647410841754
4,0.05702243794162973
5,0.02051447215406816
