epoch,gBest_fitness
1,1.9200724088099155
2,0.633624717979743
3,0.17033983218524984
4,0.10718576295122131
5,0.07864582260480488
