epoch,gBest_fitness
1,1.4217936115035827
2,0.3148422739226113
3,0.062186950539406136
4,0.02939491825368924
5,0.0125354383490552
