"combination [m, n, l1, l2, ep_max, c1, c2, c3, c4]",gBest_fitness
1,26.135490357965118
2,20.255894428589063
3,16.912711267564664
4,13.770957753245524
5,11.85279350312052
