epoch,gBest_fitness
1,82.97934413525518
2,46.751423802910836
3,26.90290302143323
4,18.751837587023516
5,14.799206907283876
