"combination [m, n, l1, l2, ep_max, c1, c2, c3, c4]",gBest_fitness
1,134.31990679849127
2,26.45588464415668
3,15.502378513874897
4,10.599721639794732
5,7.71596172123148
