epoch,gBest_fitness
1,1377.0470474675606
2,239.05352476595772
3,92.98747907376858
4,55.834051027759116
5,25.792558533968762
