epoch,gBest_fitness
1,19.94091934336732
2,2.490648415784494
3,0.9014888878586204
4,0.20195105827982898
5,0.08664180572790083
