epoch,gBest_fitness
1,88.75233119758995
2,16.787445767583687
3,2.8628072361845938
4,1.3818342467500166
5,0.5640203186972773
