epoch,gBest_fitness
1,0.7677423820904212
2,0.07335560474292947
3,0.01427362850437387
4,0.0025963991389243457
5,0.0008769092243791499
