epoch,gBest_fitness
1,106.91579453348838
2,19.661962205252756
3,8.589137863733718
4,2.8297065868408957
5,1.2227529804780046
