epoch,gBest_fitness
1,3672.6184149952187
2,949.6507367402032
3,431.4435781973257
4,255.77431727256706
5,152.9597243480418
