epoch,gBest_fitness
1,0.23097704739807906
2,0.06778107490850216
3,0.031192027216092398
4,0.013596311568837624
5,0.003435374212601797
