epoch,gBest_fitness
1,12.134582384299716
2,3.1815450150280675
3,1.3917685093704741
4,0.5002765364204456
5,0.25346851628180633
