epoch,gBest_fitness
1,120.90428440021748
2,8.439193025915959
3,2.8533743840054164
4,0.8185665933996253
5,0.34163857733168135
