epoch,gBest_fitness
1,91.01343728596001
2,47.57764149168321
3,21.31810753317131
4,12.430100244745256
5,9.11551922677827
