"combination [m, n, l1, l2, ep_max, c1, c2, c3, c4]",gBest_fitness
1,62.48189124976227
2,15.290947834747502
3,11.867893922299004
4,9.572305428108647
5,7.846697625409597
