epoch,gBest_fitness
1,17.81748054964492
2,6.206122425682756
3,2.988032422050934
4,1.4905819412816832
5,0.7641038162448056
