epoch,gBest_fitness
1,1.1373294698270617
2,0.7962978892426494
3,0.5800931716709917
4,0.552490946493029
5,0.4422196935953732
