epoch,gBest_fitness
1,5.546523162663708
2,4.211376378496114
3,2.154881327567868
4,1.0079483107154406
5,0.5954538716314959
