epoch,gBest_fitness
1,0.8123738730170635
2,0.720744488163491
3,0.6505291207389311
4,0.6408373496269238
5,0.4746897891031566
