epoch,gBest_fitness
1,7.7743252178353295
2,7.503941193046677
3,7.324850760744797
4,7.274447955864486
5,6.995776286267539
