epoch,gBest_fitness
1,4.293205449208063
2,2.9359610700008343
3,1.0298705958640273
4,0.9316181200797932
5,0.6695987779884109
