epoch,gBest_fitness
1,1.1536648028786318
2,0.5025847118211358
3,0.4422332424435539
4,0.23245399075592169
5,0.204149742272157
