epoch,gBest_fitness
1,0.7851643343869886
2,0.2722194970193069
3,0.18599095662983015
4,0.1512044109316053
5,0.08610313173094224
