epoch,gBest_fitness
1,5.610092874111632
2,1.7425573052405607
3,1.6591990751927685
4,1.62081024435391
5,1.6126966106185072
