epoch,gBest_fitness
1,2.1714515207258716
2,1.5080098332418692
3,1.4591940964163406
4,1.3240106151271303
5,1.202965470076508
