epoch,gBest_fitness
1,3.1390656736219786
2,2.9954463545873877
3,2.7110685127715883
4,2.2911510715549057
5,2.0749912664426167
