epoch,gBest_fitness
1,0.8735124187501763
2,0.6114897497915612
3,0.5315893056777937
4,0.4710467711471625
5,0.41451537978093234
