epoch,gBest_fitness
1,3.35839075271693
2,2.897359787282951
3,1.1214409307354833
4,0.9157456774411505
5,0.7094122079076658
