epoch,gBest_fitness
1,4.778942548130606
2,4.196440610087818
3,2.8416210059784075
4,1.4294481934743937
5,1.2586897151122103
