epoch,gBest_fitness
1,1.501948084890464
2,1.385253623795955
3,1.3309223358461304
4,1.2383954891647673
5,1.1037069886870832
