epoch,gBest_fitness
1,17.168621971095163
2,13.853607220434496
3,10.911890448846169
4,8.398551229433334
5,8.385798345585142
