epoch,gBest_fitness
1,5.872851606593841
2,4.4267724352343025
3,3.062666619426203
4,2.50342419325994
5,2.191154793000964
