epoch,gBest_fitness
1,15.735693234446906
2,10.715832838027579
3,10.535763845944578
4,9.945876051704863
5,9.806577901196903
