epoch,gBest_fitness
1,1.287127572478661
2,1.1843826022846249
3,1.118768597300967
4,1.0858087710156639
5,0.8972787777681122
