epoch,gBest_fitness
1,1.866594712309781
2,1.7714808919627831
3,1.7380738381822982
4,1.6934672615507562
5,1.6500893304351776
