epoch,gBest_fitness
1,1.005543423893191
2,0.2984213667966933
3,0.1977725372582283
4,0.15668658877617914
5,0.09329738430923494
