epoch,gBest_fitness
1,3.080313876886751
2,0.5265163375789531
3,0.2522649281402821
4,0.2361014331530981
5,0.11572775561759174
