epoch,gBest_fitness
1,1.513420197284271
2,1.3933641904487792
3,0.9932081395091613
4,0.9846903988290328
5,0.9750672676324418
