epoch,gBest_fitness
1,4.34738709416553
2,0.3248749569374247
3,0.1566229825347504
4,0.13468059203092006
5,0.09085409805016759
