epoch,gBest_fitness
1,10.150433130095212
2,7.784489747901992
3,4.914119125777856
4,4.679208314033027
5,4.044020872565444
