epoch,gBest_fitness
1,19.143770861932992
2,13.554411431250928
3,13.167871102067398
4,10.316979544885458
5,9.35210912304486
