epoch,gBest_fitness
1,2.853764186048994
2,2.806189591344802
3,2.437337301750994
4,2.3460044713000356
5,2.224789437285418
