epoch,gBest_fitness
1,1.385423557809555
2,1.336513354686203
3,1.2696626248610074
4,1.0240466334889418
5,0.9293906193729614
