epoch,gBest_fitness
1,13.82349772656017
2,12.626835836451043
3,12.307189402750083
4,11.213145819645744
5,8.473149000880428
