epoch,gBest_fitness
1,2.6436555951232132
2,2.1593993551619954
3,1.7200208449134828
4,1.6346871461709693
5,1.5570369063220673
