epoch,gBest_fitness
1,1.6485629666681618
2,1.5802242320311293
3,1.5304811481092608
4,1.5217702737364507
5,1.5182425634205239
