epoch,gBest_fitness
1,8.850099518250934
2,6.404992418651347
3,5.897465035979468
4,4.824562357174799
5,4.742447928954165
