epoch,gBest_fitness
1,3.6073395585056582
2,3.100676586778953
3,2.811172810159372
4,2.546391431171495
5,1.2560470893990416
