epoch,gBest_fitness
1,1.6336650681622793
2,1.633235829515104
3,1.314727748764377
4,1.309818965202428
5,1.3087248837834493
