epoch,gBest_fitness
1,7.368804117119568
2,5.142706741652837
3,4.59158216741386
4,3.3677178814615085
5,2.6378712720029833
