epoch,gBest_fitness
1,9.760215193267769
2,8.678576238494115
3,4.401236451956352
4,4.070978084738932
5,3.696688376773526
