epoch,gBest_fitness
1,12.044414845228328
2,10.253133824248454
3,10.12648302339001
4,8.47809535281358
5,8.301258872575607
