epoch,gBest_fitness
1,0.3982987816140135
2,0.28540533995090345
3,0.27093665280107737
4,0.21256746781024125
5,0.21078973971724874
