epoch,gBest_fitness
1,3.3656010860155523
2,2.7999571903670946
3,2.1065475085054945
4,1.3656776597890912
5,1.2147219959393338
