epoch,gBest_fitness
1,12.528184202326418
2,7.611094521376638
3,6.472865015429839
4,6.038952886174425
5,4.871254961590421
