epoch,gBest_fitness
1,4.984993805252536
2,4.223927076451962
3,4.1345589079021785
4,3.809518742316697
5,2.0935138248150724
