epoch,gBest_fitness
1,13.588941615893127
2,9.639197369487107
3,8.843965830124814
4,6.224805721156029
5,5.239630940331762
