epoch,gBest_fitness
1,3.2667328269119693
2,0.7614528023789138
3,0.3247143749112611
4,0.2256004364575275
5,0.1793794111329288
