epoch,gBest_fitness
1,6.822676066200903
2,6.314908300054805
3,4.585933994118633
4,3.5023633846237776
5,3.377652795704906
