epoch,gBest_fitness
1,1.3089859053298183
2,1.2230508447635156
3,0.9253566761343374
4,0.9001873631947833
5,0.8745231045355769
