epoch,gBest_fitness
1,1.232352292818385
2,0.6908957465741775
3,0.5486821529206081
4,0.5462294450589065
5,0.5093186438879818
