epoch,gBest_fitness
1,6.8726244354424155
2,5.398738915449022
3,4.727374999005262
4,4.6463407355776205
5,3.668893305147142
