epoch,gBest_fitness
1,8.041378702644115
2,5.0312680155225245
3,4.28534750046644
4,4.2486327995904505
5,4.156700265238043
