epoch,gBest_fitness
1,4.620541273385779
2,2.3055823533830786
3,2.283857845853515
4,2.258825130027079
5,2.2368838876663086
