epoch,gBest_fitness
1,1.7037395547468308
2,1.512558336167207
3,1.5055222165694846
4,1.4962334142949094
5,1.4931845100096486
