epoch,gBest_fitness
1,1.1222184689279628
2,0.8565730388172746
3,0.8347174652303274
4,0.7767563696617488
5,0.7130535432480755
