epoch,gBest_fitness
1,2.188921639276822
2,2.0678633705745977
3,2.05137868573317
4,2.03139454833214
5,2.013968359689569
