epoch,gBest_fitness
1,1.3258558497184971
2,1.1004604361462955
3,1.0610945946696875
4,0.8797725382390233
5,0.8797434823159871
