epoch,gBest_fitness
1,1.1484908198452801
2,0.8438164588293813
3,0.6870254413279671
4,0.6254324390875862
5,0.6148089378578382
