epoch,gBest_fitness
1,1.2173219735255847
2,0.8412983065152123
3,0.7762267242998663
4,0.6440413364335948
5,0.512141131857569
