epoch,gBest_fitness
1,8.090091380425317
2,4.743220691092606
3,4.189864440206083
4,3.7558871676791172
5,3.614710985260954
