epoch,gBest_fitness
1,6.583152650764792
2,6.5635155190000996
3,6.207618977670205
4,4.607125692396183
5,3.2243863747480765
