epoch,gBest_fitness
1,5.033126868074307
2,3.803898542606341
3,3.6961894398633355
4,3.5858319312568474
5,3.10737666413422
