epoch,gBest_fitness
1,1.671902875024258
2,1.3490110714346555
3,1.2794663916838458
4,1.2782986994655359
5,1.266767396596752
