epoch,gBest_fitness
1,12.430236567542307
2,9.33471184498812
3,8.526771704098529
4,8.307101128545112
5,7.6166946065439936
