epoch,gBest_fitness
1,0.3768939778219267
2,0.35035847440684653
3,0.15907992997477363
4,0.13883067147451614
5,0.12820023530344501
