epoch,gBest_fitness
1,16.073434326691263
2,13.786082027994864
3,13.639376050019786
4,13.39940377484487
5,11.114396244159511
