epoch,gBest_fitness
1,0.7642452844886898
2,0.7371993781414564
3,0.7140070853541687
4,0.7003074985707181
5,0.6123224277424048
