epoch,gBest_fitness
1,6.858407306608163
2,6.483277115953687
3,4.316543810384374
4,3.6152288589120274
5,3.307640641800252
