epoch,gBest_fitness
1,5.73410535750273
2,4.071710663241548
3,3.1230771291991988
4,1.3356202493589266
5,1.1625415328115332
