epoch,gBest_fitness
1,4.767416738668348
2,4.4031001075868765
3,4.328814135688301
4,3.879678761247651
5,3.685483062780369
