epoch,gBest_fitness
1,5.02768946334654
2,4.496213297945534
3,1.1464994717645869
4,1.120303291362228
5,0.8727794478748766
