epoch,gBest_fitness
1,0.876253897965126
2,0.5786452269567989
3,0.3507789402937633
4,0.24883577339320212
5,0.22323382099664443
