epoch,gBest_fitness
1,1.2873337811336056
2,1.2126194738144267
3,1.172523193208787
4,1.0543798187608782
5,1.0001788746934146
