epoch,gBest_fitness
1,1.902706332133592
2,1.6383084015626086
3,1.378483417915798
4,1.1484959219666342
5,1.0878849525271996
