epoch,gBest_fitness
1,0.5068175411787006
2,0.4281704718926827
3,0.41742008457608387
4,0.3517064693145982
5,0.2633467284165671
