epoch,gBest_fitness
1,10.772077717999515
2,10.206122379640018
3,7.114931918860175
4,6.7681451769517205
5,5.937308134736121
