epoch,gBest_fitness
1,13.73876461975291
2,10.029505915671564
3,9.855941421465312
4,9.610719059137123
5,8.579221402017376
