epoch,gBest_fitness
1,1.747151516707133
2,0.7993177988908935
3,0.6135567562992191
4,0.5580237541952652
5,0.5331906612454761
