epoch,gBest_fitness
1,1.4921625984289593
2,1.2417885117449177
3,1.2331458733274352
4,1.1747874161974883
5,1.0778367434458975
