epoch,gBest_fitness
1,7.6515123822676
2,6.456686414616712
3,4.130063993467624
4,4.112886505220081
5,2.8685222095159633
