epoch,gBest_fitness
1,7.5075449582664335
2,7.025135157582296
3,5.941455611768831
4,5.604795409855879
5,5.137848453333354
