epoch,gBest_fitness
1,13.059678342638996
2,9.759969959463714
3,8.045715572387293
4,8.001072066108769
5,7.995399182823759
