epoch,gBest_fitness
1,2.3311884874384368
2,2.0360031574951916
3,1.367340734098667
4,1.3464470022577775
5,1.269444648383102
