epoch,gBest_fitness
1,0.6716250988559167
2,0.6014473260883368
3,0.5335349722486096
4,0.49726726443255637
5,0.4891314868465583
