epoch,gBest_fitness
1,5.697758155412674
2,3.2025825829575676
3,1.6104013897634604
4,0.8674306870805499
5,0.7387129527294861
