epoch,gBest_fitness
1,8.14883367922187
2,4.469946807392507
3,3.321139539888316
4,2.6666411760967863
5,2.529738496417256
