epoch,gBest_fitness
1,5.209954180767403
2,2.5501165988086036
3,0.8045415681297838
4,0.7437144858124715
5,0.544669566963531
