epoch,gBest_fitness
1,10.437596573745537
2,7.814493761487702
3,7.201196119153193
4,5.864500038849022
5,5.625568527039374
