epoch,gBest_fitness
1,12.636855348920292
2,9.784083457684716
3,6.729885882480958
4,6.664642199313918
5,5.658102662869306
