epoch,gBest_fitness
1,6.395231119334621
2,1.1235459126443867
3,1.0608579735233516
4,1.0498726889010388
5,1.0187052147545048
