epoch,gBest_fitness
1,9.088432542049665
2,6.161537624744535
3,5.231228896576282
4,2.6145594050668715
5,1.7663639793948094
