epoch,gBest_fitness
1,0.9491767633425912
2,0.5675868549812498
3,0.45432787080675385
4,0.38540449796044524
5,0.29674400917688
