epoch,gBest_fitness
1,0.6037164269369881
2,0.5764135038717462
3,0.4537936803641908
4,0.3227411489470533
5,0.25164886650519647
