epoch,gBest_fitness
1,10.638297298623524
2,7.432538057501117
3,6.982239388300329
4,5.618193732000369
5,4.358580408362904
