epoch,gBest_fitness
1,17.887286421016277
2,15.905945522281302
3,13.385269491103962
4,13.309040473102328
5,11.544385106915035
