epoch,gBest_fitness
1,0.9493186387414263
2,0.716736131096945
3,0.716469851634641
4,0.6492305739554515
5,0.6112233963294205
