epoch,gBest_fitness
1,3.395368753794789
2,3.3463073205907286
3,3.0776639168418867
4,3.0408832637752234
5,2.9985496465445394
