epoch,gBest_fitness
1,7.804213275707842
2,5.285452596341996
3,4.998108605568393
4,4.681552567933441
5,3.7373282893868764
