epoch,gBest_fitness
1,8.283688973795169
2,5.879885400132889
3,5.062072794144374
4,4.471444964453201
5,4.031833123413688
