epoch,gBest_fitness
1,2.8858818276100187
2,0.98157921156897
3,0.8011618313056339
4,0.5847908404744694
5,0.47134915150054424
