epoch,gBest_fitness
1,3.40393969998385
2,0.43024201637802
3,0.2637570738026712
4,0.17925403940001236
5,0.1717815666484609
