epoch,gBest_fitness
1,1.0023767395464096
2,0.6623067059753022
3,0.4033139557986952
4,0.31163799243856494
5,0.25184014406198274
