epoch,gBest_fitness
1,5.046095374943479
2,3.0831449732986944
3,2.4090037564709244
4,2.279234522959167
5,2.1775248492378267
