epoch,gBest_fitness
1,13.208318612009878
2,11.953815752442324
3,11.583803741339915
4,10.256947932892
5,8.743204753545765
