epoch,gBest_fitness
1,15.198596111475478
2,11.013204832552344
3,9.672486651457563
4,8.123956617396377
5,7.901209917421776
