epoch,gBest_fitness
1,3.240372348371113
2,2.6763506997274407
3,2.2151880345384845
4,1.9174157432021444
5,1.8458949819453252
