epoch,gBest_fitness
1,8.36159854741928
2,8.306193266718225
3,5.207290548197568
4,4.503660773706143
5,3.2608229889441884
