epoch,gBest_fitness
1,17.8919487323817
2,8.191801172135856
3,7.505843031799289
4,6.441609181596295
5,5.78655022746687
