epoch,gBest_fitness
1,2.9284630129686113
2,2.504613576481311
3,1.9166379416632453
4,1.824023563655649
5,1.8222129197549648
