epoch,gBest_fitness
1,-78.06183444270783
2,-78.06183444270783
3,-78.21590518070076
4,-78.21590518070076
5,-78.21590518070076
