epoch,gBest_fitness
1,-77.57936127859935
2,-77.95252598169348
3,-77.95252598169348
4,-77.95252598169348
5,-77.95252598169348
