epoch,gBest_fitness
1,-67.1924427655832
2,-78.22294237131416
3,-78.22294237131416
4,-78.22294237131416
5,-78.22294237131416
