epoch,gBest_fitness
1,-77.81191599669178
2,-78.30567196870264
3,-78.30567196870264
4,-78.30567196870264
5,-78.32634482585743
