epoch,gBest_fitness
1,-67.12258097182676
2,-74.22638115624153
3,-76.83002067178188
4,-76.83002067178188
5,-76.83002067178188
