epoch,gBest_fitness
1,-78.12338648939193
2,-78.12338648939193
3,-78.12338648939193
4,-78.1940210042732
5,-78.1940210042732
