epoch,gBest_fitness
1,-51.1354703444781
2,-58.71370940440813
3,-76.12866100126615
4,-76.12866100126615
5,-76.12866100126615
