epoch,gBest_fitness
1,-78.2617673840217
2,-78.2617673840217
3,-78.27090518656354
4,-78.27090518656354
5,-78.27090518656354
