epoch,gBest_fitness
1,-78.07107414814729
2,-78.30314549182505
3,-78.30314549182505
4,-78.30314549182505
5,-78.30314549182505
