epoch,gBest_fitness
1,-78.29743629085071
2,-78.32326080601817
3,-78.32326080601817
4,-78.32326080601817
5,-78.32326080601817
