epoch,gBest_fitness
1,-70.07519685536427
2,-70.78113623475963
3,-76.86604596612048
4,-78.049726055943
5,-78.049726055943
