epoch,gBest_fitness
1,-78.27964564777912
2,-78.27964564777912
3,-78.29097569966109
4,-78.29097569966109
5,-78.29097569966109
