epoch,gBest_fitness
1,-69.51854647601897
2,-73.80853109555454
3,-74.11284675850146
4,-74.11284675850146
5,-74.96405198459965
