epoch,gBest_fitness
1,-60.69154859983635
2,-64.49143386638448
3,-67.67754488417253
4,-67.67754488417253
5,-77.16119964070774
