epoch,gBest_fitness
1,-78.33029597690614
2,-78.33029597690614
3,-78.33029597690614
4,-78.33029597690614
5,-78.33029597690614
