epoch,gBest_fitness
1,-78.19524479780976
2,-78.25950014972868
3,-78.33030439777446
4,-78.33189221613165
5,-78.33189221613165
