epoch,gBest_fitness
1,-61.43573532347419
2,-73.26357802609674
3,-73.26357802609674
4,-73.26357802609674
5,-73.26357802609674
