epoch,gBest_fitness
1,-63.02752778458672
2,-68.30133744535095
3,-75.04377778957958
4,-78.12633869203718
5,-78.12633869203718
