epoch,gBest_fitness
1,-70.32347313604883
2,-71.51231438176903
3,-76.72856857434098
4,-76.72856857434098
5,-76.72856857434098
