epoch,gBest_fitness
1,-69.83335393691782
2,-71.11283391982855
3,-72.09318990916456
4,-76.41007960326297
5,-76.41007960326297
