epoch,gBest_fitness
1,-78.27808010350608
2,-78.33133663129291
3,-78.33133663129291
4,-78.33133663129291
5,-78.33133663129291
