epoch,gBest_fitness
1,-78.18771124883133
2,-78.18771124883133
3,-78.29631891232458
4,-78.29631891232458
5,-78.29631891232458
