epoch,gBest_fitness
1,-72.91938162200387
2,-72.91938162200387
3,-77.75120581083536
4,-77.75120581083536
5,-78.00963166548942
