epoch,gBest_fitness
1,-74.19468678653173
2,-78.13490829000408
3,-78.13490829000408
4,-78.21787080383781
5,-78.21787080383781
