epoch,gBest_fitness
1,-72.09244685147509
2,-76.83241393449742
3,-76.83241393449742
4,-76.83241393449742
5,-76.9885939905128
