epoch,gBest_fitness
1,-77.5507363634464
2,-78.32489714830079
3,-78.32937520052363
4,-78.32937520052363
5,-78.32937520052363
