epoch,gBest_fitness
1,-78.32709218601912
2,-78.32709218601912
3,-78.32709218601912
4,-78.32709218601912
5,-78.32709218601912
