epoch,gBest_fitness
1,-78.0255811666757
2,-78.0255811666757
3,-78.0255811666757
4,-78.32141878582215
5,-78.32141878582215
