epoch,gBest_fitness
1,-78.09767678023762
2,-78.09767678023762
3,-78.09767678023762
4,-78.09767678023762
5,-78.25887151299963
