epoch,gBest_fitness
1,-78.24728939371816
2,-78.24728939371816
3,-78.24728939371816
4,-78.24728939371816
5,-78.24728939371816
