epoch,gBest_fitness
1,-77.78042364939404
2,-77.78042364939404
3,-77.78042364939404
4,-77.78042364939404
5,-77.78042364939404
