epoch,gBest_fitness
1,-78.09926051529918
2,-78.28097430250745
3,-78.28097430250745
4,-78.31994698262586
5,-78.31994698262586
