epoch,gBest_fitness
1,-78.25616910455904
2,-78.26387806305746
3,-78.28573265267421
4,-78.28573265267421
5,-78.31006257731968
