epoch,gBest_fitness
1,-78.2896217648931
2,-78.2896217648931
3,-78.2896217648931
4,-78.2896217648931
5,-78.2896217648931
