epoch,gBest_fitness
1,-77.72478524211752
2,-78.32251309546274
3,-78.32609775067682
4,-78.32609775067682
5,-78.32609775067682
