epoch,gBest_fitness
1,-78.27987888199985
2,-78.29686588525908
3,-78.29869877644886
4,-78.29869877644886
5,-78.29869877644886
