epoch,gBest_fitness
1,-69.09288220779113
2,-78.09006718303763
3,-78.18154427311289
4,-78.18154427311289
5,-78.19963207190948
