epoch,gBest_fitness
1,-68.77232526837476
2,-68.77232526837476
3,-78.03032306800466
4,-78.03032306800466
5,-78.03032306800466
