epoch,gBest_fitness
1,-67.28230494617304
2,-77.75763906503619
3,-78.24019473745034
4,-78.24019473745034
5,-78.24019473745034
