epoch,gBest_fitness
1,-77.91088564737368
2,-78.10045534671056
3,-78.22342105591312
4,-78.22342105591312
5,-78.22342105591312
