epoch,gBest_fitness
1,-76.69142330271684
2,-78.31906368297447
3,-78.31906368297447
4,-78.31906368297447
5,-78.31906368297447
