epoch,gBest_fitness
1,-70.17303875520992
2,-70.24854647115161
3,-78.10924295520965
4,-78.18239774699065
5,-78.18239774699065
