epoch,gBest_fitness
1,-77.97720205689933
2,-78.24071399077542
3,-78.24071399077542
4,-78.24071399077542
5,-78.24071399077542
