epoch,gBest_fitness
1,-78.29295325663449
2,-78.29295325663449
3,-78.31251555991813
4,-78.32102858552345
5,-78.32102858552345
