epoch,gBest_fitness
1,-77.9298116977935
2,-77.94290832106822
3,-77.94290832106822
4,-77.94290832106822
5,-78.2713953502549
