epoch,gBest_fitness
1,-72.96406951166809
2,-73.1404573887857
3,-73.30080574606896
4,-73.30080574606896
5,-76.61556607668435
