epoch,gBest_fitness
1,-77.65216225830605
2,-77.65216225830605
3,-78.10835469077304
4,-78.19999765250013
5,-78.19999765250013
