epoch,gBest_fitness
1,-73.37565407103106
2,-77.85466286919018
3,-77.85466286919018
4,-77.85466286919018
5,-78.02193700537202
