epoch,gBest_fitness
1,-67.94555908684133
2,-69.9694196202124
3,-70.1894425355071
4,-77.92764786588435
5,-77.92764786588435
