epoch,gBest_fitness
1,-78.09193931308735
2,-78.16869586536056
3,-78.30644035884606
4,-78.30644035884606
5,-78.30644035884606
