epoch,gBest_fitness
1,-78.21294404195424
2,-78.21294404195424
3,-78.24139705081556
4,-78.26119762755455
5,-78.31505909850681
