epoch,gBest_fitness
1,-77.93930670804554
2,-78.2304051625616
3,-78.2304051625616
4,-78.2304051625616
5,-78.23576836307524
