epoch,gBest_fitness
1,-77.51520298132469
2,-77.94918608796812
3,-77.94918608796812
4,-77.94918608796812
5,-78.25347614921128
