epoch,gBest_fitness
1,-68.75121133332385
2,-69.83715561672629
3,-72.23470010248185
4,-77.425962617938
5,-77.52319481245001
