epoch,gBest_fitness
1,-77.77503387295943
2,-78.1477959797031
3,-78.18314730188482
4,-78.25887085658745
5,-78.25887085658745
