epoch,gBest_fitness
1,-51.71825030473239
2,-65.78229709838793
3,-76.73364694629264
4,-76.73364694629264
5,-76.73364694629264
