epoch,gBest_fitness
1,-76.8115604175182
2,-78.23745785641381
3,-78.23745785641381
4,-78.23745785641381
5,-78.23745785641381
