epoch,gBest_fitness
1,-67.46863533706194
2,-67.46863533706194
3,-67.46863533706194
4,-77.94640906735872
5,-78.31107877395397
