epoch,gBest_fitness
1,-74.25569357693414
2,-74.59641760825863
3,-75.24166352236533
4,-75.34044917454845
5,-75.34044917454845
