epoch,gBest_fitness
1,3130.8724601123618
2,0.00011833923774606792
3,0.00011833923774606792
4,0.00011833923774606792
5,1.3346035058758865e-05
