epoch,gBest_fitness
1,1009874.6732169556
2,1009874.6732169556
3,269594.29541527596
4,247061.84257325678
5,247061.84257325678
