epoch,gBest_fitness
1,7.273182056621863e-12
2,7.273182056621863e-12
3,7.273182056621863e-12
4,0.0
5,0.0
