epoch,gBest_fitness
1,44.288904170174085
2,5.149989675823363e-06
3,0.0
4,0.0
5,0.0
