epoch,gBest_fitness
1,0.6275147795361588
2,2.027837442408753e-08
3,2.027837442408753e-08
4,2.027837442408753e-08
5,2.027837442408753e-08
