epoch,gBest_fitness
1,566.3224368138968
2,566.3224368138968
3,566.3224368138968
4,566.3224368138968
5,484.824070885406
