epoch,gBest_fitness
1,919381.5565208766
2,919381.5565208766
3,374806.9181654053
4,374806.9181654053
5,0.0
