epoch,gBest_fitness
1,271720.3459113792
2,271720.3459113792
3,271720.3459113792
4,271720.3459113792
5,50220.123049748254
