epoch,gBest_fitness
1,0.00022337235928526766
2,0.00022337235928526766
3,0.00022337235928526766
4,0.00022337235928526766
5,0.0
