epoch,gBest_fitness
1,1.6977022356095945
2,1.6977022356095945
3,1.6977022356095945
4,1.6977022356095945
5,0.0
