epoch,gBest_fitness
1,3.8395984712822013
2,0.20028286319707822
3,0.20028286319707822
4,0.0
5,0.0
