epoch,gBest_fitness
1,15722.508778709405
2,15722.508778709405
3,15722.508778709405
4,8755.085241805858
5,1.1883043593014313
