epoch,gBest_fitness
1,6068.913295392327
2,6068.913295392327
3,6068.913295392327
4,0.0
5,0.0
