epoch,gBest_fitness
1,0.021136408503771964
2,5.6730953268413487e-11
3,5.6730953268413487e-11
4,5.6730953268413487e-11
5,0.0
