epoch,gBest_fitness
1,62745.95493230574
2,55358.864464539045
3,52437.13256208955
4,52437.13256208955
5,0.0
