epoch,gBest_fitness
1,536280.0123421272
2,25471.36304855143
3,25471.36304855143
4,153.83556967690762
5,0.0
