epoch,gBest_fitness
1,299306.1926160836
2,185.74168339887322
3,185.74168339887322
4,185.74168339887322
5,185.74168339887322
