epoch,gBest_fitness
1,14196.28685247268
2,273.05552727269503
3,273.05552727269503
4,273.05552727269503
5,273.05552727269503
