epoch,gBest_fitness
1,73465.8311538275
2,270.990065964513
3,0.0
4,0.0
5,0.0
