epoch,gBest_fitness
1,21.616017177259963
2,3.45829928408703e-05
3,4.773959005888173e-14
4,4.773959005888173e-14
5,4.773959005888173e-14
