epoch,gBest_fitness
1,0.002789111813764511
2,5.5649370990229485e-06
3,5.5649370990229485e-06
4,5.5649370990229485e-06
5,5.5649370990229485e-06
