epoch,gBest_fitness
1,11710213.29469578
2,6551844.710409301
3,4549695.1756233005
4,3188524.842871552
5,2698589.7488862374
