epoch,gBest_fitness
1,14209168.798921986
2,10235603.917693907
3,7904854.138316697
4,5410935.3436934035
5,4550963.5604347875
