epoch,gBest_fitness
1,669255307.884114
2,236917088.65664414
3,111267737.000163
4,90809411.16775809
5,65993324.81957941
