epoch,gBest_fitness
1,63117.25976081262
2,35873.98745049271
3,16683.601300614886
4,14853.883277083441
5,13267.62704437781
