epoch,gBest_fitness
1,450631.6920715313
2,399731.6901861723
3,215648.76032883459
4,159809.41647825844
5,139499.30396265993
