epoch,gBest_fitness
1,89557432.41041335
2,10480391.175644044
3,6793856.621840485
4,3317285.9901764654
5,2499026.270555215
