epoch,gBest_fitness
1,63779.80819241927
2,26890.865089003833
3,21524.959378271134
4,18079.850781997033
5,17083.45975412056
