epoch,gBest_fitness
1,1551231.8741846501
2,1186112.1203092006
3,972261.5935543119
4,774429.8577856552
5,726321.3080170117
