epoch,gBest_fitness
1,11891486.599360516
2,2325180.6218445734
3,1739829.9656039134
4,1612038.4913525023
5,250832.8345819492
