epoch,gBest_fitness
1,4333610.198971018
2,1115015.9610138983
3,897105.0161045785
4,606587.0593421179
5,568373.7564652874
