epoch,gBest_fitness
1,924877.6674852864
2,430243.4073097832
3,184950.2407689716
4,161780.12685325995
5,141263.37319138832
