epoch,gBest_fitness
1,488458.7475827845
2,429476.1462402724
3,218256.64736650637
4,151196.4992723004
5,133289.12664713117
