epoch,gBest_fitness
1,13490912.799528884
2,10257375.830777692
3,6426945.6340922825
4,4798525.227624193
5,4140451.9789621043
