epoch,gBest_fitness
1,48555149.47650156
2,31749765.354749136
3,26158059.260246772
4,23793708.590635158
5,21478371.245315257
