epoch,gBest_fitness
1,173670.61395450757
2,96902.81352749189
3,33783.77913698312
4,13796.189944045767
5,8948.304605973488
