epoch,gBest_fitness
1,47212042.518552616
2,5604493.659918329
3,2762286.261147592
4,2069299.8152554245
5,1055404.003720762
