epoch,gBest_fitness
1,5783618.35767945
2,1124693.001846119
3,523757.1313717841
4,298967.901768099
5,228151.26760365325
