epoch,gBest_fitness
1,560658989.3841062
2,227918301.9238456
3,154926456.11640605
4,122601066.84664276
5,106066385.94946079
