epoch,gBest_fitness
1,596749147.6117204
2,234410316.38756615
3,114307816.04154883
4,89667962.63515122
5,81021563.81714953
