epoch,gBest_fitness
1,416487.15775778715
2,321761.9422224546
3,193346.31818899652
4,158223.90356906303
5,137727.36416997426
