epoch,gBest_fitness
1,9627273.019341756
2,5402365.776214666
3,3548999.2024668767
4,2484154.4722357863
5,2009258.160484316
