epoch,gBest_fitness
1,10357771.333179802
2,644197.3041433808
3,259448.66420160743
4,171007.2985429389
5,129737.99539005324
