epoch,gBest_fitness
1,584556.0701444121
2,167836.8761690371
3,113352.48305415195
4,55102.73529541245
5,19567.481000041433
