epoch,gBest_fitness
1,464596242.4493261
2,183218021.11836126
3,115176276.75262114
4,96041319.6712288
5,67047332.45904387
