epoch,gBest_fitness
1,10758146.432435038
2,2466440.540087596
3,491128.9815968546
4,329066.06807565445
5,276810.32815814926
