epoch,gBest_fitness
1,63379579.57117803
2,26176504.588525005
3,13096591.898278374
4,4444325.172831132
5,3340292.787733613
