epoch,gBest_fitness
1,1173139.9112073507
2,271782.29559030844
3,43344.899919431016
4,14952.080172947783
5,12659.808894857651
