epoch,gBest_fitness
1,1921582.4682505494
2,1248743.5599635239
3,865642.4728789995
4,416771.02219211543
5,368384.9731152241
