epoch,gBest_fitness
1,184334.85492798395
2,170061.52810772022
3,154315.1815645123
4,129422.17031659899
5,108911.49045240332
