epoch,gBest_fitness
1,41342.306737814935
2,12502.661996672376
3,6421.349174221116
4,4559.8713596169555
5,4007.7800244415757
