epoch,gBest_fitness
1,4191070.064660071
2,2683681.81285007
3,1856279.6242794446
4,1677940.3677461708
5,1559499.1790243797
