epoch,gBest_fitness
1,2964535.293498278
2,84809.81199481065
3,32001.50258775515
4,17245.81247328851
5,15423.597418381549
