epoch,gBest_fitness
1,1.5569499465503305
2,1.3623696003641903
3,1.2358384480060387
4,1.1993873721355752
5,1.1706934024749525
