epoch,gBest_fitness
1,1.861542778589063
2,1.8383160410690413
3,1.777449406106966
4,1.4781924335654835
5,1.4329295898287775
