epoch,gBest_fitness
1,6.174044606166277
2,3.5344534748233936
3,3.0939190502826306
4,2.9596747480765173
5,2.283492074940127
