epoch,gBest_fitness
1,14.19365072075464
2,14.014265971330133
3,7.873778985731767
4,6.407995495677558
5,5.369051218572902
