epoch,gBest_fitness
1,13.20290625172049
2,8.96680056997553
3,7.730113300565808
4,7.407201329663175
5,6.856780876820408
