epoch,gBest_fitness
1,0.6839095351084682
2,0.5380025000836157
3,0.4545997969850154
4,0.4411980198861609
5,0.41010135452057184
