epoch,gBest_fitness
1,17.365447427491652
2,16.2645228100518
3,16.187923513229084
4,15.921174802210574
5,15.197818729584199
