epoch,gBest_fitness
1,0.7991964566492554
2,0.7638354457439944
3,0.7441367783042712
4,0.7392759809712617
5,0.6973619813779873
