epoch,gBest_fitness
1,7.831125527649408
2,5.501945662013299
3,5.118480542227531
4,4.312061250450293
5,4.16717723759387
