epoch,gBest_fitness
1,18.80840525676686
2,16.142082656906602
3,14.924568217423046
4,13.824466196388052
5,13.155181462780549
