epoch,gBest_fitness
1,2.448191811169934
2,2.439960898598759
3,2.271070897107917
4,2.2413714639580493
5,2.2214732736570175
