epoch,gBest_fitness
1,15.573761616122116
2,10.14965443804117
3,8.39155398203063
4,7.8477007038581
5,7.268642550619873
