epoch,gBest_fitness
1,1.6771213827258982
2,0.6889317559635906
3,0.40525515458268946
4,0.4036724807583588
5,0.3929999800948054
