epoch,gBest_fitness
1,2.8686015063028223
2,2.845924677568852
3,2.8017291138084737
4,2.6813538472728338
5,2.629386359135898
