epoch,gBest_fitness
1,3.094452474021389
2,2.231385977738311
3,2.222798278540676
4,1.64899992510341
5,1.1522949368129343
