epoch,gBest_fitness
1,16.16511657416233
2,15.958179895126435
3,13.926246477404144
4,12.324264453181138
5,12.18064792444279
