epoch,gBest_fitness
1,17.187179556809177
2,14.472955877642246
3,13.766067350190934
4,12.526556277958024
5,11.88251704356129
