epoch,gBest_fitness
1,12.070471252851842
2,11.597129523772452
3,11.375080710342312
4,11.344529225230602
5,9.477034102368407
