epoch,gBest_fitness
1,5.48914206153403
2,4.567346005979786
3,3.944146120914786
4,3.4588677700443657
5,3.108060906149215
