epoch,gBest_fitness
1,13.10301127095461
2,10.604287490779539
3,9.395110667697995
4,8.332641696511512
5,7.158246833892535
