epoch,gBest_fitness
1,2.2790024563225066
2,2.125777772190217
3,1.9024483884455794
4,1.882097982943221
5,1.8511309801137772
