epoch,gBest_fitness
1,3.0088938629798956
2,2.838759087764176
3,2.604551874946031
4,2.3354240955726615
5,2.313890422929397
