epoch,gBest_fitness
1,2.0016884944972935
2,1.992557160716705
3,1.965928238180887
4,1.9340005707070471
5,1.9294799217264658
