epoch,gBest_fitness
1,5.507051373504003
2,5.308268301663155
3,4.218213011559626
4,4.0747599209308465
5,4.05773179062557
