epoch,gBest_fitness
1,3.6232864270938934
2,3.3050760390109724
3,3.226226071729098
4,3.2234426341126765
5,3.1883171626155162
