epoch,gBest_fitness
1,5.488650193492198
2,5.303385305080853
3,5.087020987262495
4,2.9359165752169187
5,1.4313993639500426
