epoch,gBest_fitness
1,8.455607318110603
2,8.144113295170616
3,5.74782206492092
4,5.042206311909883
5,4.838268451270409
