epoch,gBest_fitness
1,2.8421514193419952
2,2.628016238745245
3,2.6271791334870005
4,2.6271416879932916
5,2.6203459494097467
