epoch,gBest_fitness
1,3.0642182106983173
2,3.0502545986641803
3,2.7910964050480804
4,2.748048747205112
5,2.7359650065467536
