epoch,gBest_fitness
1,0.930491836512535
2,0.7520962578916774
3,0.6616825927490635
4,0.5425967844567634
5,0.5291690215529158
