epoch,gBest_fitness
1,2.1888701813437206
2,1.619407673602497
3,1.0336841873080194
4,0.9013808350624244
5,0.8249825495603773
