epoch,gBest_fitness
1,2.1025877862706683
2,1.955496333337525
3,1.7751908539837058
4,1.7259244601231822
5,1.7116860652500068
