epoch,gBest_fitness
1,4.358473936214552e-28
2,1.9803415991066954e-30
3,1.9803415991066954e-30
4,1.9803415991066954e-30
5,1.9803415991066954e-30
