epoch,gBest_fitness
1,1.177169867389433e-182
2,9.725929363622696e-191
3,9.725929363622696e-191
4,2.032981251110118e-203
5,1.3804113790331127e-206
