epoch,gBest_fitness
1,2.060017038198921e-195
2,1.8186333063563913e-222
3,1.8186333063563913e-222
4,7.144168190022345e-224
5,7.144168190022345e-224
