epoch,gBest_fitness
1,4002849763365.3467
2,6.751518024658922e-22
3,6.55542996852171e-35
4,6.55542996852171e-35
5,6.55542996852171e-35
