epoch,gBest_fitness
1,1.6968289153289867e-200
2,6.359354435927507e-254
3,6.359354435927507e-254
4,6.359354435927507e-254
5,6.359354435927507e-254
