epoch,gBest_fitness
1,3.8940969550398956e-186
2,2.876088761905621e-207
3,1.111003613964991e-230
4,1.111003613964991e-230
5,1.111003613964991e-230
