epoch,gBest_fitness
1,2.172151808542518e-199
2,1.3759222920551129e-208
3,1.3759222920551129e-208
4,1.3759222920551129e-208
5,7.70110555635131e-224
