epoch,gBest_fitness
1,1.0378235889452321e-16
2,4.8625342077357374e-20
3,1.120986504633941e-25
4,9.248527085889747e-27
5,3.0842314929033657e-32
