epoch,gBest_fitness
1,2.897234451690748e-32
2,2.897234451690748e-32
3,2.897234451690748e-32
4,2.897234451690748e-32
5,1.1527741171214276e-33
