epoch,gBest_fitness
1,1.1413386422150514e-208
2,1.7542889211106923e-209
3,1.7542889211106923e-209
4,9.116587901297889e-211
5,9.116587901297889e-211
