epoch,gBest_fitness
1,3.3848769614262164e-209
2,5.114366623777466e-215
3,5.114366623777466e-215
4,5.114366623777466e-215
5,5.114366623777466e-215
