epoch,gBest_fitness
1,1.0319159200965438e-22
2,1.0319159200965438e-22
3,6.938833877257547e-36
4,6.0156417525693665e-36
5,6.0156417525693665e-36
