epoch,gBest_fitness
1,4090575652342.4673
2,5.8386789376957584e-15
3,5.7945614707496876e-30
4,5.7945614707496876e-30
5,5.7945614707496876e-30
