epoch,gBest_fitness
1,1.9293531375461107e-32
2,1.9293531375461107e-32
3,1.9293531375461107e-32
4,1.9293531375461107e-32
5,1.9293531375461107e-32
