epoch,gBest_fitness
1,2.9021524819810103e-19
2,8.146420692538033e-20
3,8.146420692538033e-20
4,2.7701778295416274e-30
5,2.7701778295416274e-30
