epoch,gBest_fitness
1,1.7916736470487396e-18
2,1.7916736470487396e-18
3,4.8305622928662165e-31
4,1.014659698314602e-37
5,1.014659698314602e-37
