epoch,gBest_fitness
1,7.048217784604296e-25
2,2.0231250393558522e-26
3,7.624624728602115e-28
4,7.624624728602115e-28
5,7.624624728602115e-28
