epoch,gBest_fitness
1,1.8461106778411567e-20
2,1.8461106778411567e-20
3,4.291820759991822e-23
4,3.7178951756972683e-25
5,3.7178951756972683e-25
