epoch,gBest_fitness
1,2.3752492451146465e-19
2,1.1777443586810593e-21
3,8.386912877851146e-24
4,8.49398455741223e-31
5,8.49398455741223e-31
