epoch,gBest_fitness
1,3.720618730292213e-215
2,3.720618730292213e-215
3,2.9156479020542526e-222
4,2.9156479020542526e-222
5,2.9156479020542526e-222
