epoch,gBest_fitness
1,2716044089919.631
2,2716044089919.631
3,7.0375056001520456e-12
4,1.0668447695884015e-24
5,1.0668447695884015e-24
