epoch,gBest_fitness
1,7.166621198817308e-18
2,2.8512533208906833e-21
3,1.2276404648004002e-21
4,1.2276404648004002e-21
5,1.5982837191133037e-22
