epoch,gBest_fitness
1,1.5971141559403833e-221
2,1.5971141559403833e-221
3,1.5971141559403833e-221
4,1.5971141559403833e-221
5,1.5971141559403833e-221
