epoch,gBest_fitness
1,1.100230513249285e-194
2,3.5880789346354087e-214
3,3.5880789346354087e-214
4,3.5880789346354087e-214
5,3.5880789346354087e-214
