epoch,gBest_fitness
1,5.5943831810277445e-213
2,5.5943831810277445e-213
3,5.5943831810277445e-213
4,5.5943831810277445e-213
5,5.5943831810277445e-213
