epoch,gBest_fitness
1,1.740933643263518e-23
2,2.5408458810225834e-27
3,2.5408458810225834e-27
4,2.5408458810225834e-27
5,2.5408458810225834e-27
