epoch,gBest_fitness
1,9.511467605350733e-204
2,9.511467605350733e-204
3,1.6992946282322324e-220
4,1.6992946282322324e-220
5,1.6992946282322324e-220
