epoch,gBest_fitness
1,5.4512803351831955e-201
2,5.4512803351831955e-201
3,1.02143552892299e-212
4,1.02143552892299e-212
5,9.893854785760735e-219
