epoch,gBest_fitness
1,6.139376963570748e-215
2,6.139376963570748e-215
3,6.139376963570748e-215
4,6.139376963570748e-215
5,1.7876097342093927e-217
