epoch,gBest_fitness
1,0.0008073174092152372
2,3.726275608493203e-15
3,2.4725117487298275e-27
4,1.4999061938055645e-27
5,1.4999061938055645e-27
