epoch,gBest_fitness
1,2.662476683690474e-207
2,2.662476683690474e-207
3,2.662476683690474e-207
4,2.662476683690474e-207
5,2.659297514028436e-209
