epoch,gBest_fitness
1,7.686719478140852e-16
2,3.5495770158608716e-16
3,3.517735646263877e-24
4,3.517735646263877e-24
5,3.517735646263877e-24
