epoch,gBest_fitness
1,8.606107389366771e-207
2,8.606107389366771e-207
3,8.153504678373076e-212
4,8.153504678373076e-212
5,1.517335227649268e-221
