epoch,gBest_fitness
1,1.4485511933636984e-26
2,1.4485511933636984e-26
3,1.4485511933636984e-26
4,1.4485511933636984e-26
5,5.129990111451153e-27
