epoch,gBest_fitness
1,5.32304337332825e-216
2,5.32304337332825e-216
3,5.32304337332825e-216
4,5.32304337332825e-216
5,5.32304337332825e-216
