epoch,gBest_fitness
1,2.6779207042088533e-215
2,2.6779207042088533e-215
3,2.6779207042088533e-215
4,2.6779207042088533e-215
5,7.259943784980999e-221
