epoch,gBest_fitness
1,2.2233436182745526e-209
2,5.742539605841386e-220
3,5.742539605841386e-220
4,5.742539605841386e-220
5,5.742539605841386e-220
