epoch,gBest_fitness
1,4.516898853147575e-20
2,2.232198137340597e-25
3,5.583428573948932e-26
4,5.583428573948932e-26
5,5.583428573948932e-26
