epoch,gBest_fitness
1,1.6821059659283913e-27
2,1.6821059659283913e-27
3,1.6821059659283913e-27
4,1.6821059659283913e-27
5,1.9484422381734613e-38
