epoch,gBest_fitness
1,2.344204124885012e-194
2,9.804799109295276e-198
3,1.438631485609787e-212
4,1.438631485609787e-212
5,1.438631485609787e-212
