epoch,gBest_fitness
1,2.8159276170836023e-06
2,2.8159276170836023e-06
3,0.0
4,0.0
5,0.0
