epoch,gBest_fitness
1,0.49989057226485495
2,0.4965436740700285
3,0.4965436740700285
4,0.0
5,0.0
