epoch,gBest_fitness
1,0.09079880170610988
2,0.09079880170610988
3,0.09079880170610988
4,0.09079880170610988
5,0.09079880170610988
