epoch,gBest_fitness
1,0.4938199047209101
2,0.31466219595563555
3,0.31466219595563555
4,0.31466219595563555
5,0.31466219595563555
