epoch,gBest_fitness
1,0.499697080024412
2,0.499481581424967
3,0.49941304111023016
4,0.4993426822833859
5,0.0
