epoch,gBest_fitness
1,0.3532373465771955
2,0.11621520735612273
3,0.0
4,0.0
5,0.0
