epoch,gBest_fitness
1,4.3076653355456074e-14
2,4.3076653355456074e-14
3,0.0
4,0.0
5,0.0
