epoch,gBest_fitness
1,0.49996811444929934
2,0.49996811444929934
3,0.0
4,0.0
5,0.0
