epoch,gBest_fitness
1,0.3746315121992849
2,0.032869067238008476
3,9.567938113463903e-07
4,2.431042761541491e-07
5,2.1569285357792012e-07
