epoch,gBest_fitness
1,0.4999657407305788
2,0.4999187959023937
3,0.0
4,0.0
5,0.0
