epoch,gBest_fitness
1,0.48460559810641973
2,3.523789593451454e-10
3,0.0
4,0.0
5,0.0
