epoch,gBest_fitness
1,0.49998237854488875
2,0.4999751054071973
3,0.0
4,0.0
5,0.0
