epoch,gBest_fitness
1,0.4999923980454832
2,0.49975887863518803
3,0.49975887863518803
4,0.4993957453715846
5,0.4993957453715846
