epoch,gBest_fitness
1,0.499944451955531
2,0.49963970367280636
3,0.49963970367280636
4,0.49880965308919367
5,0.49689338922403353
