epoch,gBest_fitness
1,0.49980432533193625
2,0.49845059622228743
3,0.030733154031061694
4,0.030733154031061694
5,0.030733154031061694
