epoch,gBest_fitness
1,3.793823513154049e-05
2,2.8758591691380175e-05
3,0.0
4,0.0
5,0.0
