epoch,gBest_fitness
1,0.5891987319431322
2,7.158877465829327e-05
3,7.158877465829327e-05
4,7.587275115350511e-06
5,0.0
