epoch,gBest_fitness
1,0.03171667536235612
2,1.9882615803767933e-07
3,0.0
4,0.0
5,0.0
