epoch,gBest_fitness
1,0.04290713998788709
2,2.515038344252929e-09
3,0.0
4,0.0
5,0.0
