epoch,gBest_fitness
1,0.057105291290274585
2,0.00025474692515015107
3,0.0
4,0.0
5,0.0
