epoch,gBest_fitness
1,0.605734890208568
2,0.0002824674163859342
3,0.0
4,0.0
5,0.0
