epoch,gBest_fitness
1,0.4998182584983853
2,0.4697071047400368
3,0.4697071047400368
4,0.4697071047400368
5,0.4697071047400368
