epoch,gBest_fitness
1,0.4999980846945608
2,0.49993797038378734
3,0.49993797038378734
4,0.49993797038378734
5,0.49989454662431515
