epoch,gBest_fitness
1,0.5000116553969085
2,0.499787541722485
3,0.499787541722485
4,0.0
5,0.0
