model_name],total_time,gBest_fitness
"[-10, 10, 50, 100]",0.8530529789999999,6.959581321428989e-108
"[-10, 10, 100, 100]",1.5387556680000003,4.808419969680249e-115
"[-10, 10, 150, 100]",2.7116478809999975,2.5286414393614963e-130
"[-10, 10, 50, 200]",1.6306856140000008,8.545233780649945e-208
"[-10, 10, 100, 200]",3.7995815219999827,1.0760970253002166e-195
"[-10, 10, 150, 200]",5.64246505700001,1.3478944139971002e-192
"[-10, 10, 50, 300]",3.177805718000002,1.0548629226805793e-212
"[-10, 10, 100, 300]",5.166116315000011,4.2649230406615795e-234
"[-10, 10, 150, 300]",8.402062066999974,1.6809607287734203e-259
