model_name],total_time,gBest_fitness
"[-10, 10, 100, 100]",1.397570306,1.3680377591939766e-108
"[-10, 10, 150, 100]",2.6535069139999976,1.2846270710744542e-111
"[-10, 10, 100, 200]",2.0661676339999957,3.4566856750269104e-179
"[-10, 10, 150, 200]",3.4483923340000047,6.755155713626633e-192
"[-10, 10, 100, 300]",3.002936812999991,1.1332402057511e-235
"[-10, 10, 150, 300]",4.556093363000002,4.2445802608878804e-246
