model_name],total_time,gBest_fitness
"[-10, 10, 50, 100]",0.9611104369999999,2.2039838229760188e-104
"[-10, 10, 100, 100]",1.519993189000001,2.2565306684698695e-128
"[-10, 10, 150, 100]",2.394833167999998,1.0852467703377674e-133
"[-10, 10, 50, 200]",1.807764476999992,2.324349796492214e-195
"[-10, 10, 100, 200]",3.157563868000011,3.3401087245943614e-192
"[-10, 10, 150, 200]",5.141724672000009,2.3879234906722148e-191
