epoch,gBest_fitness
1,-197.01203439845037
2,-197.26429061531707
3,-197.26429061531707
4,-197.26429061531707
5,-197.26429061531707
