epoch,gBest_fitness
1,-6362.622549117572
2,-6362.622549117572
3,-6363.497881796201
4,-6363.497881796201
5,-6363.497881796201
