epoch,gBest_fitness
1,-1908.7147158867044
2,-1908.7147158867044
3,-1908.8535594703733
4,-1908.8535594703733
5,-1908.8535594703733
