epoch,gBest_fitness
1,-1272.36837256176
2,-1272.6955503136614
3,-1272.6955503136614
4,-1272.6955503136614
5,-1272.6955503136614
