epoch,gBest_fitness
1,-6363.454735624042
2,-6363.454735624042
3,-6363.454735624042
4,-6363.454735624042
5,-6363.454735624042
