epoch,gBest_fitness
1,-3174.4555819537054
2,-3177.710451351778
3,-3180.592468094061
4,-3180.592468094061
5,-3180.592468094061
