epoch,gBest_fitness
1,-78.90255782227715
2,-78.90255782227715
3,-78.90255782227715
4,-78.90255782227715
5,-78.90366959740948
