epoch,gBest_fitness
1,-1880.9071960119327
2,-1906.968006634813
3,-1907.0893303713035
4,-1908.2434161252204
5,-1908.2610959735453
