epoch,gBest_fitness
1,-118.28467093276991
2,-118.35760184901048
3,-118.35760184901048
4,-118.35760184901048
5,-118.35760184901048
