epoch,gBest_fitness
1,-1272.692953136021
2,-1272.692953136021
3,-1272.692953136021
4,-1272.692953136021
5,-1272.692953136021
