epoch,gBest_fitness
1,-6363.475874354772
2,-6363.475874354772
3,-6363.475874354772
4,-6363.475874354772
5,-6363.475874354772
