epoch,gBest_fitness
1,-78.90562648918629
2,-78.90562648918629
3,-78.90562648918629
4,-78.90562648918629
5,-78.90562648918629
