epoch,gBest_fitness
1,211.81179775841008
2,10.621576355268042
3,4.494717786805576
4,2.252721302713097
5,0.5866934150263139
