epoch,gBest_fitness
1,25208830268.546192
2,29364160.926424645
3,2298693.3566541336
4,524131.1530374793
5,123623.31412291259
