epoch,gBest_fitness
1,66.17020140271495
2,2.444013357681638
3,0.2893716605887226
4,0.06757650078169992
5,0.013842832179139142
