epoch,gBest_fitness
1,100989.16487453545
2,71.05028565846092
3,1.1978161241689034
4,0.23726566792766085
5,0.14229486358454294
