epoch,gBest_fitness
1,3244378.087633673
2,15406.62011487179
3,3744.279506641941
4,819.7543112387341
5,444.3214357278271
