epoch,gBest_fitness
1,131811446.761864
2,80184.35966406862
3,1366.8704231356896
4,123.51142279698183
5,20.187483076184186
