epoch,gBest_fitness
1,11539908.379575323
2,7216.978161338438
3,278.5504890167037
4,27.47187665567136
5,8.720741860839022
