epoch,gBest_fitness
1,193031032118.2781
2,314272047.3182729
3,14062203.689163316
4,814982.875124639
5,137246.6571123117
