epoch,gBest_fitness
1,377585.58292718616
2,40503.15701584409
3,4283.130753085528
4,1209.4314679590584
5,292.7487210047877
