epoch,gBest_fitness
1,8134480.024325315
2,18425.485154122183
3,1928.806755670421
4,681.2569502322021
5,169.1827006087798
