epoch,gBest_fitness
1,257285038686512.56
2,539254085969.8858
3,176934023612.08142
4,30770226515.41455
5,4397550911.906222
