epoch,gBest_fitness
1,146436603018028.12
2,284723739975.8683
3,30531617215.184723
4,5895316536.201439
5,2058953744.5364904
