epoch,gBest_fitness
1,17301.7897551739
2,323.9346854756128
3,51.96019220125733
4,10.749075661950554
5,1.0963028757898312
