epoch,gBest_fitness
1,183010.81252763205
2,39.49303528909355
3,1.9482991386661668
4,0.2630498862616282
5,0.08411867384848096
