epoch,gBest_fitness
1,512038908.8513208
2,22688785.911611855
3,3460684.415700155
4,585885.7355264928
5,227172.86543818127
