epoch,gBest_fitness
1,1375728.3908114494
2,47152.20799420042
3,2050.7321335358383
4,305.59211655616406
5,165.11524552875363
