epoch,gBest_fitness
1,330376357212.01996
2,2374713436.404893
3,14967569.153684353
4,1728657.614933812
5,530167.8212185894
