epoch,gBest_fitness
1,388.8559430732683
2,26.32536600936811
3,1.6322956861590108
4,0.7446566989181885
5,0.3345228235564918
