epoch,gBest_fitness
1,201098162.70336053
2,6206115.143102956
3,1917262.6682666575
4,751620.8437360325
5,313477.5381097768
