epoch,gBest_fitness
1,2896.5470904017475
2,14.517103258464962
3,1.0412256097636252
4,0.3253764183067556
5,0.17102078052046454
