epoch,gBest_fitness
1,4365.826974017908
2,149.38282274395743
3,13.909751511258923
4,3.5852598077387747
5,1.0761938968180906
