epoch,gBest_fitness
1,28.314343459616016
2,1.099225462035754
3,0.16475381014853124
4,0.04290100168594888
5,0.02145705711671157
