epoch,gBest_fitness
1,325578952988045.1
2,942067620541.1107
3,13052514499.160894
4,2283152278.5954123
5,424515063.41667664
