epoch,gBest_fitness
1,72024339.8695415
2,8064755.9428018015
3,2994298.0208787574
4,1947060.492153467
5,561036.1605041027
