epoch,gBest_fitness
1,526833658.25083846
2,108733250.05989064
3,10287341.825808266
4,1935995.2379024932
5,752338.6505938675
