epoch,gBest_fitness
1,24630.81889724046
2,151.5684004836452
3,8.35609881488568
4,0.774706756229403
5,0.20200397379929733
