epoch,gBest_fitness
1,3.6152952608898765
2,0.7810797433509578
3,0.36727041638967745
4,0.2578068124280324
5,0.13417689901575458
