epoch,gBest_fitness
1,133088762593360.94
2,693324937631.0375
3,63324698011.794266
4,13076836923.045149
5,3769321932.078894
