epoch,gBest_fitness
1,562943258208.5956
2,101677346.12122358
3,803298.9725546086
4,311045.0427275156
5,84455.84159285465
