epoch,gBest_fitness
1,141296043.25696263
2,57860.557843474766
3,5036.3720030657705
4,474.28375658387415
5,63.740621145251566
