epoch,gBest_fitness
1,6.280645247130707
2,0.5666637586531265
3,0.08261885578723858
4,0.01825760065303562
5,0.005948870996891324
