epoch,gBest_fitness
1,149672.8782574449
2,13697.631215744052
3,1557.1091628847996
4,777.3561321154945
5,218.29758661397665
