epoch,gBest_fitness
1,0.4998739053723099
2,0.49960139095495637
3,0.499336851143656
4,0.4644470783347152
5,0.44303547031296303
6,0.10850596558108949
7,2.693051120994383e-08
8,2.693051120994383e-08
9,2.693051120994383e-08
10,2.693051120994383e-08
11,2.3072026122950007e-08
12,2.3072026122950007e-08
13,2.3072026122950007e-08
14,2.3072026122950007e-08
15,2.3072026122950007e-08
16,1.406665184333633e-08
17,1.406665184333633e-08
18,7.249831290856434e-10
19,2.317341318835986e-10
20,7.97990007406213e-11
21,7.97990007406213e-11
22,7.97990007406213e-11
23,3.909672585677981e-11
24,3.909672585677981e-11
25,2.6460666990857362e-11
26,1.7815637853857424e-11
27,1.3988810110276972e-14
28,1.3988810110276972e-14
29,0.0
30,0.0
31,0.0
32,0.0
33,0.0
34,0.0
35,0.0
36,0.0
37,0.0
38,0.0
39,0.0
40,0.0
41,0.0
42,0.0
43,0.0
44,0.0
45,0.0
46,0.0
47,0.0
48,0.0
49,0.0
50,0.0
51,0.0
52,0.0
53,0.0
54,0.0
55,0.0
56,0.0
57,0.0
58,0.0
59,0.0
60,0.0
61,0.0
62,0.0
63,0.0
64,0.0
65,0.0
66,0.0
67,0.0
68,0.0
69,0.0
70,0.0
71,0.0
72,0.0
73,0.0
74,0.0
75,0.0
76,0.0
77,0.0
78,0.0
79,0.0
80,0.0
81,0.0
82,0.0
83,0.0
84,0.0
85,0.0
86,0.0
87,0.0
88,0.0
89,0.0
90,0.0
91,0.0
92,0.0
93,0.0
94,0.0
95,0.0
96,0.0
97,0.0
98,0.0
99,0.0
100,0.0
101,0.0
102,0.0
103,0.0
104,0.0
105,0.0
106,0.0
107,0.0
108,0.0
109,0.0
110,0.0
111,0.0
112,0.0
113,0.0
114,0.0
115,0.0
116,0.0
117,0.0
118,0.0
119,0.0
120,0.0
121,0.0
122,0.0
123,0.0
124,0.0
125,0.0
126,0.0
127,0.0
128,0.0
129,0.0
130,0.0
131,0.0
132,0.0
133,0.0
134,0.0
135,0.0
136,0.0
137,0.0
138,0.0
139,0.0
140,0.0
141,0.0
142,0.0
143,0.0
144,0.0
145,0.0
146,0.0
147,0.0
148,0.0
149,0.0
150,0.0
