epoch,gBest_fitness
1,0.4738347025633246
2,0.4738347025633246
3,0.4738347025633246
4,0.45250016047189723
5,0.0009414504185676353
6,0.0009414504185676353
7,0.0003119603001028315
8,0.0003119603001028315
9,6.053478056711192e-06
10,6.053478056711192e-06
11,6.053478056711192e-06
12,6.503951071046288e-07
13,1.0618950163632235e-11
14,1.0618950163632235e-11
15,1.0618950163632235e-11
16,1.0618950163632235e-11
17,1.0618950163632235e-11
18,1.0618950163632235e-11
19,1.0618950163632235e-11
20,1.0618950163632235e-11
21,1.0618950163632235e-11
22,1.0618950163632235e-11
23,1.0618950163632235e-11
24,1.0618950163632235e-11
25,1.0618950163632235e-11
26,1.0618950163632235e-11
27,4.534372877174064e-12
28,4.534372877174064e-12
29,4.534372877174064e-12
30,4.534372877174064e-12
31,1.801447879756779e-12
32,1.801447879756779e-12
33,1.8318679906315083e-13
34,1.8318679906315083e-13
35,1.6431300764452317e-14
36,1.6431300764452317e-14
37,1.6431300764452317e-14
38,1.6431300764452317e-14
39,1.6431300764452317e-14
40,1.6431300764452317e-14
41,1.6431300764452317e-14
42,1.6431300764452317e-14
43,1.6431300764452317e-14
44,1.6431300764452317e-14
45,1.6431300764452317e-14
46,1.6431300764452317e-14
47,6.439293542825908e-15
48,6.439293542825908e-15
49,6.439293542825908e-15
50,5.995204332975845e-15
51,2.886579864025407e-15
52,2.220446049250313e-15
53,2.220446049250313e-15
54,2.220446049250313e-15
55,6.661338147750939e-16
56,6.661338147750939e-16
57,6.661338147750939e-16
58,6.661338147750939e-16
59,6.661338147750939e-16
60,6.661338147750939e-16
61,6.661338147750939e-16
62,0.0
63,0.0
64,0.0
65,0.0
66,0.0
67,0.0
68,0.0
69,0.0
70,0.0
71,0.0
72,0.0
73,0.0
74,0.0
75,0.0
76,0.0
77,0.0
78,0.0
79,0.0
80,0.0
81,0.0
82,0.0
83,0.0
84,0.0
85,0.0
86,0.0
87,0.0
88,0.0
89,0.0
90,0.0
91,0.0
92,0.0
93,0.0
94,0.0
95,0.0
96,0.0
97,0.0
98,0.0
99,0.0
100,0.0
101,0.0
102,0.0
103,0.0
104,0.0
105,0.0
106,0.0
107,0.0
108,0.0
109,0.0
110,0.0
111,0.0
112,0.0
113,0.0
114,0.0
115,0.0
116,0.0
117,0.0
118,0.0
119,0.0
120,0.0
121,0.0
122,0.0
123,0.0
124,0.0
125,0.0
126,0.0
127,0.0
128,0.0
129,0.0
130,0.0
131,0.0
132,0.0
133,0.0
134,0.0
135,0.0
136,0.0
137,0.0
138,0.0
139,0.0
140,0.0
141,0.0
142,0.0
143,0.0
144,0.0
145,0.0
146,0.0
147,0.0
148,0.0
149,0.0
150,0.0
