epoch,gBest_fitness
1,-3181.7490876998154
2,-3181.7490876998154
3,-3181.7490876998154
4,-3181.7490876998154
5,-3181.7490876998154
