epoch,gBest_fitness
1,-78.88194695760416
2,-78.89765249543238
3,-78.89765249543238
4,-78.9024732218845
5,-78.9024732218845
