epoch,gBest_fitness
1,-78.90006729537646
2,-78.90006729537646
3,-78.90579425424997
4,-78.90579425424997
5,-78.90579425424997
