epoch,gBest_fitness
1,-394.48725960856956
2,-394.51636347361705
3,-394.5255434493226
4,-394.5255434493226
5,-394.5283586994431
