epoch,gBest_fitness
1,-394.50008296387716
2,-394.50008296387716
3,-394.50008296387716
4,-394.5079207920516
5,-394.5079207920516
