epoch,gBest_fitness
1,-1908.8327795369032
2,-1908.8327795369032
3,-1908.8327795369032
4,-1908.8327795369032
5,-1908.8327795369032
