epoch,gBest_fitness
1,-1908.789580653399
2,-1908.8493395259845
3,-1908.8493395259845
4,-1909.0493898706686
5,-1909.0494319578727
