epoch,gBest_fitness
1,-394.1797084507015
2,-394.5016559669743
3,-394.5016559669743
4,-394.5016559669743
5,-394.52101075029617
