epoch,gBest_fitness
1,-1272.6292920888195
2,-1272.6292920888195
3,-1272.6292920888195
4,-1272.6877280567328
5,-1272.6877280567328
