epoch,gBest_fitness
1,-78.88593058660362
2,-78.88593058660362
3,-78.88593058660362
4,-78.90241760940587
5,-78.90241760940587
