epoch,gBest_fitness
1,-3181.2317099068455
2,-3181.2317099068455
3,-3181.2317099068455
4,-3181.2317099068455
5,-3181.2317099068455
