epoch,gBest_fitness
1,-197.22400166112303
2,-197.2518118221012
3,-197.2518118221012
4,-197.2630008670626
5,-197.2630008670626
