epoch,gBest_fitness
1,-3180.9636407882012
2,-3181.044660270971
3,-3181.044660270971
4,-3181.746955648542
5,-3181.746955648542
