epoch,gBest_fitness
1,-197.20607646297074
2,-197.22650317906565
3,-197.23588725237235
4,-197.24928080596976
5,-197.24928080596976
