epoch,gBest_fitness
1,-78.87129204645129
2,-78.87129204645129
3,-78.90477104276977
4,-78.90477104276977
5,-78.90477104276977
