epoch,gBest_fitness
1,-6362.802007659249
2,-6362.802007659249
3,-6362.802007659249
4,-6362.802007659249
5,-6362.802007659249
