epoch,gBest_fitness
1,-197.1099910783792
2,-197.2643317186693
3,-197.2643317186693
4,-197.2643317186693
5,-197.2643317186693
