epoch,gBest_fitness
1,-6279.939975497504
2,-6363.487391839803
3,-6363.487391839803
4,-6363.487391839803
5,-6363.487391839803
