epoch,gBest_fitness
1,-197.13871686481383
2,-197.26472189562034
3,-197.26472189562034
4,-197.26472189562034
5,-197.26472189562034
