epoch,gBest_fitness
1,-118.35894150824882
2,-118.35894150824882
3,-118.35894150824882
4,-118.35894150824882
5,-118.35894150824882
