epoch,gBest_fitness
1,-118.35002488227613
2,-118.35722667161102
3,-118.35722667161102
4,-118.35722667161102
5,-118.35722667161102
