epoch,gBest_fitness
1,-6361.645213678279
2,-6361.645213678279
3,-6361.645213678279
4,-6362.871923502901
5,-6362.871923502901
