epoch,gBest_fitness
1,-394.5229372987085
2,-394.5288945513172
3,-394.5288945513172
4,-394.5288945513172
5,-394.5288945513172
