epoch,gBest_fitness
1,-1272.5809447801598
2,-1272.5809447801598
3,-1272.5809447801598
4,-1272.5809447801598
5,-1272.5809447801598
