epoch,gBest_fitness
1,-197.08598320929337
2,-197.25925105227438
3,-197.25925105227438
4,-197.25925105227438
5,-197.25925105227438
