epoch,gBest_fitness
1,-118.35568799962851
2,-118.35568799962851
3,-118.3585198584248
4,-118.3585198584248
5,-118.3585198584248
