epoch,gBest_fitness
1,-3181.3135153492117
2,-3181.3135153492117
3,-3181.360503432296
4,-3181.6195878355416
5,-3181.6302725257583
