epoch,gBest_fitness
1,-6363.0143079455875
2,-6363.0143079455875
3,-6363.0143079455875
4,-6363.0143079455875
5,-6363.0143079455875
