epoch,gBest_fitness
1,-118.35781871186077
2,-118.35781871186077
3,-118.35781871186077
4,-118.35781871186077
5,-118.35781871186077
