epoch,gBest_fitness
1,-1899.599492067278
2,-1908.4120019569916
3,-1908.9414626774508
4,-1908.9414626774508
5,-1908.9414626774508
