epoch,gBest_fitness
1,-1899.5215823967524
2,-1900.3958031835207
3,-1903.424497791619
4,-1908.8285057165479
5,-1909.0384198291983
