epoch,gBest_fitness
1,-394.5227942336035
2,-394.5227942336035
3,-394.5227942336035
4,-394.5227942336035
5,-394.5227942336035
