epoch,gBest_fitness
1,-1907.146949494292
2,-1908.7349868163196
3,-1908.7349868163196
4,-1909.0475368527111
5,-1909.0475368527111
