epoch,gBest_fitness
1,-6362.793041392301
2,-6362.793041392301
3,-6362.793041392301
4,-6362.793041392301
5,-6363.140094040329
