epoch,gBest_fitness
1,-1272.6985303452354
2,-1272.6985303452354
3,-1272.6985303452354
4,-1272.6985303452354
5,-1272.6985303452354
