epoch,gBest_fitness
1,-78.90538419789276
2,-78.90538419789276
3,-78.90538419789276
4,-78.90554616178147
5,-78.90554616178147
