epoch,gBest_fitness
1,-3178.0073558617405
2,-3180.0998159775336
3,-3181.539018938635
4,-3181.539018938635
5,-3181.744977832094
