epoch,gBest_fitness
1,-118.35206101125
2,-118.35714686562612
3,-118.35714686562612
4,-118.3590357000361
5,-118.3590357000361
