epoch,gBest_fitness
1,-1272.576868319107
2,-1272.576868319107
3,-1272.576868319107
4,-1272.576868319107
5,-1272.576868319107
