epoch,gBest_fitness
1,-1272.6991315717062
2,-1272.6991315717062
3,-1272.6991315717062
4,-1272.6991315717062
5,-1272.6991315717062
