epoch,gBest_fitness
1,0.8436640076077215
2,0.6603317889365555
3,0.6284356670318967
4,0.38880004726635603
5,0.38726796682590897
