epoch,gBest_fitness
1,0.1687598514898968
2,0.3754729691885529
3,0.3746869289751237
4,0.014029848453444571
5,0.578735925772791
