epoch,gBest_fitness
1,0.27168797796523875
2,0.38978186024895783
3,0.1386599922117911
4,0.1862365015835396
5,0.8864897900115494
