epoch,gBest_fitness
1,0.8346366564108285
2,0.19358977702277874
3,0.48490210393185834
4,0.4617819668269948
5,0.565352790189113
