epoch,gBest_fitness
1,0.9441847789743156
2,0.5425293060319862
3,0.3236808421622929
4,0.9059230427923314
5,0.2899522711323682
