epoch,gBest_fitness
1,0.0014494401922290183
2,0.8725395206002293
3,0.4231311129671708
4,0.41848188213601006
5,0.5570215249531746
