epoch,gBest_fitness
1,0.8970322663129191
2,0.024297152983785188
3,0.6504103748965915
4,0.2588895151143332
5,0.5372550445655229
