epoch,gBest_fitness
1,0.9838386372634834
2,0.35778146058100213
3,0.1887253383790983
4,0.8519993113577308
5,0.6346313543038303
