epoch,gBest_fitness
1,0.5316835920226258
2,0.0318570075121049
3,0.528556932305585
4,0.18529570808928947
5,0.8028435207587641
