epoch,gBest_fitness
1,0.260318201246844
2,0.7732689172374959
3,0.3091859029831197
4,0.021370250673071772
5,0.6215758013136924
