epoch,gBest_fitness
1,0.39495876331065316
2,0.2559453757204413
3,0.5414945620861537
4,0.0914397301012254
5,0.8212297360222323
