epoch,gBest_fitness
1,0.5596531174403097
2,0.44850387478107984
3,0.9910718813220936
4,0.6870344432465132
5,0.6352799701561215
