epoch,gBest_fitness
1,0.5457906552255438
2,0.7376962375482837
3,0.8885668032996942
4,0.09742379992557898
5,0.6786545362563055
