epoch,gBest_fitness
1,0.9378335853778557
2,0.6950759799487101
3,0.15724773589079424
4,0.9435214347193943
5,0.703450786221746
