epoch,gBest_fitness
1,0.7917941957240392
2,0.4545490201751974
3,0.5498254470869438
4,0.8795379661401292
5,0.7521189327664726
