epoch,gBest_fitness
1,0.11719961433872522
2,0.7273339682105068
3,0.9032860661106054
4,0.9695245767048084
5,0.7847487900623303
