epoch,gBest_fitness
1,0.21086146070456013
2,0.011556766580096975
3,0.47771758928293095
4,0.9919590930844884
5,0.5053813925256107
