epoch,gBest_fitness
1,0.6020200869241684
2,0.6771827124034857
3,0.42229366876709906
4,0.3838250801107612
5,0.8585250449447039
