epoch,gBest_fitness
1,0.40839269889499136
2,0.6347326139630767
3,0.9632128566280277
4,0.037825368083768005
5,0.2362298478262877
