epoch,gBest_fitness
1,0.40616278194014477
2,0.2797524151546218
3,0.9366860711944915
4,0.09276062672065141
5,0.22447866972006622
