epoch,gBest_fitness
1,0.8103368615661257
2,0.22393392226917555
3,0.9205402409936538
4,0.996428686290265
5,0.14825715812087256
