epoch,gBest_fitness
1,0.9505803446122092
2,0.9264598962578138
3,0.8223701898843678
4,0.9333116727541009
5,0.8720142072417196
