epoch,gBest_fitness
1,0.15042637335429132
2,0.8775054565473991
3,0.9398898239661055
4,0.12458346603742729
5,0.7102255211160311
