epoch,gBest_fitness
1,0.8989900680756685
2,0.9666673166104334
3,0.3661667012839046
4,0.5693733552654033
5,0.8433697041246188
