epoch,gBest_fitness
1,0.422179638003205
2,0.3988882813213915
3,0.17241630192931573
4,0.3218959368424702
5,0.20378290166015647
