epoch,gBest_fitness
1,0.8983783098530075
2,0.37977704668805684
3,0.11537466346024479
4,0.13422211438668716
5,0.9898240841333162
