epoch,gBest_fitness
1,0.3561409338546524
2,0.8051688241535986
3,0.8082327793339796
4,0.5656313917063028
5,0.4554845767645695
