epoch,gBest_fitness
1,0.8087108892194055
2,0.6998889373143984
3,0.03459693130052829
4,0.3284341635553632
5,0.5165575725400453
