epoch,gBest_fitness
1,0.509309069819895
2,0.9716010289770076
3,0.048923306524488966
4,0.8730205344006566
5,0.9041111799184877
