epoch,gBest_fitness
1,0.8086501915782982
2,0.026602096496545304
3,0.11616880507730819
4,0.6173570803873315
5,0.6482267371905441
