epoch,gBest_fitness
1,0.8826218113730184
2,0.5613220222206826
3,0.7568366212125737
4,0.445008734249583
5,0.035656821820948426
