epoch,gBest_fitness
1,0.6733517052448206
2,0.03824251711243378
3,0.5024082753598982
4,0.1833669712529972
5,0.7348413148450801
