epoch,gBest_fitness
1,0.6334289352443955
2,0.1122743750229893
3,0.9467023089241613
4,0.813655501893707
5,0.0007541601173089896
