epoch,gBest_fitness
1,0.7272357631790926
2,0.8827276020416444
3,0.0036581754557648847
4,0.6583419835779951
5,0.5759649153038983
