epoch,gBest_fitness
1,0.4856693279974023
2,0.684500668161776
3,0.09759032350549512
4,0.7773286212086743
5,0.3451943672333788
