epoch,gBest_fitness
1,0.7420785569462398
2,0.1914552304644008
3,0.629865479407151
4,0.49065711766507414
5,0.4854191452436939
