epoch,gBest_fitness
1,0.683884691821444
2,0.03876037593253043
3,0.6382104675722865
4,0.9288793408025199
5,0.5500722180194364
