epoch,gBest_fitness
1,0.4846921089421193
2,0.3052499779877163
3,0.11556546764869394
4,0.06516690759415186
5,0.7405363960690561
