epoch,gBest_fitness
1,0.7861314953456464
2,0.9496697592361553
3,0.1216524768645978
4,0.6355968035441105
5,0.43630940200414325
