epoch,gBest_fitness
1,0.44260337825604384
2,0.34849326012250653
3,0.25869453992753894
4,0.29692620388956664
5,0.33427492826862015
