epoch,gBest_fitness
1,2.04345057e-315
2,2.04345057e-315
3,2.04345057e-315
4,0.0
5,0.0
