epoch,gBest_fitness
1,9.298168751029641e+19
2,9.298168751029641e+19
3,9.298168751029641e+19
4,8.948836787380042e-40
5,8.948836787380042e-40
