epoch,gBest_fitness
1,3.069158020135954e+19
2,3.069158020135954e+19
3,2.231443948066704e-19
4,7.938562228929062e-55
5,8.663071338179792e-87
