epoch,gBest_fitness
1,1.417099569574025e+20
2,1.417099569574025e+20
3,1.417099569574025e+20
4,2.0913449910260953e-27
5,7.006645583555939e-41
