epoch,gBest_fitness
1,8.819792349755794e-21
2,8.981642825027811e-40
3,8.981642825027811e-40
4,1.1615087698857578e-52
5,1.1615087698857578e-52
