epoch,gBest_fitness
1,1.4417106336373976e+20
2,2.8263446524276137e-18
3,5.1846175965205596e-52
4,5.1846175965205596e-52
5,5.1846175965205596e-52
