epoch,gBest_fitness
1,1.0853708894986576e-304
2,6.301434418751381e-307
3,4.73667e-318
4,4.73667e-318
5,5e-324
