epoch,gBest_fitness
1,1.3847266454796968e-15
2,2.637080590416956e-58
3,3.566035686478417e-84
4,3.566035686478417e-84
5,3.566035686478417e-84
