epoch,gBest_fitness
1,6.89334592440689e+19
2,6.608938577530361e-38
3,1.5199728947640235e-46
4,1.5199728947640235e-46
5,1.5199728947640235e-46
