epoch,gBest_fitness
1,1.6353286457386078e-25
2,2.4916313110740335e-38
3,2.4916313110740335e-38
4,5.162287248912919e-51
5,2.570030110395263e-60
