epoch,gBest_fitness
1,1.6480062789894216e+20
2,1.6480062789894216e+20
3,1.2820063007253974e-19
4,1.2601017774545842e-47
5,1.2601017774545842e-47
