epoch,gBest_fitness
1,7.49555250971144e-309
2,1.191523531882e-311
3,4.088368373e-314
4,0.0
5,0.0
