epoch,gBest_fitness
1,3.429721623857484e+19
2,3.429721623857484e+19
3,1.9905698231261388e-27
4,7.645134235320037e-52
5,7.645134235320037e-52
