epoch,gBest_fitness
1,4.630359110690584e-34
2,4.298813179864935e-50
3,4.298813179864935e-50
4,4.298813179864935e-50
5,4.298813179864935e-50
