epoch,gBest_fitness
1,1.5226207403472283e+20
2,1.5226207403472283e+20
3,1.3982172299937425e-43
4,1.3982172299937425e-43
5,1.3982172299937425e-43
