epoch,gBest_fitness
1,7.036974846088096e-293
2,2.334638333058634e-309
3,5.9384785703493e-310
4,0.0
5,0.0
