epoch,gBest_fitness
1,4.0863141512198654e-305
2,1.25985779e-315
3,0.0
4,0.0
5,0.0
