epoch,gBest_fitness
1,1.7398420298044654e-297
2,1.7398420298044654e-297
3,1.153081071198924e-297
4,0.0
5,0.0
