epoch,gBest_fitness
1,8.664791902323798e-300
2,8.664791902323798e-300
3,3.740092816007989e-301
4,3.013467556425756e-305
5,1.8566314344598935e-305
