epoch,gBest_fitness
1,7.40257512400641e+19
2,1.7999403191849201e-34
3,1.6029302641989147e-37
4,8.740368513265329e-66
5,8.740368513265329e-66
