epoch,gBest_fitness
1,1802.6750577674684
2,1802.6750577674684
3,1802.6750577674684
4,1802.6750577674684
5,1802.6750577674684
