epoch,gBest_fitness
1,4996.851505833437
2,4996.851505833437
3,4996.851505833437
4,4996.851505833437
5,4996.851505833437
