epoch,gBest_fitness
1,19998.595963008946
2,19998.595963008946
3,19998.595963008946
4,19998.595963008946
5,19998.595963008946
