epoch,gBest_fitness
1,1802.4781181682554
2,1802.4781181682554
3,1802.4781181682554
4,1802.4781181682554
5,1802.4781181682554
