epoch,gBest_fitness
1,801.9963824955745
2,801.9963824955745
3,801.9963824955745
4,801.9963824955745
5,801.9963824955745
