epoch,gBest_fitness
1,1803.4201983145313
2,1803.4201983145313
3,1803.4201983145313
4,1803.4201983145313
5,1803.4201983145313
