epoch,gBest_fitness
1,5003.062622428862
2,5003.062622428862
3,5003.062622428862
4,5003.062622428862
5,5003.062622428862
