epoch,gBest_fitness
1,20005.44740349474
2,20005.44740349474
3,20005.44740349474
4,20005.44740349474
5,20005.44740349474
