epoch,gBest_fitness
1,19997.82273783735
2,19997.82273783735
3,19997.82273783735
4,19997.82273783735
5,19997.82273783735
