epoch,gBest_fitness
1,4999.694118656547
2,4999.694118656547
3,4999.694118656547
4,4999.694118656547
5,4999.694118656547
