epoch,gBest_fitness
1,1805.6049967196666
2,1805.6049967196666
3,1805.6049967196666
4,1805.6049967196666
5,1805.6049967196666
