epoch,gBest_fitness
1,20006.12911040133
2,20006.12911040133
3,20006.12911040133
4,20006.12911040133
5,20006.12911040133
