epoch,gBest_fitness
1,4996.0419723618115
2,4996.0419723618115
3,4996.0419723618115
4,4996.0419723618115
5,4996.0419723618115
