epoch,gBest_fitness
1,1795.3216798406463
2,1795.3216798406463
3,1795.3216798406463
4,1795.3216798406463
5,1795.3216798406463
