epoch,gBest_fitness
1,20000.16857029117
2,20000.16857029117
3,20000.16857029117
4,20000.16857029117
5,20000.16857029117
