epoch,gBest_fitness
1,798.6650670640897
2,798.6650670640897
3,798.6650670640897
4,759.9996376037598
5,759.9996376037598
