epoch,gBest_fitness
1,4994.736751130975
2,4994.736751130975
3,4994.736751130975
4,4994.736751130975
5,4994.736751130975
