epoch,gBest_fitness
1,799.5214931305907
2,799.5214931305907
3,759.9996376037598
4,759.9996376037598
5,759.9996376037598
