epoch,gBest_fitness
1,7.034240458183079e-103
2,1.9036610773194218e-111
3,1.9036610773194218e-111
4,1.9036610773194218e-111
5,1.9036610773194218e-111
