epoch,gBest_fitness
1,7.22471559707326e-14
2,7.22471559707326e-14
3,7.22471559707326e-14
4,7.22471559707326e-14
5,7.22471559707326e-14
