epoch,gBest_fitness
1,2.2935529371240873e-96
2,1.2652168612056532e-104
3,2.112541939536469e-112
4,2.112541939536469e-112
5,2.112541939536469e-112
