epoch,gBest_fitness
1,1.6304737336861194e-13
2,1.6304737336861194e-13
3,1.2396841264182772e-15
4,1.2396841264182772e-15
5,1.2396841264182772e-15
