epoch,gBest_fitness
1,2.16449613379698e-100
2,2.16449613379698e-100
3,1.3659039011512147e-105
4,1.3659039011512147e-105
5,1.3659039011512147e-105
