epoch,gBest_fitness
1,3.797683287374758e-09
2,1.581656224708883e-18
3,1.581656224708883e-18
4,1.581656224708883e-18
5,1.581656224708883e-18
