epoch,gBest_fitness
1,3.3452014736233525e-113
2,3.3452014736233525e-113
3,3.3452014736233525e-113
4,3.3452014736233525e-113
5,3.3452014736233525e-113
