epoch,gBest_fitness
1,9.856115234407902e-96
2,4.220637924019462e-99
3,4.220637924019462e-99
4,4.220637924019462e-99
5,1.7233508071785805e-103
