epoch,gBest_fitness
1,5.029056859638893e-103
2,5.029056859638893e-103
3,1.5511462001958427e-106
4,1.5511462001958427e-106
5,1.5511462001958427e-106
