epoch,gBest_fitness
1,1.710980455365057e-106
2,1.710980455365057e-106
3,1.710980455365057e-106
4,1.710980455365057e-106
5,1.710980455365057e-106
