epoch,gBest_fitness
1,7.4249381006952275e-96
2,6.330147261765236e-98
3,4.288818440839813e-102
4,4.288818440839813e-102
5,4.288818440839813e-102
