epoch,gBest_fitness
1,4.762517192087228e-100
2,4.762517192087228e-100
3,4.762517192087228e-100
4,1.5021130376792667e-104
5,1.5021130376792667e-104
