epoch,gBest_fitness
1,3.095560346434366e-97
2,5.519325155808448e-106
3,5.519325155808448e-106
4,5.519325155808448e-106
5,5.519325155808448e-106
