epoch,gBest_fitness
1,1.7410332654251415e-101
2,1.7410332654251415e-101
3,3.3476203916068005e-114
4,3.3476203916068005e-114
5,3.3476203916068005e-114
