epoch,gBest_fitness
1,6.355604402147431e-11
2,1.1429161971612792e-11
3,1.782113147230798e-13
4,1.782113147230798e-13
5,7.56691980677845e-14
