epoch,gBest_fitness
1,2.238966593368546e-90
2,2.719612602447737e-96
3,1.2813518945720177e-103
4,1.2813518945720177e-103
5,1.2813518945720177e-103
