epoch,gBest_fitness
1,1.093450713808536e-08
2,5.871707688965111e-10
3,9.458871894758128e-12
4,3.595597693652282e-14
5,3.595597693652282e-14
