epoch,gBest_fitness
1,1.5208520595830447e-08
2,1.211295141768813e-15
3,1.211295141768813e-15
4,1.211295141768813e-15
5,1.211295141768813e-15
