epoch,gBest_fitness
1,3.9544071804823534e-11
2,3.9544071804823534e-11
3,6.921879488827586e-13
4,6.921879488827586e-13
5,6.921879488827586e-13
