epoch,gBest_fitness
1,6.421243014824371e-10
2,1.516167048147028e-10
3,2.0969579153259226e-14
4,4.5951426666711695e-17
5,4.5951426666711695e-17
