epoch,gBest_fitness
1,2.6724907029464864e-13
2,2.6724907029464864e-13
3,8.521136255357597e-16
4,8.521136255357597e-16
5,8.521136255357597e-16
