epoch,gBest_fitness
1,1.8040261533226485e-12
2,1.8040261533226485e-12
3,1.8040261533226485e-12
4,8.7349155245939e-14
5,8.7349155245939e-14
