epoch,gBest_fitness
1,7.958858425563072e-14
2,7.958858425563072e-14
3,7.958858425563072e-14
4,7.958858425563072e-14
5,7.958858425563072e-14
