epoch,gBest_fitness
1,8.83547092936713e-13
2,3.265955681831984e-13
3,1.430229484512559e-16
4,1.430229484512559e-16
5,1.430229484512559e-16
