epoch,gBest_fitness
1,2.6701754513489038e-11
2,9.16468554219087e-16
3,7.366541643587077e-16
4,7.366541643587077e-16
5,7.366541643587077e-16
