epoch,gBest_fitness
1,2.3088180742424842e-111
2,2.3088180742424842e-111
3,2.1781409474819485e-117
4,2.1781409474819485e-117
5,2.1781409474819485e-117
