epoch,gBest_fitness
1,4.726215300542789e-100
2,1.2493872134296611e-100
3,1.2493872134296611e-100
4,1.2493872134296611e-100
5,1.2493872134296611e-100
