epoch,gBest_fitness
1,3.3414572212592993e-17
2,3.3414572212592993e-17
3,3.3414572212592993e-17
4,3.3414572212592993e-17
5,1.587484669698598e-18
