epoch,gBest_fitness
1,1.2664437589179013e-95
2,6.698390075297818e-107
3,6.698390075297818e-107
4,6.698390075297818e-107
5,6.698390075297818e-107
