epoch,gBest_fitness
1,2.347405604648529e-102
2,2.347405604648529e-102
3,6.373116802451272e-109
4,6.373116802451272e-109
5,6.373116802451272e-109
