epoch,gBest_fitness
1,7.289659481043542e-10
2,1.1859750480114894e-20
3,1.1859750480114894e-20
4,1.1859750480114894e-20
5,1.1859750480114894e-20
