epoch,gBest_fitness
1,9.361201674942266e-11
2,1.5466645418470163e-13
3,5.008298477679504e-14
4,5.008298477679504e-14
5,9.939042236306631e-15
