epoch,gBest_fitness
1,3.822226063901364e-103
2,3.822226063901364e-103
3,2.3317644483692796e-105
4,2.3317644483692796e-105
5,1.5509993228641949e-106
