epoch,gBest_fitness
1,2.7577074590968762e-11
2,5.638201767312138e-16
3,5.638201767312138e-16
4,5.638201767312138e-16
5,5.638201767312138e-16
