epoch,gBest_fitness
1,9.57231192657405e-13
2,9.57231192657405e-13
3,9.57231192657405e-13
4,9.57231192657405e-13
5,9.57231192657405e-13
