epoch,gBest_fitness
1,1.7958415497801212e-14
2,1.7958415497801212e-14
3,1.711262012335455e-14
4,1.711262012335455e-14
5,1.9938680022979315e-18
