epoch,gBest_fitness
1,7.287846743945566e-103
2,7.287846743945566e-103
3,7.287846743945566e-103
4,7.287846743945566e-103
5,7.287846743945566e-103
