epoch,gBest_fitness
1,9.010181865370804e-98
2,4.165136523063178e-98
3,6.307878901221767e-105
4,2.2302998708508207e-107
5,2.2302998708508207e-107
