epoch,gBest_fitness
1,2.1074246996568174e-11
2,2.1074246996568174e-11
3,1.45170451409059e-11
4,2.5660287017627206e-15
5,2.5660287017627206e-15
