epoch,gBest_fitness
1,3.204797676603011e-96
2,4.561918216184562e-108
3,4.561918216184562e-108
4,4.561918216184562e-108
5,4.561918216184562e-108
