epoch,gBest_fitness
1,8356607.674957411
2,707543.0151233475
3,148181.79573591737
4,55563.88626339609
5,25347.394042345404
