epoch,gBest_fitness
1,2987.2020007035107
2,1454.4161148904564
3,591.0475278504641
4,472.42397730370965
5,333.7419916969952
