epoch,gBest_fitness
1,1078.221796098763
2,658.2893629455
3,502.84878641137186
4,371.81718828822756
5,186.47213730017032
