epoch,gBest_fitness
1,697.4233462282934
2,571.8687514975347
3,132.03806911374627
4,90.02429750974281
5,57.57995339479848
