epoch,gBest_fitness
1,25598.57089488564
2,11263.60783741094
3,7292.716198702524
4,5204.764543762728
5,4181.729995295371
