epoch,gBest_fitness
1,81552.5428593913
2,37111.12679718479
3,24528.601739680867
4,15929.722594460318
5,13023.454802241302
