epoch,gBest_fitness
1,9466.667639164982
2,967.6300893882078
3,611.5636576036144
4,375.6754742066969
5,131.25752778960367
