epoch,gBest_fitness
1,13421.184937013919
2,2891.956627604099
3,1398.88261533283
4,1215.2172549247105
5,796.7218539161066
