epoch,gBest_fitness
1,23777.470730232744
2,10700.695017322969
3,8901.849720659777
4,3038.5819254906014
5,2191.3229383075077
