epoch,gBest_fitness
1,70620697.80436608
2,3062496.388724007
3,1604519.6985759723
4,883754.833117157
5,592243.015455888
