epoch,gBest_fitness
1,265.9206034304834
2,200.05784465541788
3,78.45594804961584
4,28.664229726781485
5,1.5039054297650911
