epoch,gBest_fitness
1,8204.37230577544
2,2913.9757450661527
3,2122.262383758338
4,768.1236620720005
5,585.3181490102112
