epoch,gBest_fitness
1,101452116.7550692
2,33556131.491806954
3,10040045.876118701
4,6710576.273709296
5,3982199.485846228
