epoch,gBest_fitness
1,2900.6743900620913
2,995.1920895684575
3,691.3821369567963
4,412.5152078195841
5,226.59509313550834
