epoch,gBest_fitness
1,6561.371006289305
2,2609.9460384524423
3,1249.6457855142532
4,961.0767362774956
5,580.7401324754771
