epoch,gBest_fitness
1,766804.4849696667
2,87265.36047701056
3,15093.733386582422
4,11702.962962568854
5,2328.1872142425514
