epoch,gBest_fitness
1,5412563.782733934
2,421643.0383044267
3,76109.30738721626
4,63529.78264852847
5,41459.50546470211
