epoch,gBest_fitness
1,50697.63264476255
2,11195.341533627512
3,8622.860187408562
4,4915.2107415343435
5,3981.3713889379583
