epoch,gBest_fitness
1,2072.53438601345
2,76.92396888660222
3,62.76450134239592
4,35.37616459498307
5,30.07420645131904
