epoch,gBest_fitness
1,25940.83641644452
2,20488.630200044536
3,16575.902119649254
4,12152.402046844549
5,8690.105443029872
