epoch,gBest_fitness
1,42832842.92318996
2,122586.92327947338
3,59732.811273717074
4,21556.307762216424
5,11632.789489608307
