epoch,gBest_fitness
1,168522501.51861888
2,22832637.888979226
3,11186375.22432195
4,8393198.097271489
5,6574182.381737224
