epoch,gBest_fitness
1,98320.70269547329
2,49290.82257775573
3,13089.405790841065
4,4783.620975617266
5,2066.183929877043
