epoch,gBest_fitness
1,2761216.095252203
2,108558.99818390276
3,47045.34845572535
4,16799.560601508485
5,12513.355810020625
