epoch,gBest_fitness
1,2378.1597764898365
2,313.8279973057122
3,109.21913361743034
4,76.08528486892578
5,38.15421887991277
