epoch,gBest_fitness
1,240687774.3017526
2,13500409.501053352
3,2167128.990873208
4,1309088.372402229
5,1046235.3912165081
