epoch,gBest_fitness
1,1592038.8020058686
2,47236.586865187775
3,7461.773943088672
4,3975.724985860933
5,3247.5437498071865
