epoch,gBest_fitness
1,22454.116468591063
2,16023.28731080422
3,11185.429976715099
4,7502.742768385999
5,6832.551917881639
