epoch,gBest_fitness
1,629.6875430244879
2,317.64563632519344
3,129.87870589061427
4,89.63418978205861
5,77.23930432361689
