epoch,gBest_fitness
1,7714.534391074817
2,1235.9945681838813
3,594.4987449454864
4,383.3889210976515
5,90.63280896520193
