epoch,gBest_fitness
1,19667.357906305726
2,10672.032772472945
3,2358.5864511910186
4,1854.9470278867154
5,1600.0118248487572
