epoch,gBest_fitness
1,16669.564712169788
2,3605.051990634898
3,2550.6668841694714
4,1033.9636451098233
5,108.3911556165514
