epoch,gBest_fitness
1,2.2386800641531457e-13
2,1.146865420642705e-13
3,1.1829015064575456e-15
4,1.1829015064575456e-15
5,9.369878764732317e-16
