epoch,gBest_fitness
1,1.1424162640688456e-14
2,1.1424162640688456e-14
3,1.5914769293926938e-16
4,1.5914769293926938e-16
5,1.3183683186723143e-18
