epoch,gBest_fitness
1,2.490127920642797e-115
2,2.490127920642797e-115
3,2.490127920642797e-115
4,2.490127920642797e-115
5,9.930705941495906e-124
