epoch,gBest_fitness
1,1.2451105761267118e-18
2,1.2451105761267118e-18
3,1.2451105761267118e-18
4,1.2451105761267118e-18
5,1.2451105761267118e-18
