epoch,gBest_fitness
1,8.045256519677769e-116
2,2.314517816974327e-128
3,2.314517816974327e-128
4,2.314517816974327e-128
5,2.314517816974327e-128
