epoch,gBest_fitness
1,2.370877981334449e-115
2,2.370877981334449e-115
3,1.0943328595174125e-130
4,1.0943328595174125e-130
5,1.0943328595174125e-130
