epoch,gBest_fitness
1,8.133431895814783e-116
2,3.7726938476085593e-121
3,3.7726938476085593e-121
4,3.7726938476085593e-121
5,1.1148504355818512e-121
