epoch,gBest_fitness
1,1.1510314559864244e-18
2,1.1510314559864244e-18
3,1.1510314559864244e-18
4,1.1510314559864244e-18
5,1.1510314559864244e-18
