epoch,gBest_fitness
1,1.4245961512566207e-119
2,7.723379703769437e-121
3,7.723379703769437e-121
4,1.8116126263059752e-122
5,1.8116126263059752e-122
