epoch,gBest_fitness
1,3.0017341835536646e-125
2,3.0017341835536646e-125
3,3.0017341835536646e-125
4,3.0017341835536646e-125
5,3.0017341835536646e-125
