epoch,gBest_fitness
1,2.674110461227301e-120
2,1.9167014217752113e-126
3,1.9167014217752113e-126
4,1.9167014217752113e-126
5,1.9167014217752113e-126
