epoch,gBest_fitness
1,1.7059321650496295e-10
2,7.10950875373467e-11
3,4.8814036096223815e-12
4,4.8814036096223815e-12
5,4.8814036096223815e-12
