epoch,gBest_fitness
1,6.232662766601456e-121
2,6.232662766601456e-121
3,6.232662766601456e-121
4,6.232662766601456e-121
5,6.232662766601456e-121
