epoch,gBest_fitness
1,4.2080968584271976e-116
2,4.2080968584271976e-116
3,4.2080968584271976e-116
4,4.2080968584271976e-116
5,6.381037846487061e-119
