epoch,gBest_fitness
1,3.970540934273804e-107
2,2.7890274142671394e-117
3,2.7890274142671394e-117
4,2.4417171543590757e-122
5,2.4417171543590757e-122
