epoch,gBest_fitness
1,5.780620094787611e-13
2,1.4640581319574855e-13
3,1.4640581319574855e-13
4,1.3480266969218383e-18
5,1.3480266969218383e-18
