epoch,gBest_fitness
1,1.6964440623106587e-121
2,6.397729529224987e-125
3,6.397729529224987e-125
4,6.397729529224987e-125
5,6.397729529224987e-125
