epoch,gBest_fitness
1,3.175286048771975e-12
2,2.1205498149404743e-15
3,1.2159934640553738e-20
4,1.2159934640553738e-20
5,1.2447093939621172e-23
