epoch,gBest_fitness
1,1.069486946000726e-125
2,1.069486946000726e-125
3,1.069486946000726e-125
4,1.069486946000726e-125
5,1.069486946000726e-125
