epoch,gBest_fitness
1,2.840062530775137e-13
2,2.840062530775137e-13
3,3.170142108587963e-23
4,3.170142108587963e-23
5,3.170142108587963e-23
