epoch,gBest_fitness
1,1.997998956266065e-111
2,6.462224796565259e-123
3,6.462224796565259e-123
4,6.462224796565259e-123
5,6.76065963497613e-126
