epoch,gBest_fitness
1,1.4209557741215316e-119
2,1.4209557741215316e-119
3,1.635878936502446e-127
4,1.635878936502446e-127
5,1.635878936502446e-127
