epoch,gBest_fitness
1,22974055.429303758
2,4042165.1385581507
3,1037758.0578196499
4,523072.6861583365
5,359380.23532563756
