epoch,gBest_fitness
1,1656.4473045251282
2,870.1294868392022
3,441.8774827383558
4,366.73823487846215
5,306.61638383708095
