epoch,gBest_fitness
1,59102.37630149752
2,8625.915662126145
3,3410.831572507579
4,1215.3649362364806
5,462.77335212509803
