epoch,gBest_fitness
1,8468669.090578947
2,1937312.7185003432
3,756720.0423300153
4,482121.81656218786
5,311748.1758049636
