epoch,gBest_fitness
1,337.2763003619109
2,136.54925081502967
3,64.04473006793835
4,38.468095319248874
5,19.636357387093522
