epoch,gBest_fitness
1,703.8856115086215
2,362.99419359321746
3,287.02534618638066
4,157.77448152511025
5,45.90531577972418
