epoch,gBest_fitness
1,2646933.1373501695
2,355339.0771700104
3,46711.78360589377
4,27113.60228057093
5,20416.845849207293
