epoch,gBest_fitness
1,13987.997061487717
2,4239.070134221961
3,2183.7460724160815
4,1403.4826121205094
5,948.5235519693293
