epoch,gBest_fitness
1,1471.4159754420557
2,479.91890928953546
3,146.33591570666624
4,105.06464795270101
5,73.47406629433102
