epoch,gBest_fitness
1,630.4131034106309
2,155.3444489304242
3,69.09155055947716
4,33.94556161183495
5,28.63856442763616
