epoch,gBest_fitness
1,7522.426053662081
2,3835.992753587423
3,2235.951268545421
4,1471.2706603755423
5,1111.4682691260698
