epoch,gBest_fitness
1,33656181.868846536
2,3430968.402346125
3,1351825.6442111258
4,702469.7765577503
5,465912.79732447997
