epoch,gBest_fitness
1,11980.204520530027
2,1635.9900111465909
3,1172.09477024837
4,953.93767800777
5,868.7482669282119
