epoch,gBest_fitness
1,5165.756538809798
2,598.4926778685519
3,326.08837849549076
4,202.39689845083376
5,154.9339254933346
