epoch,gBest_fitness
1,5516.675791376415
2,1944.7667051750639
3,1494.5678228080787
4,937.1241516072809
5,770.5127613249725
