epoch,gBest_fitness
1,25573.751826398893
2,14028.267390645911
3,8104.941130622058
4,5495.243134959198
5,4476.759770477543
