epoch,gBest_fitness
1,1048.7899774055604
2,343.58774298576645
3,243.0725029601328
4,186.81755792187585
5,161.9172262415971
