epoch,gBest_fitness
1,10959.282271588909
2,1960.1274449666116
3,832.256840099121
4,603.3606396883082
5,455.06642574708735
