epoch,gBest_fitness
1,4956343.820727259
2,158256.97381256855
3,32423.314829175477
4,26133.04998907281
5,13725.298929626138
