epoch,gBest_fitness
1,2100589.9755157656
2,353470.71518621553
3,93880.72002223675
4,27701.25941662419
5,8542.086080470195
