epoch,gBest_fitness
1,852.9620211807277
2,265.01040241484446
3,161.1061603961563
4,130.07077675838914
5,107.63214050060532
