epoch,gBest_fitness
1,60.782204190529455
2,28.29156561421228
3,22.351141670529486
4,20.208698362421313
5,19.715174042958132
