epoch,gBest_fitness
1,49892961.7454309
2,4292093.975807504
3,832273.5876265055
4,344257.19670463086
5,282830.7700440988
