epoch,gBest_fitness
1,36793.48217182703
2,20464.14481520178
3,11859.159372139771
4,7814.124317778671
5,5250.247427205947
