epoch,gBest_fitness
1,101026.16620043917
2,2211.2806065024943
3,1005.4369622568106
4,501.9115877376465
5,307.7915639741564
