epoch,gBest_fitness
1,26017.50901451988
2,2729.099836644671
3,1559.5575352095436
4,798.1762424691185
5,486.1746723343458
