epoch,gBest_fitness
1,33749.443956794916
2,11527.679531561866
3,2372.662529280655
4,1028.1157199725149
5,421.07722214546885
