epoch,gBest_fitness
1,29229.906371101544
2,20884.15105300879
3,12762.773207987388
4,9850.401932340043
5,5951.333361098147
