epoch,gBest_fitness
1,49579.7042208288
2,25100.34205176228
3,15529.800032103705
4,12881.761955766673
5,8183.830822470715
