epoch,gBest_fitness
1,3366.7518747790873
2,265.806988837941
3,71.59516746016229
4,39.56953751693301
5,28.844329009888092
