epoch,gBest_fitness
1,720851.8562913621
2,61760.69177375514
3,21453.66402416742
4,17441.204089798597
5,8343.775054372303
