epoch,gBest_fitness
1,80.28580444059521
2,33.22530492567924
3,19.769287575951036
4,18.142638837557268
5,16.811924797773536
