epoch,gBest_fitness
1,13743.4725160746
2,3226.0001438488694
3,699.7587439813766
4,327.10105887621245
5,145.14246682807598
