epoch,gBest_fitness
1,11885.568555704209
2,1380.5143396045228
3,377.20551874545515
4,56.77577623242389
5,29.0939428849493
