epoch,gBest_fitness
1,58.78390321596071
2,23.692387106108633
3,12.8035616377015
4,11.143587340757966
5,9.604989410578964
