epoch,gBest_fitness
1,356900.11990809604
2,41665.58003993318
3,8426.644076179822
4,2328.602483631353
5,932.8016520025545
