epoch,gBest_fitness
1,118.07864144375517
2,30.100209897600436
3,12.961250030043463
4,4.7088344911224045
5,3.358370740054676
