epoch,gBest_fitness
1,293.60723487396064
2,71.53623772985506
3,17.524321299629797
4,4.564367270737853
5,2.092787550266056
