epoch,gBest_fitness
1,110.51798529317185
2,51.8854399444251
3,24.796021623621808
4,19.035017606786663
5,15.228809881753959
