epoch,gBest_fitness
1,19403.553087234715
2,5589.341606721567
3,3558.017257959034
4,1681.620687065983
5,1214.9840668713582
