epoch,gBest_fitness
1,92.27817551555903
2,19.780287257095832
3,8.102411983863567
4,5.58022181895181
5,4.023338013016302
