epoch,gBest_fitness
1,70.57470511987745
2,10.934173760013644
3,4.491918784673813
4,2.820351740202037
5,2.1905333369227784
