epoch,gBest_fitness
1,11988.708370364942
2,932.7433727105941
3,517.5288892516481
4,318.3675010393102
5,124.58815440227042
