epoch,gBest_fitness
1,5.739822523430124
2,1.9690743431253261
3,0.9996779378237359
4,0.8390038651293501
5,0.7615736855121247
