epoch,gBest_fitness
1,5.494627913729326
2,2.6922869238953866
3,1.1153387189315167
4,0.8668023213402631
5,0.7876966752541334
