epoch,gBest_fitness
1,6955.218039102096
2,935.6243642383765
3,312.73187853154786
4,139.1256357620383
5,109.28325382431024
