epoch,gBest_fitness
1,775848.8736945189
2,38751.82019282577
3,5683.823216181966
4,2235.3595228394925
5,1046.4586407367349
