epoch,gBest_fitness
1,1235.669619949698
2,438.8088355563078
3,184.1998777601935
4,91.77677099341851
5,63.936607443679335
