epoch,gBest_fitness
1,41506793.43475043
2,5730396.387439468
3,1513138.251058859
4,707549.8546266414
5,324012.85509020573
