epoch,gBest_fitness
1,37.37944330397998
2,11.044826091612995
3,5.528136252180591
4,2.2295077626905666
5,1.57494294164035
