epoch,gBest_fitness
1,1661.7802268529895
2,124.48141016021208
3,53.33702330171431
4,24.019552626840532
5,16.927353199061795
