epoch,gBest_fitness
1,20352.970901137607
2,2878.1677852303956
3,372.33909718921177
4,74.00408598627627
5,37.563638859752
