epoch,gBest_fitness
1,312.4650075071848
2,163.91085456867825
3,94.1485241931341
4,61.62996846174401
5,45.06396978922707
