epoch,gBest_fitness
1,26210027.46292958
2,3327299.764671966
3,964503.8652919837
4,327550.27354915283
5,179028.63690967605
