epoch,gBest_fitness
1,56727.476997455844
2,1474.4240313506355
3,150.9221358265678
4,57.18150444750685
5,9.263430951941265
