epoch,gBest_fitness
1,30426.822349169834
2,2777.446105536309
3,1031.8160489783893
4,606.3375582475722
5,446.2937486736657
