epoch,gBest_fitness
1,2393.884639679321
2,36.204162593010764
3,9.89828951429022
4,4.403372016949162
5,1.997717384372474
