epoch,gBest_fitness
1,30.661639946466646
2,16.656507586621043
3,5.720824537888105
4,3.550345627016178
5,1.8072223830748955
