epoch,gBest_fitness
1,98335893.39210558
2,7702111.5014237575
3,1735586.1391318175
4,1001187.4392117453
5,467173.0937620579
