epoch,gBest_fitness
1,189.43853334246745
2,6.528631309887794
3,2.3389597017646007
4,1.0297889270516396
5,0.881581751801712
