epoch,gBest_fitness
1,531.148956899262
2,340.3268058060421
3,241.56325612776226
4,134.37235251296795
5,96.28824970803704
