epoch,gBest_fitness
1,67190.26609428764
2,5358.747305234086
3,630.8239457158611
4,166.14326362981944
5,80.57372080498686
