epoch,gBest_fitness
1,40997438.58693988
2,4620440.294292278
3,1306868.8058159256
4,561588.289481076
5,357911.08739450085
