epoch,gBest_fitness
1,554984.5497286302
2,229368.89679513322
3,43830.89196004028
4,11916.138377037401
5,6578.403588536963
