epoch,gBest_fitness
1,539524.7029375632
2,24837.636161051832
3,1577.1397856176438
4,538.6245874036503
5,265.8790271874261
