epoch,gBest_fitness
1,1790.129639096201
2,301.3936693894582
3,97.22186476192782
4,64.54448578096375
5,47.61784164445094
