epoch,gBest_fitness
1,15674.985949909345
2,8124.5696855307515
3,4496.405576151186
4,3077.183304826149
5,2381.243276089181
