epoch,gBest_fitness
1,15407.993049132154
2,6948.308586977543
3,2823.3446982191567
4,1264.6205604410325
5,834.9196610986837
