epoch,gBest_fitness
1,22208.926873316606
2,1259.6103550348757
3,404.0893194777009
4,125.19261588987344
5,42.45016341014491
