epoch,gBest_fitness
1,25084523.810932245
2,3871869.9608178656
3,1009799.7778140688
4,334619.8816313989
5,137774.37962601855
