epoch,gBest_fitness
1,31228.47478254756
2,17156.28210918444
3,7870.06866709181
4,4848.15938863791
5,3212.1602428484457
