epoch,gBest_fitness
1,8.083907335778306
2,2.292438554840164
3,2.1098652886056124
4,1.977859611282612
5,1.7434438053465438
