epoch,gBest_fitness
1,517191.1712579418
2,79250.31793106161
3,16342.151453283122
4,6440.93847773475
5,2389.771380551489
