epoch,gBest_fitness
1,39.33557935956586
2,2.033139594143707
3,0.8602008717864384
4,0.6455411977517079
5,0.5309191219507788
