epoch,gBest_fitness
1,2393499.1039690822
2,192480.48759185273
3,21341.520029820014
4,5982.035660099118
5,2746.5410247707555
