epoch,gBest_fitness
1,16.572800606976685
2,8.41855989345269
3,3.7747154473998066
4,2.420718051146448
5,1.4645058121132362
