epoch,gBest_fitness
1,15325.196094182846
2,2766.7483903740685
3,617.1508274294584
4,305.61372264058207
5,180.07502365437182
