epoch,gBest_fitness
1,48750454.24129705
2,5756751.137372075
3,735363.0942092482
4,463837.67566745635
5,149287.09956169422
