epoch,gBest_fitness
1,1849.3844541187093
2,836.4047009691451
3,495.69567198398283
4,327.3351001756434
5,291.6560756243647
