epoch,gBest_fitness
1,370.7869212492407
2,31.109741564002697
3,13.152822217528527
4,7.499533835797282
5,5.714514120098544
