epoch,gBest_fitness
1,37171.30488233901
2,5.913497277417344
3,2.40352891139982
4,1.345277610161307
5,0.7936939894024867
