epoch,gBest_fitness
1,73672928.06363636
2,7238545.99168439
3,1800983.323060347
4,871316.717615912
5,411295.7295617028
