epoch,gBest_fitness
1,380.95285181062263
2,135.2076563693276
3,84.19847006255232
4,45.375161136773066
5,35.27070325255978
