epoch,gBest_fitness
1,334.24146902275714
2,46.56108253334269
3,7.049372434098265
4,4.61096774799142
5,2.4461910064278096
