epoch,gBest_fitness
1,12524949.837766955
2,1662554.9562753893
3,666952.7349092443
4,295197.90742146777
5,149236.72923053015
