epoch,gBest_fitness
1,5871.343285255984
2,62.92783199188849
3,28.54111102615478
4,14.622981960455068
5,11.439393906114816
