epoch,gBest_fitness
1,9866.906005396217
2,3505.5472463332035
3,1948.528492730028
4,1384.7647804243593
5,1057.972354768856
