epoch,gBest_fitness
1,4.993173518056243
2,1.9448028256698795
3,1.3459795925420153
4,0.8985224167576178
5,0.5968952292882541
