epoch,gBest_fitness
1,1380.451311338799
2,351.34669568159416
3,142.06905659305775
4,77.03548416432558
5,52.96741315206776
