epoch,gBest_fitness
1,215.53401276456893
2,45.35362540159434
3,21.91312025400094
4,15.07048373814585
5,11.618872840454861
