epoch,gBest_fitness
1,581354.7819893315
2,22951.4642815703
3,7602.877164602333
4,2509.9157763476783
5,1323.2042770416042
