epoch,gBest_fitness
1,717.7086023530159
2,18.405694011119085
3,4.214045543884576
4,3.4835886346675875
5,3.177215330875681
