epoch,gBest_fitness
1,251.707178410808
2,2.2367158095816784
3,0.655505520354773
4,0.592489281460649
5,0.5535706255073349
