epoch,gBest_fitness
1,1635.185193086799
2,338.4066962616886
3,36.81097130427009
4,12.537448384206156
5,7.631103125873478
