epoch,gBest_fitness
1,742760.5693317476
2,6.282339910126307
3,3.725033944139199
4,1.7453669266828642
5,1.2354031917641608
