epoch,gBest_fitness
1,1915.5163960509435
2,261.23264817053433
3,107.88788224400281
4,52.94221720239228
5,37.36571833799992
