epoch,gBest_fitness
1,1352.4243946111703
2,72.9290520823936
3,9.093882527929626
4,3.875596040373356
5,2.89601971419166
