epoch,gBest_fitness
1,24488.746389848897
2,11722.054284904349
3,5565.698345009731
4,4581.16040907984
5,3076.2497633548955
