epoch,gBest_fitness
1,21.98419336505611
2,2.626072244012191
3,1.59601778946548
4,0.8346774700093833
5,0.5929247374607611
