epoch,gBest_fitness
1,2410.5106209698574
2,59.07756622522975
3,10.391765946169667
4,2.6995590746649927
5,1.6142601567997275
