epoch,gBest_fitness
1,563.8082580139957
2,57.324613021077035
3,7.1363202115825635
4,2.991623869301626
5,1.5930357289310662
