epoch,gBest_fitness
1,309.526227366207
2,102.88407768869709
3,58.658382874358374
4,44.91254699840311
5,31.41513061587578
