epoch,gBest_fitness
1,129.46529920691663
2,9.397963158073498
3,4.710615456300045
4,2.748152659081276
5,1.6759381084053813
