epoch,gBest_fitness
1,40.842146004267924
2,15.967728490570774
3,11.011746272160176
4,8.622535052860815
5,4.532460115954637
