epoch,gBest_fitness
1,96309.2448789509
2,8702.77788081374
3,2075.9524926994113
4,143.43429885435572
5,36.84616364484257
