epoch,gBest_fitness
1,19185.281894245865
2,6244.271407553498
3,2839.924784652276
4,1433.232483399705
5,731.8651529658919
