epoch,gBest_fitness
1,31.237656005336156
2,5.405808905512103
3,1.4146220551963808
4,0.7748785204156312
5,0.6431097151723034
