epoch,gBest_fitness
1,48726642.501945496
2,5906027.608423694
3,1782260.3549764245
4,1110372.915669044
5,375110.0989185428
