epoch,gBest_fitness
1,43.61691600810761
2,6.307600059659
3,1.5947378119027364
4,0.9760124965447343
5,0.7492562172882984
