epoch,gBest_fitness
1,645011.3926671763
2,71724.3319738013
3,9373.327815573846
4,4643.053598619581
5,1755.505316207062
