epoch,gBest_fitness
1,10.294695908593734
2,5.570394089068662
3,3.446814105264331
4,2.2999742426202796
5,1.690774298143558
