epoch,gBest_fitness
1,31349878.0860729
2,5280783.037162775
3,881339.9596896174
4,464633.31062000495
5,217290.95094536504
