epoch,gBest_fitness
1,395.57592340295156
2,185.3535207701204
3,76.91925806283831
4,59.60834106923506
5,54.19809599525073
