epoch,gBest_fitness
1,15068540.32942498
2,1173.8815202786561
3,536.6745371035673
4,398.97948038913984
5,308.56457873332363
