epoch,gBest_fitness
1,1466302.7646815812
2,64187.61268305839
3,5911.866279463202
4,2128.6495276443566
5,1041.368094207628
