epoch,gBest_fitness
1,794.9669525978444
2,177.62600714819672
3,98.88069579049319
4,33.47369438094555
5,20.659498042932277
