epoch,gBest_fitness
1,16827408.103350494
2,4146360.885259929
3,1713379.8312795074
4,837089.3506541629
5,430396.8348602046
