epoch,gBest_fitness
1,25557177.059920713
2,2366468.8940281062
3,1065825.7707525552
4,304237.00798990653
5,140049.33564153023
