epoch,gBest_fitness
1,909536.6014857701
2,28914.891544194285
3,11312.408282169285
4,3537.3795565710357
5,1725.8442299335675
