epoch,gBest_fitness
1,21717.157243799233
2,1034.5757108858513
3,449.6863755539946
4,324.634749518009
5,237.52073806450278
