epoch,gBest_fitness
1,3.0088326037158284
2,1.2569722867948694
3,0.7900506327763444
4,0.6347098880814154
5,0.5756636173524442
