epoch,gBest_fitness
1,1159.7728077946815
2,414.18271542300346
3,207.4036262048639
4,156.30133443815083
5,97.93504809854211
