epoch,gBest_fitness
1,39302.15111299697
2,23787.761854365523
3,9455.48586684589
4,5323.584882913852
5,2928.0386992612503
