epoch,gBest_fitness
1,41188512.03669778
2,3110274.565649588
3,885237.5246784515
4,237184.09676469408
5,173973.59344758248
