epoch,gBest_fitness
1,1178260.6826823303
2,33974.33069591939
3,14680.467210622977
4,3637.0565488020516
5,817.3485758607308
