epoch,gBest_fitness
1,12816.20566711797
2,3896.5739572454763
3,2356.99748749732
4,1368.822976651346
5,1058.1285684963877
