epoch,gBest_fitness
1,2119.536063477294
2,143.4678684193738
3,12.054794155605972
4,3.352966445755422
5,1.0388156992239261
