epoch,gBest_fitness
1,715201.8261882061
2,41460.63246514363
3,9057.871270836285
4,1888.0458258694443
5,1044.5564041494051
