epoch,gBest_fitness
1,3301.3565222394795
2,525.7847408219463
3,34.16021029328854
4,4.019128630707412
5,1.739101605357612
