epoch,gBest_fitness
1,2994141.7792864307
2,181652.38815958562
3,27659.747216298172
4,7497.898116211278
5,2689.3009425047594
