epoch,gBest_fitness
1,5351.225367926216
2,478.7548851328646
3,70.75064473581494
4,20.874396587581778
5,12.093470787568812
