epoch,gBest_fitness
1,15.740460763868779
2,3.199697714667381
3,1.4644719828222672
4,0.8614058058309485
5,0.5799740590190945
