epoch,gBest_fitness
1,13186.162438681233
2,565.2698627596175
3,71.87432123981635
4,34.3357814619757
5,19.093238592254863
