epoch,gBest_fitness
1,45373.70019371317
2,1437.4150300844738
3,431.68014991351987
4,160.76689457708576
5,82.74840769081216
