epoch,gBest_fitness
1,3041.0972020737267
2,13.829546567001321
3,5.32616183081849
4,3.6704750032821285
5,2.692680393020617
