epoch,gBest_fitness
1,740717.1240201545
2,46403.10443787887
3,11017.667011795993
4,3092.097408975265
5,1123.6490552679911
