epoch,gBest_fitness
1,0.45104875405809175
2,0.4294355855191814
3,0.3368914092192975
4,0.30546292596410407
5,0.25775814476673864
