epoch,gBest_fitness
1,0.035669388504851796
2,0.024215815019460962
3,0.018329451368674365
4,0.015345220397498804
5,0.015345220397498804
