epoch,gBest_fitness
1,0.42226980609811426
2,0.3827453752040356
3,0.3674871680386542
4,0.35510945643504
5,0.25454833047603126
