epoch,gBest_fitness
1,0.21594143697219886
2,0.19312916636431926
3,0.17250801517980302
4,0.1441442036376449
5,0.13841715255591613
