epoch,gBest_fitness
1,0.4872624770299026
2,0.4602768192803528
3,0.4401861013869946
4,0.43171089444824867
5,0.42616120489328646
