epoch,gBest_fitness
1,0.49572466320463865
2,0.49437595763067066
3,0.49302646711160525
4,0.49233169657607745
5,0.49099824009078946
