epoch,gBest_fitness
1,0.08717532222849877
2,0.05208955981354629
3,0.04124169990634202
4,0.01832945136867431
5,0.01832945136867431
