epoch,gBest_fitness
1,0.04941395395756987
2,0.029994930854869872
3,0.018329451368674365
4,0.015345220397498804
5,0.015345220397498804
