epoch,gBest_fitness
1,0.07266205331427672
2,0.06511671877184166
3,0.04124169990634202
4,0.038468158448654144
5,0.038468158448654144
