epoch,gBest_fitness
1,0.4774634486283975
2,0.45345815089459074
3,0.4448356702344974
4,0.41950209811654393
5,0.39987267520743175
