epoch,gBest_fitness
1,0.04399031518664237
2,0.032845083169210754
3,0.024215815019460962
4,0.012333169677994138
5,0.009292952342307703
