epoch,gBest_fitness
1,0.4985502176574812
2,0.49632988076256473
3,0.4947531200486712
4,0.4938250953231862
5,0.49323882261707225
