epoch,gBest_fitness
1,0.472862374230538
2,0.42207688175851105
3,0.37604973143743115
4,0.37167167423860775
5,0.34904467256438565
