epoch,gBest_fitness
1,0.04124169990634202
2,0.035669388504851796
3,0.021286204136230114
4,0.018329451368674365
5,0.018329451368674365
