epoch,gBest_fitness
1,0.48697673249309736
2,0.47470893083194393
3,0.46471972272732237
4,0.45246099292241804
5,0.4407026768700594
