epoch,gBest_fitness
1,0.11406865112602244
2,0.09184908355198562
3,0.08717532222849877
4,0.0824208195345299
5,0.08001270773020458
