epoch,gBest_fitness
1,0.038468158448654144
2,0.038468158448654144
3,0.024215815019460962
4,0.018329451368674365
5,0.018329451368674365
