epoch,gBest_fitness
1,0.13452196544131662
2,0.1305634956787014
3,0.10096160286603262
4,0.08952218072912932
5,0.08480827920768574
