epoch,gBest_fitness
1,0.4434277399500384
2,0.33512109981631844
3,0.2984151880243201
4,0.23018059482441983
5,0.20343574738364745
