epoch,gBest_fitness
1,0.4894497520276564
2,0.48128564547274044
3,0.47405314011058003
4,0.4695713823883613
5,0.461311403451035
