epoch,gBest_fitness
1,0.4677996507352846
2,0.38238778812581975
3,0.30159402130997415
4,0.23987442168188416
5,0.21993462155136023
