epoch,gBest_fitness
1,0.18067845206845923
2,0.15519753052741536
3,0.11619025793601201
4,0.10759720152240382
5,0.10096160286603262
