epoch,gBest_fitness
1,0.2375005368396615
2,0.18067845206845923
3,0.1478869772150867
4,0.13647738462786552
5,0.12038132158143566
