epoch,gBest_fitness
1,0.49492120385053023
2,0.49227771171103896
3,0.4902828132556761
4,0.4887207210924079
5,0.48738926129499577
