epoch,gBest_fitness
1,0.46919052547354756
2,0.419502098116544
3,0.3787201326078495
4,0.3474689759927869
5,0.31985969641256423
