epoch,gBest_fitness
1,0.20909375902353966
2,0.1640199351156283
3,0.13452196544131656
4,0.12856010055176031
5,0.1265403649895927
