epoch,gBest_fitness
1,0.024215815019460962
2,0.01534522039749886
3,0.009292952342307703
4,0.009292952342307703
5,0.009292952342307703
