epoch,gBest_fitness
1,0.12856010055176031
2,0.11829441782938172
3,0.10096160286603262
4,0.08717532222849877
5,0.0751335687298299
