epoch,gBest_fitness
1,0.4075635621612758
2,0.2967970459809245
3,0.2512742936883132
4,0.2338783133512915
5,0.22124698605053544
