epoch,gBest_fitness
1,0.49688270507053994
2,0.4930728060023243
3,0.4907503877217239
4,0.4878897801038149
5,0.485218720651004
