epoch,gBest_fitness
1,0.10977232039237567
2,0.08717532222849877
3,0.05474140437917091
4,0.04399031518664237
5,0.035669388504851796
