epoch,gBest_fitness
1,0.4986091794102114
2,0.49801845976807985
3,0.49731076481970843
4,0.4963456352455653
5,0.49568212043480964
