epoch,gBest_fitness
1,1799.3901471533777
2,1799.3901471533777
3,1799.3901471533777
4,1799.3901471533777
5,1799.3901471533777
