epoch,gBest_fitness
1,5001.5013694431655
2,5001.5013694431655
3,5001.5013694431655
4,5001.5013694431655
5,5001.5013694431655
