epoch,gBest_fitness
1,19799.990558624268
2,19799.990558624268
3,19799.990558624268
4,19799.990558624268
5,19799.990558624268
