epoch,gBest_fitness
1,796.2786208979314
2,796.2786208979314
3,796.2786208979314
4,796.2786208979314
5,759.9996376037598
