epoch,gBest_fitness
1,5002.615990693612
2,5002.615990693612
3,5002.615990693612
4,5002.615990693612
5,5002.615990693612
