epoch,gBest_fitness
1,5005.561150950266
2,5005.561150950266
3,5005.561150950266
4,5005.561150950266
5,5005.561150950266
