epoch,gBest_fitness
1,1.6471657440465534e-237
2,1.974208982568975e-241
3,1.974208982568975e-241
4,1.412189127917209e-269
5,1.412189127917209e-269
