epoch,gBest_fitness
1,6.050548203327711e-32
2,6.050548203327711e-32
3,6.050548203327711e-32
4,6.050548203327711e-32
5,6.050548203327711e-32
