epoch,gBest_fitness
1,2.657269633090445e-16
2,5.741182478143853e-17
3,2.278122214142742e-25
4,2.278122214142742e-25
5,6.743286620758438e-43
