epoch,gBest_fitness
1,8.607349873129313e-187
2,3.190260244196644e-201
3,3.190260244196644e-201
4,3.190260244196644e-201
5,3.190260244196644e-201
