epoch,gBest_fitness
1,9.284939554663488e-166
2,9.444715405050434e-206
3,9.444715405050434e-206
4,9.444715405050434e-206
5,9.444715405050434e-206
