epoch,gBest_fitness
1,1.0912507638921824e-206
2,4.930500580997437e-259
3,4.930500580997437e-259
4,4.930500580997437e-259
5,4.930500580997437e-259
