epoch,gBest_fitness
1,1.4071966336045704e-26
2,1.1719446416347761e-36
3,1.6236824791949636e-39
4,1.6236824791949636e-39
5,1.6236824791949636e-39
