epoch,gBest_fitness
1,5.847636405300628e-40
2,5.847636405300628e-40
3,5.847636405300628e-40
4,5.847636405300628e-40
5,5.847636405300628e-40
