epoch,gBest_fitness
1,6.889589868513446e-164
2,3.148152167302899e-181
3,3.148152167302899e-181
4,3.357165347823924e-184
5,3.357165347823924e-184
