epoch,gBest_fitness
1,1.125185174255326e-37
2,1.125185174255326e-37
3,1.125185174255326e-37
4,1.125185174255326e-37
5,1.1664208233581116e-38
