epoch,gBest_fitness
1,5.2971856082892265e-236
2,5.2971856082892265e-236
3,5.2971856082892265e-236
4,5.2971856082892265e-236
5,1.0159440331895427e-236
