epoch,gBest_fitness
1,6.76502880959936e-28
2,6.76502880959936e-28
3,6.76502880959936e-28
4,6.76502880959936e-28
5,6.76502880959936e-28
