epoch,gBest_fitness
1,2.585964441369174e-18
2,6.811758473614098e-44
3,6.811758473614098e-44
4,6.811758473614098e-44
5,6.811758473614098e-44
