"combination [m, n, l1, l2, ep_max, c1, c2]",gBest_fitness
1,3.475418625850787e-203
2,3.475418625850787e-203
3,2.257778148156074e-207
4,8.792097687393507e-211
5,8.792097687393507e-211
