epoch,gBest_fitness
1,7.914489605397814e-26
2,7.914489605397814e-26
3,2.7898490680747693e-31
4,2.7898490680747693e-31
5,7.602258625993922e-32
