epoch,gBest_fitness
1,7.9400996843584215e-168
2,4.489687367895306e-179
3,8.534441575090543e-191
4,8.534441575090543e-191
5,8.534441575090543e-191
