epoch,gBest_fitness
1,2.7923851005562937e-164
2,6.2367440094457194e-173
3,8.676059389089237e-182
4,8.676059389089237e-182
5,8.676059389089237e-182
