epoch,gBest_fitness
1,2.1113029831289456e-159
2,2.2918627720393846e-167
3,2.2918627720393846e-167
4,1.926537458012691e-189
5,2.992958227140735e-196
