epoch,gBest_fitness
1,2.702906205713412e-31
2,9.007666888269422e-32
3,6.939641581488091e-33
4,6.939641581488091e-33
5,6.939641581488091e-33
