epoch,gBest_fitness
1,8.904885633893925e-18
2,2.4760365805951918e-29
3,7.333289040929402e-36
4,7.333289040929402e-36
5,7.333289040929402e-36
