epoch,gBest_fitness
1,1.2232342575774823e-176
2,3.4460437048600825e-178
3,3.4460437048600825e-178
4,3.4460437048600825e-178
5,3.8812666453565086e-192
