epoch,gBest_fitness
1,6.895029314283546e-24
2,6.895029314283546e-24
3,6.158045657370804e-43
4,6.158045657370804e-43
5,6.158045657370804e-43
