epoch,gBest_fitness
1,2.4014532718078246e-179
2,2.4014532718078246e-179
3,1.3628928064338965e-198
4,1.3628928064338965e-198
5,1.3628928064338965e-198
