epoch,gBest_fitness
1,6.266417891039628e-163
2,8.254468292077166e-197
3,8.254468292077166e-197
4,8.254468292077166e-197
5,8.254468292077166e-197
