epoch,gBest_fitness
1,8.021619598277974e-214
2,8.021619598277974e-214
3,3.46222240644292e-226
4,1.7551784269121454e-247
5,1.7551784269121454e-247
