epoch,gBest_fitness
1,9.908272467465695e-167
2,2.086717315378302e-195
3,2.086717315378302e-195
4,2.086717315378302e-195
5,2.086717315378302e-195
