epoch,gBest_fitness
1,1.7538969858031137e-24
2,6.60210373517286e-25
3,4.117286310977028e-29
4,4.117286310977028e-29
5,4.117286310977028e-29
