epoch,gBest_fitness
1,2.7899624032981726e-229
2,1.4214726776115118e-231
3,2.248941030283838e-239
4,2.248941030283838e-239
5,2.248941030283838e-239
