epoch,gBest_fitness
1,5.007494509869097e-163
2,8.234978762617473e-192
3,8.234978762617473e-192
4,8.234978762617473e-192
5,8.234978762617473e-192
