epoch,gBest_fitness
1,3.103186397784799e-244
2,3.103186397784799e-244
3,3.103186397784799e-244
4,3.103186397784799e-244
5,3.103186397784799e-244
