epoch,gBest_fitness
1,1.5297844709414085e-169
2,1.5297844709414085e-169
3,3.1834580158883974e-177
4,3.1834580158883974e-177
5,3.1834580158883974e-177
