epoch,gBest_fitness
1,1.1481781962840345e-30
2,3.4137740113035986e-37
3,3.4137740113035986e-37
4,3.4137740113035986e-37
5,3.4137740113035986e-37
