epoch,gBest_fitness
1,7.040581372970615e-240
2,7.040581372970615e-240
3,7.040581372970615e-240
4,7.040581372970615e-240
5,7.040581372970615e-240
