epoch,gBest_fitness
1,6.671611267465587e-175
2,5.201318470246346e-185
3,5.201318470246346e-185
4,5.201318470246346e-185
5,5.201318470246346e-185
