epoch,gBest_fitness
1,8.949191999110235e-22
2,8.949191999110235e-22
3,2.7231626930974016e-22
4,5.250779952398854e-31
5,5.250779952398854e-31
