epoch,gBest_fitness
1,3.107046361933849e-26
2,2.1561808535845773e-30
3,1.3210042882170489e-45
4,1.3210042882170489e-45
5,1.3210042882170489e-45
