epoch,gBest_fitness
1,4.6452517536237297e-175
2,4.6452517536237297e-175
3,4.6452517536237297e-175
4,1.6687058336253724e-181
5,1.6687058336253724e-181
