epoch,gBest_fitness
1,1.0024473700549841e-25
2,2.8431622107890544e-36
3,2.8431622107890544e-36
4,2.8431622107890544e-36
5,2.1364620877298078e-43
