epoch,gBest_fitness
1,8.0814646404794e-208
2,5.186895372377033e-236
3,5.186895372377033e-236
4,2.3560545906677513e-241
5,1.0048686943424945e-250
