epoch,gBest_fitness
1,3.579317328238483e-172
2,1.053191339178077e-185
3,1.053191339178077e-185
4,1.053191339178077e-185
5,1.053191339178077e-185
