epoch,gBest_fitness
1,5.1031892151199694e-23
2,4.819478434261242e-27
3,4.819478434261242e-27
4,1.0942887805731686e-28
5,1.0942887805731686e-28
