epoch,gBest_fitness
1,2.7500806226101107e-219
2,2.7500806226101107e-219
3,9.54560452567822e-232
4,4.501033049613094e-248
5,4.501033049613094e-248
