epoch,gBest_fitness
1,4.538939130248665e-173
2,4.538939130248665e-173
3,8.133046860024131e-189
4,8.133046860024131e-189
5,8.133046860024131e-189
