"combination [m, n, l1, l2, ep_max, c1, c2]",gBest_fitness
1,2.01817044205051e-278
2,2.01817044205051e-278
3,2.01817044205051e-278
4,4.837761153574393e-292
5,4.837761153574393e-292
