epoch,gBest_fitness
1,1.0111195804347663e-177
2,1.0111195804347663e-177
3,1.0111195804347663e-177
4,1.0111195804347663e-177
5,1.0111195804347663e-177
