epoch,gBest_fitness
1,1.693168517864128e-26
2,5.909355870277373e-30
3,2.4908185826529437e-31
4,2.4908185826529437e-31
5,1.2844933873874205e-37
