epoch,gBest_fitness
1,1.5582299162961248e-27
2,2.0523870803619034e-35
3,2.0523870803619034e-35
4,1.1383268482202323e-39
5,1.1383268482202323e-39
