epoch,gBest_fitness
1,5.8482348175688816e-182
2,1.6525542816165284e-192
3,1.6525542816165284e-192
4,1.6525542816165284e-192
5,1.6525542816165284e-192
