epoch,gBest_fitness
1,1.0070258209687153e-30
2,7.442703752751143e-31
3,4.29790305882435e-36
4,1.9386272225869649e-47
5,1.9386272225869649e-47
