epoch,gBest_fitness
1,6.32763706379899e-221
2,7.400498026829403e-232
3,4.752256672772948e-234
4,4.752256672772948e-234
5,4.752256672772948e-234
