epoch,gBest_fitness
1,2.0839078417173073e-229
2,2.0839078417173073e-229
3,2.0839078417173073e-229
4,2.815629162413537e-243
5,2.815629162413537e-243
