epoch,gBest_fitness
1,3.5499750926288507e-247
2,2.9174212270314643e-272
3,2.9174212270314643e-272
4,2.9174212270314643e-272
5,2.9174212270314643e-272
