epoch,gBest_fitness
1,7.301455093143998e-28
2,7.301455093143998e-28
3,3.501951496738292e-34
4,3.501951496738292e-34
5,3.501951496738292e-34
