epoch,gBest_fitness
1,1.0225682951526921e-39
2,1.0225682951526921e-39
3,1.0225682951526921e-39
4,1.0225682951526921e-39
5,1.0225682951526921e-39
