epoch,gBest_fitness
1,1.0535414359198416e-30
2,5.664917910523993e-35
3,1.0595969618352077e-35
4,1.4603901980443553e-38
5,1.4603901980443553e-38
