epoch,gBest_fitness
1,2.3407179633644514e-38
2,2.3407179633644514e-38
3,2.3407179633644514e-38
4,2.3407179633644514e-38
5,2.3407179633644514e-38
