epoch,gBest_fitness
1,8.309476852800746e-33
2,5.860608865771055e-43
3,5.860608865771055e-43
4,5.860608865771055e-43
5,5.860608865771055e-43
