epoch,gBest_fitness
1,5.126364542139184e-191
2,5.126364542139184e-191
3,5.126364542139184e-191
4,1.1236577846123782e-193
5,1.1236577846123782e-193
