epoch,gBest_fitness
1,3.1160608116575224e-179
2,3.1160608116575224e-179
3,3.1160608116575224e-179
4,2.880472892342007e-179
5,5.420497652308508e-197
