epoch,gBest_fitness
1,1.5807592051139353e-233
2,1.5807592051139353e-233
3,1.5807592051139353e-233
4,1.5807592051139353e-233
5,1.5807592051139353e-233
