epoch,gBest_fitness
1,2.781050901609236e-160
2,1.1782229741597045e-166
3,4.6946165768541975e-176
4,4.2863312759753995e-184
5,4.2863312759753995e-184
