epoch,gBest_fitness
1,1.1484331962217142e-219
2,2.3609030943432723e-224
3,1.4780937574966145e-229
4,9.152557068865668e-230
5,5.196987529524569e-254
