epoch,gBest_fitness
1,6.788888487500712e-232
2,5.506379108413987e-234
3,5.506379108413987e-234
4,5.506379108413987e-234
5,4.5655578646442683e-234
