epoch,gBest_fitness
1,4.610882172560931e-40
2,4.610882172560931e-40
3,4.610882172560931e-40
4,4.610882172560931e-40
5,4.610882172560931e-40
