"combination [m, n, l1, l2, ep_max, c1, c2]",gBest_fitness
1,1.221711621488267e-133
2,1.221711621488267e-133
3,1.221711621488267e-133
4,1.221711621488267e-133
5,1.221711621488267e-133
