epoch,gBest_fitness
1,5.7936971039372984e-30
2,1.60432640375407e-43
3,1.60432640375407e-43
4,1.60432640375407e-43
5,1.60432640375407e-43
