epoch,gBest_fitness
1,4.144838620173315e-236
2,4.144838620173315e-236
3,6.982812010365619e-239
4,6.982812010365619e-239
5,6.982812010365619e-239
1,5.641396022796512e-223
2,5.998068386267232e-233
3,5.998068386267232e-233
4,3.369459252765565e-234
5,5.4973129396891854e-250
