epoch,gBest_fitness
1,3.211966518296436e-31
2,3.211966518296436e-31
3,6.8783589658748385e-37
4,4.6158207183829744e-42
5,4.6158207183829744e-42
