epoch,gBest_fitness
1,7.230642492693276e-30
2,7.230642492693276e-30
3,7.230642492693276e-30
4,7.230642492693276e-30
5,7.230642492693276e-30
