epoch,gBest_fitness
1,4.4782216806760414e-27
2,4.4782216806760414e-27
3,1.200040244400548e-47
4,1.200040244400548e-47
5,1.200040244400548e-47
