epoch,gBest_fitness
1,6.962243817556853e-180
2,6.962243817556853e-180
3,1.2865699267396687e-181
4,1.2865699267396687e-181
5,1.2865699267396687e-181
