epoch,gBest_fitness
1,4.335310850149064e-34
2,4.335310850149064e-34
3,2.1079329980379328e-38
4,2.1079329980379328e-38
5,2.1079329980379328e-38
