epoch,gBest_fitness
1,3.713331140155747e-36
2,3.713331140155747e-36
3,2.7094561556531e-37
4,2.7094561556531e-37
5,2.7094561556531e-37
