epoch,gBest_fitness
1,2.2719615288078625e-182
2,2.2719615288078625e-182
3,2.1785192149944314e-184
4,2.1785192149944314e-184
5,2.1785192149944314e-184
