epoch,gBest_fitness
1,2.6330566876826866e-169
2,3.095384927718821e-179
3,3.095384927718821e-179
4,3.095384927718821e-179
5,3.095384927718821e-179
