epoch,gBest_fitness
1,2.0906805723856057e-170
2,5.903597311339024e-190
3,5.903597311339024e-190
4,5.903597311339024e-190
5,5.903597311339024e-190
