epoch,gBest_fitness
1,7.170361296576571e-29
2,7.170361296576571e-29
3,7.170361296576571e-29
4,7.170361296576571e-29
5,7.170361296576571e-29
