epoch,gBest_fitness
1,3.830364356740739e-32
2,3.830364356740739e-32
3,3.830364356740739e-32
4,3.830364356740739e-32
5,3.830364356740739e-32
