epoch,gBest_fitness
1,6.38215241939843e-30
2,6.38215241939843e-30
3,6.38215241939843e-30
4,1.4871087113280173e-32
5,1.4871087113280173e-32
