epoch,gBest_fitness
1,4.827299853403117e-20
2,4.2953260924208074e-36
3,4.2953260924208074e-36
4,4.2953260924208074e-36
5,4.2953260924208074e-36
