epoch,gBest_fitness
1,3.936799989948621e-226
2,3.936799989948621e-226
3,5.546230313348591e-227
4,2.4751252437617427e-245
5,2.4751252437617427e-245
