epoch,gBest_fitness
1,2.7387785665373254e-193
2,2.7387785665373254e-193
3,2.7387785665373254e-193
4,2.7387785665373254e-193
5,2.7387785665373254e-193
