epoch,gBest_fitness
1,8.158358810191664e-29
2,1.818079457370627e-29
3,1.6375478699047623e-33
4,1.6375478699047623e-33
5,1.6375478699047623e-33
