epoch,gBest_fitness
1,3.408819869515933e-24
2,6.2840566164744055e-31
3,6.2840566164744055e-31
4,6.39641771558794e-32
5,6.39641771558794e-32
