"combination [m, n, l1, l2, ep_max, c1, c2]",gBest_fitness
1,8.894931618597437e-266
2,8.894931618597437e-266
3,8.894931618597437e-266
4,4.953518749808803e-272
5,4.658257203288271e-276
