epoch,gBest_fitness
1,5.422320986600362e-29
2,5.422320986600362e-29
3,5.422320986600362e-29
4,9.99911908479504e-38
5,1.6603449639388179e-40
