epoch,gBest_fitness
1,6.071640915312204e-177
2,6.071640915312204e-177
3,2.41198396007838e-179
4,2.41198396007838e-179
5,2.41198396007838e-179
