epoch,gBest_fitness
1,1.137725876978646e-246
2,1.137725876978646e-246
3,1.137725876978646e-246
4,1.137725876978646e-246
5,1.137725876978646e-246
