epoch,gBest_fitness
1,3.343182094382259e-30
2,3.343182094382259e-30
3,3.343182094382259e-30
4,3.343182094382259e-30
5,8.882268421116708e-32
