epoch,gBest_fitness
1,4.144838620173315e-236
2,4.144838620173315e-236
3,6.982812010365619e-239
4,6.982812010365619e-239
5,6.982812010365619e-239
