epoch,gBest_fitness
1,1.8441430704968072e-25
2,1.5040649978132687e-29
3,1.5040649978132687e-29
4,2.763034711781667e-30
5,1.3381344801618772e-30
