epoch,gBest_fitness
1,3.1984149441766096e-40
2,2.7067974388952775e-41
3,2.7067974388952775e-41
4,2.7067974388952775e-41
5,2.7067974388952775e-41
