epoch,gBest_fitness
1,3.4376570140397173e-32
2,1.349508741537227e-37
3,1.349508741537227e-37
4,1.349508741537227e-37
5,1.349508741537227e-37
