epoch,gBest_fitness
1,5.124275340770683e-185
2,5.124275340770683e-185
3,5.124275340770683e-185
4,5.124275340770683e-185
5,5.124275340770683e-185
