epoch,gBest_fitness
1,4.7469527603526545e-34
2,4.7469527603526545e-34
3,4.7469527603526545e-34
4,4.7469527603526545e-34
5,4.7469527603526545e-34
