epoch,gBest_fitness
1,8.002095662080454e-214
2,8.002095662080454e-214
3,1.3012888540829265e-217
4,3.848386138710998e-220
5,3.848386138710998e-220
