epoch,gBest_fitness
1,1.558664385893114e-236
2,4.67634479023821e-239
3,4.67634479023821e-239
4,4.67634479023821e-239
5,4.67634479023821e-239
