epoch,gBest_fitness
1,1.3153266181827987e-25
2,8.881117253024956e-28
3,8.881117253024956e-28
4,8.881117253024956e-28
5,1.0802037793910191e-36
