epoch,gBest_fitness
1,6.04052469937226e-169
2,5.954828043316063e-171
3,2.181473625260998e-189
4,2.181473625260998e-189
5,2.181473625260998e-189
