epoch,gBest_fitness
1,1.7292820192791917e-28
2,1.0345576212136744e-33
3,1.0716294530518151e-38
4,1.0716294530518151e-38
5,1.0716294530518151e-38
