epoch,gBest_fitness
1,4.4829909697483203e-175
2,3.119695642305487e-179
3,6.918710487610825e-195
4,6.918710487610825e-195
5,6.918710487610825e-195
