"combination [m, n, l1, l2, ep_max, c1, c2]",gBest_fitness
1,7.383795309717337e-286
2,7.383795309717337e-286
3,7.383795309717337e-286
4,7.383795309717337e-286
5,3.020878860559262e-292
