epoch,gBest_fitness
1,6.279465709805994e-172
2,1.4694045316793567e-189
3,1.7307104177393554e-194
4,1.7307104177393554e-194
5,1.7307104177393554e-194
