epoch,gBest_fitness
1,5.895378489929903e-38
2,5.895378489929903e-38
3,5.895378489929903e-38
4,5.895378489929903e-38
5,5.895378489929903e-38
