epoch,gBest_fitness
1,4.765235696050632e-24
2,1.4620904822242265e-31
3,1.4620904822242265e-31
4,4.914275172204582e-39
5,4.914275172204582e-39
