epoch,gBest_fitness
1,3.2467151220792077e-22
2,1.262506677868607e-26
3,4.8364806009088685e-30
4,4.8364806009088685e-30
5,4.8364806009088685e-30
