epoch,gBest_fitness
1,8.074030727033389e-27
2,8.074030727033389e-27
3,5.53297518064663e-33
4,5.53297518064663e-33
5,5.53297518064663e-33
