epoch,gBest_fitness
1,6.761296608597524e-31
2,6.761296608597524e-31
3,6.761296608597524e-31
4,8.722503832876511e-36
5,8.722503832876511e-36
