epoch,gBest_fitness
1,2.341559773078577e-36
2,2.341559773078577e-36
3,2.341559773078577e-36
4,2.341559773078577e-36
5,2.341559773078577e-36
