epoch,gBest_fitness
1,1.5591038387130102e-24
2,1.499217085649356e-26
3,1.7431425476808352e-36
4,1.7431425476808352e-36
5,1.7431425476808352e-36
