epoch,gBest_fitness
1,6.000841110930408e-43
2,6.000841110930408e-43
3,6.000841110930408e-43
4,6.000841110930408e-43
5,6.000841110930408e-43
