epoch,gBest_fitness
1,3.030595908385921e-154
2,8.521067939831671e-181
3,8.521067939831671e-181
4,2.844976783203558e-189
5,2.844976783203558e-189
