epoch,gBest_fitness
1,6.746585323538328e-203
2,1.8139757668185768e-233
3,4.8752920480956925e-248
4,4.8752920480956925e-248
5,4.8752920480956925e-248
