epoch,gBest_fitness
1,1.817788183752178e-29
2,1.817788183752178e-29
3,2.5860574719601383e-37
4,2.5860574719601383e-37
5,2.5860574719601383e-37
