epoch,gBest_fitness
1,1.2550948627452561e-243
2,1.2550948627452561e-243
3,1.2550948627452561e-243
4,1.2550948627452561e-243
5,1.2550948627452561e-243
