epoch,gBest_fitness
1,8.006011561107123e-225
2,8.006011561107123e-225
3,8.006011561107123e-225
4,1.6624805249423215e-225
5,2.4516827986202326e-257
