epoch,gBest_fitness
1,2.895663157264904e-177
2,2.895663157264904e-177
3,2.895663157264904e-177
4,2.895663157264904e-177
5,2.15240087867101e-180
