epoch,gBest_fitness
1,5.517594441919304e-27
2,6.157885185913636e-37
3,6.157885185913636e-37
4,6.157885185913636e-37
5,6.157885185913636e-37
