epoch,gBest_fitness
1,5.776192331181343e-28
2,1.5007320748769817e-33
3,1.5007320748769817e-33
4,1.5007320748769817e-33
5,1.5007320748769817e-33
