epoch,gBest_fitness
1,2.1365749665554914e-168
2,2.1365749665554914e-168
3,1.7916716363655866e-183
4,1.7916716363655866e-183
5,1.7916716363655866e-183
