epoch,gBest_fitness
1,1.3483238288720538e-165
2,1.4661285779617905e-207
3,1.4661285779617905e-207
4,1.4661285779617905e-207
5,1.4661285779617905e-207
