epoch,gBest_fitness
1,9.25402671252441e-26
2,9.227410373734397e-26
3,3.0136013102065734e-29
4,3.0136013102065734e-29
5,3.0136013102065734e-29
