epoch,gBest_fitness
1,2.4058932557532268e-39
2,2.4058932557532268e-39
3,2.4058932557532268e-39
4,2.4058932557532268e-39
5,2.4058932557532268e-39
