epoch,gBest_fitness
1,1.1389931221490333e-198
2,3.9459398745148924e-207
3,1.5953026085007214e-219
4,2.3994079357703567e-231
5,8.94103003484039e-242
