epoch,gBest_fitness
1,2.193522418893248e-33
2,2.193522418893248e-33
3,2.193522418893248e-33
4,2.193522418893248e-33
5,2.193522418893248e-33
