epoch,gBest_fitness
1,8.368976244305872e-183
2,8.368976244305872e-183
3,8.368976244305872e-183
4,8.368976244305872e-183
5,8.368976244305872e-183
