epoch,gBest_fitness
1,1.5946177081806727e-183
2,1.5946177081806727e-183
3,1.5946177081806727e-183
4,1.5946177081806727e-183
5,1.5946177081806727e-183
