epoch,gBest_fitness
1,1.402083909815051e-171
2,1.402083909815051e-171
3,1.402083909815051e-171
4,2.8877276205916785e-178
5,2.8877276205916785e-178
