epoch,gBest_fitness
1,3.6384463010514473e-31
2,1.6002329433992975e-34
3,1.6002329433992975e-34
4,1.6002329433992975e-34
5,7.357097104758043e-35
