epoch,gBest_fitness
1,2.7247187914897658e-230
2,4.269197712299717e-233
3,4.269197712299717e-233
4,7.854785287581179e-250
5,7.854785287581179e-250
