epoch,gBest_fitness
1,8.48177495541478e-168
2,8.48177495541478e-168
3,8.48177495541478e-168
4,3.733002537586035e-191
5,3.733002537586035e-191
