epoch,gBest_fitness
1,1.0049335143925945e-173
2,7.952322900113267e-174
3,4.0222085142221266e-197
4,4.0222085142221266e-197
5,4.0222085142221266e-197
