epoch,gBest_fitness
1,1.9968917206622393e-15
2,2.31256425170224e-25
3,2.31256425170224e-25
4,2.9996700675378577e-32
5,2.9996700675378577e-32
