epoch,gBest_fitness
1,1.3443169500055122e-217
2,1.8163860826971384e-245
3,1.8163860826971384e-245
4,1.8163860826971384e-245
5,1.8163860826971384e-245
