epoch,gBest_fitness
1,6.017701485318699e-32
2,6.017701485318699e-32
3,3.904121890185834e-33
4,3.904121890185834e-33
5,3.904121890185834e-33
