epoch,gBest_fitness
1,3.587627336422133e-25
2,3.587627336422133e-25
3,1.2830090434338973e-33
4,1.2830090434338973e-33
5,2.2053305269278113e-37
