epoch,gBest_fitness
1,6.656179264980838e-172
2,1.1785010891526528e-177
3,1.1785010891526528e-177
4,1.1785010891526528e-177
5,1.1785010891526528e-177
