epoch,gBest_fitness
1,1.1728085807360137e-23
2,1.5540955263682712e-30
3,1.5540955263682712e-30
4,1.4659188001763028e-30
5,1.4659188001763028e-30
