epoch,gBest_fitness
1,7.033235121374367e-24
2,1.9507991449010575e-27
3,1.9507991449010575e-27
4,7.757044586201412e-34
5,7.757044586201412e-34
