epoch,gBest_fitness
1,1.928843798022897e-201
2,1.928843798022897e-201
3,1.928843798022897e-201
4,1.928843798022897e-201
5,1.928843798022897e-201
