epoch,gBest_fitness
1,4.682896528306468e-23
2,4.682896528306468e-23
3,1.51752755038952e-43
4,1.51752755038952e-43
5,1.51752755038952e-43
