epoch,gBest_fitness
1,8.185753506779812e-179
2,1.0829894292228452e-187
3,1.0829894292228452e-187
4,1.2814232950938417e-191
5,1.2814232950938417e-191
