epoch,gBest_fitness
1,2.7293280555877547e-180
2,2.7293280555877547e-180
3,2.7293280555877547e-180
4,6.471825293339379e-188
5,6.471825293339379e-188
