epoch,gBest_fitness
1,1.0814237483191065e-22
2,2.0441274603289086e-36
3,2.0441274603289086e-36
4,2.0441274603289086e-36
5,2.0441274603289086e-36
