epoch,gBest_fitness
1,1.1317108074117665e-24
2,5.57502015118336e-41
3,5.57502015118336e-41
4,5.57502015118336e-41
5,5.57502015118336e-41
