epoch,gBest_fitness
1,1.392737111100367e-26
2,1.6426898402461147e-30
3,2.390828719303191e-37
4,2.390828719303191e-37
5,2.390828719303191e-37
