epoch,gBest_fitness
1,1.1015931759870405e-178
2,2.036967883017848e-181
3,2.036967883017848e-181
4,2.036967883017848e-181
5,2.036967883017848e-181
