epoch,gBest_fitness
1,1.5607547861540164e-170
2,2.0578008565800673e-188
3,9.213246524268314e-207
4,9.213246524268314e-207
5,9.213246524268314e-207
