epoch,gBest_fitness
1,9.06895103959248e-165
2,4.920068274940443e-187
3,4.920068274940443e-187
4,4.920068274940443e-187
5,4.920068274940443e-187
