epoch,gBest_fitness
1,1.0850164062554786e-24
2,4.129618774936768e-30
3,3.5441751190809415e-41
4,1.215310940476312e-44
5,1.215310940476312e-44
