epoch,gBest_fitness
1,9.211095042104159e-233
2,7.052962362440334e-257
3,7.052962362440334e-257
4,7.052962362440334e-257
5,7.052962362440334e-257
