epoch,gBest_fitness
1,2.71815719070718e-190
2,2.71815719070718e-190
3,9.042181761305896e-197
4,9.042181761305896e-197
5,9.042181761305896e-197
