epoch,gBest_fitness
1,3.8536523142052955e-163
2,3.8536523142052955e-163
3,1.0168261815906877e-172
4,1.0168261815906877e-172
5,1.0168261815906877e-172
