epoch,gBest_fitness
1,4.1823862550056807e-218
2,6.4498446106869006e-229
3,6.4498446106869006e-229
4,6.4498446106869006e-229
5,6.4498446106869006e-229
