epoch,gBest_fitness
1,3.278504420181535e-190
2,3.278504420181535e-190
3,3.278504420181535e-190
4,3.278504420181535e-190
5,3.278504420181535e-190
