epoch,gBest_fitness
1,8.64118089663011e-25
2,8.64118089663011e-25
3,1.478215685189428e-25
4,2.100036593420545e-33
5,6.932765062971692e-36
