epoch,gBest_fitness
1,3.2254448368981e-152
2,2.909460661895575e-170
3,1.092705061197101e-192
4,1.092705061197101e-192
5,1.092705061197101e-192
