epoch,gBest_fitness
1,1.739445034101219e-164
2,1.724578713934614e-197
3,1.724578713934614e-197
4,1.724578713934614e-197
5,1.724578713934614e-197
