epoch,gBest_fitness
1,3.544735908919052e-185
2,3.544735908919052e-185
3,3.880301819595237e-201
4,3.880301819595237e-201
5,3.880301819595237e-201
