epoch,gBest_fitness
1,5.500343450509227e-266
2,5.500343450509227e-266
3,5.500343450509227e-266
4,5.500343450509227e-266
5,5.500343450509227e-266
