epoch,gBest_fitness
1,6.871547665920798e-36
2,5.919890952455545e-36
3,1.631145542832966e-36
4,6.683923308958163e-45
5,6.683923308958163e-45
