epoch,gBest_fitness
1,2.233084153298619e-213
2,1.2083484224197548e-240
3,1.2083484224197548e-240
4,1.2083484224197548e-240
5,4.277595967266428e-252
