epoch,gBest_fitness
1,6.2645474690922685e-211
2,1.3716651075410937e-224
3,1.3716651075410937e-224
4,3.6710736796146756e-257
5,3.6710736796146756e-257
