epoch,gBest_fitness
1,5.946831201781266e-224
2,1.05870325910991e-247
3,1.05870325910991e-247
4,1.05870325910991e-247
5,1.05870325910991e-247
