epoch,gBest_fitness
1,3.371447683775926e-42
2,3.371447683775926e-42
3,3.371447683775926e-42
4,3.371447683775926e-42
5,3.371447683775926e-42
