epoch,gBest_fitness
1,4.811945600596657e-31
2,2.6208673039662337e-37
3,2.6208673039662337e-37
4,3.3392501786461564e-40
5,3.3392501786461564e-40
