epoch,gBest_fitness
1,5.680100649314436e-26
2,3.5612541638158036e-31
3,3.5612541638158036e-31
4,3.5612541638158036e-31
5,9.74885206911289e-32
