"combination [m, n, l1, l2, ep_max, c1, c2]",gBest_fitness
1,3.817736482781663e-263
2,3.817736482781663e-263
3,2.222818685918892e-279
4,2.222818685918892e-279
5,2.222818685918892e-279
