"combination [m, n, l1, l2, ep_max, c1, c2]",gBest_fitness
1,9.798108861893434e-232
2,9.798108861893434e-232
3,9.798108861893434e-232
4,9.798108861893434e-232
5,9.798108861893434e-232
