epoch,gBest_fitness
1,1.9206801071044743e-29
2,4.054816028260892e-32
3,3.3160479136522882e-37
4,3.3160479136522882e-37
5,3.3160479136522882e-37
