epoch,gBest_fitness
1,2.2901110310202923e-214
2,7.863786376779463e-229
3,3.5415358205271085e-243
4,3.5415358205271085e-243
5,3.5415358205271085e-243
