epoch,gBest_fitness
1,8.513935916301612e-28
2,8.513935916301612e-28
3,8.513935916301612e-28
4,8.513935916301612e-28
5,8.513935916301612e-28
