epoch,gBest_fitness
1,1.50640367503034e-224
2,1.0153425289163789e-246
3,1.0153425289163789e-246
4,1.932973527432531e-256
5,1.932973527432531e-256
