epoch,gBest_fitness
1,5.890008623274398e-22
2,3.3335809710960456e-33
3,3.3335809710960456e-33
4,2.1057541218963738e-33
5,2.1057541218963738e-33
