epoch,gBest_fitness
1,1.1575885990834732e-23
2,1.3502271698286934e-24
3,6.195000153366017e-32
4,6.195000153366017e-32
5,6.195000153366017e-32
