epoch,gBest_fitness
1,4.4750373994205734e-244
2,4.4750373994205734e-244
3,4.4750373994205734e-244
4,4.4750373994205734e-244
5,4.4750373994205734e-244
