epoch,gBest_fitness
1,6.587865217224435e-26
2,3.3823459803668805e-27
3,9.885400011236039e-30
4,9.885400011236039e-30
5,9.885400011236039e-30
