epoch,gBest_fitness
1,1.879602191014018e-33
2,4.335942019575019e-38
3,4.335942019575019e-38
4,4.335942019575019e-38
5,4.335942019575019e-38
