epoch,gBest_fitness
1,1.2087113954242285e-25
2,3.0823058044984234e-38
3,3.0823058044984234e-38
4,3.0823058044984234e-38
5,3.0823058044984234e-38
