epoch,gBest_fitness
1,7.420016410369886e-22
2,6.013884473270292e-31
3,5.878995400174317e-32
4,5.878995400174317e-32
5,3.057939225008678e-34
