epoch,gBest_fitness
1,4.588875438238723e-27
2,9.079316484608287e-41
3,9.079316484608287e-41
4,9.079316484608287e-41
5,9.079316484608287e-41
