epoch,gBest_fitness
1,1.56321401072803e-24
2,4.882509549949174e-32
3,4.882509549949174e-32
4,4.882509549949174e-32
5,4.882509549949174e-32
