epoch,gBest_fitness
1,3.7523629698280703e-215
2,5.0118830209499375e-251
3,5.0118830209499375e-251
4,5.0118830209499375e-251
5,5.0118830209499375e-251
