epoch,gBest_fitness
1,5.177037749848668e-185
2,5.177037749848668e-185
3,5.177037749848668e-185
4,5.177037749848668e-185
5,5.177037749848668e-185
