epoch,gBest_fitness
1,8.149536182727753e-33
2,8.149536182727753e-33
3,8.149536182727753e-33
4,8.149536182727753e-33
5,8.112367222784998e-44
