epoch,gBest_fitness
1,5.1050250460782976e-219
2,5.1050250460782976e-219
3,1.1445117116100729e-240
4,1.1445117116100729e-240
5,1.1445117116100729e-240
