epoch,gBest_fitness
1,8.351502647473397e-21
2,8.351502647473397e-21
3,4.929838061774417e-49
4,4.929838061774417e-49
5,4.929838061774417e-49
