epoch,gBest_fitness
1,5.607572813916321e-176
2,5.607572813916321e-176
3,5.607572813916321e-176
4,3.175497781185098e-179
5,1.1283831435467231e-189
