epoch,gBest_fitness
1,3.5665285813601024e-33
2,1.4930885296508668e-36
3,1.4930885296508668e-36
4,1.4930885296508668e-36
5,2.5949701144870525e-37
