epoch,gBest_fitness
1,2.3928011460340704e-162
2,3.0126879560758544e-166
3,3.0626371138184237e-187
4,3.0626371138184237e-187
5,2.7130803612458774e-187
