epoch,gBest_fitness
1,6.550759784365579e-227
2,3.357129455387519e-248
3,3.357129455387519e-248
4,3.357129455387519e-248
5,3.357129455387519e-248
