epoch,gBest_fitness
1,9.081586654544122e-23
2,2.290315736229165e-28
3,3.728292986636822e-33
4,3.728292986636822e-33
5,3.728292986636822e-33
