epoch,gBest_fitness
1,2.5204513449343816e-178
2,2.5204513449343816e-178
3,2.5204513449343816e-178
4,2.5204513449343816e-178
5,2.5204513449343816e-178
