epoch,gBest_fitness
1,1.1797468665385197e-181
2,9.857547459055632e-202
3,9.857547459055632e-202
4,9.857547459055632e-202
5,9.857547459055632e-202
