epoch,gBest_fitness
1,5.718672119725254e-166
2,2.863633463258295e-178
3,2.863633463258295e-178
4,3.85087526980243e-184
5,3.85087526980243e-184
