epoch,gBest_fitness
1,9.975802354981998e-31
2,8.828390420894859e-33
3,8.828390420894859e-33
4,8.828390420894859e-33
5,8.828390420894859e-33
