epoch,gBest_fitness
1,4.510165122937121e-33
2,4.510165122937121e-33
3,2.7816030253929147e-33
4,2.7816030253929147e-33
5,2.7816030253929147e-33
