epoch,gBest_fitness
1,4767.212352148762
2,310.7912304400831
3,289.2846026340617
4,268.66838177954247
5,75.30437282816077
6,75.30437282816077
7,0.013421832902471564
8,5.018251769683957e-07
9,6.80408600572946e-08
10,6.80408600572946e-08
11,6.80408600572946e-08
12,6.80408600572946e-08
13,6.80408600572946e-08
14,6.80408600572946e-08
15,6.80408600572946e-08
16,6.80408600572946e-08
17,4.4357433282016245e-08
18,4.4357433282016245e-08
19,4.4357433282016245e-08
20,4.4357433282016245e-08
21,4.4357433282016245e-08
22,4.4357433282016245e-08
23,4.4357433282016245e-08
24,4.4357433282016245e-08
25,4.4357433282016245e-08
26,4.4357433282016245e-08
27,4.4357433282016245e-08
28,4.4357433282016245e-08
29,4.4357433282016245e-08
30,4.4357433282016245e-08
31,4.4357433282016245e-08
32,4.4357433282016245e-08
33,4.4357433282016245e-08
34,4.4357433282016245e-08
35,4.4357433282016245e-08
36,4.4357433282016245e-08
37,4.4357433282016245e-08
38,4.4357433282016245e-08
39,4.4357433282016245e-08
40,4.4357433282016245e-08
41,4.4357433282016245e-08
42,2.9063578210752894e-09
43,2.9063578210752894e-09
44,2.9063578210752894e-09
45,2.6849544809692816e-09
46,2.6849544809692816e-09
47,2.6849544809692816e-09
48,2.6849544809692816e-09
49,2.6849544809692816e-09
50,7.20358883654626e-10
51,7.20358883654626e-10
52,1.2310152897043736e-12
53,4.1389114358025836e-13
54,3.1796787425264483e-13
55,1.7763568394002505e-15
56,1.7763568394002505e-15
57,1.7763568394002505e-15
58,0.0
59,0.0
60,0.0
61,0.0
62,0.0
63,0.0
64,0.0
65,0.0
66,0.0
67,0.0
68,0.0
69,0.0
70,0.0
71,0.0
72,0.0
73,0.0
74,0.0
75,0.0
76,0.0
77,0.0
78,0.0
79,0.0
80,0.0
81,0.0
82,0.0
83,0.0
84,0.0
85,0.0
86,0.0
87,0.0
88,0.0
89,0.0
90,0.0
91,0.0
92,0.0
93,0.0
94,0.0
95,0.0
96,0.0
97,0.0
98,0.0
99,0.0
100,0.0
101,0.0
102,0.0
103,0.0
104,0.0
105,0.0
106,0.0
107,0.0
108,0.0
109,0.0
110,0.0
111,0.0
112,0.0
113,0.0
114,0.0
115,0.0
116,0.0
117,0.0
118,0.0
119,0.0
120,0.0
121,0.0
122,0.0
123,0.0
124,0.0
125,0.0
126,0.0
127,0.0
128,0.0
129,0.0
130,0.0
131,0.0
132,0.0
133,0.0
134,0.0
135,0.0
136,0.0
137,0.0
138,0.0
139,0.0
140,0.0
141,0.0
142,0.0
143,0.0
144,0.0
145,0.0
146,0.0
147,0.0
148,0.0
149,0.0
150,0.0
