epoch,gBest_fitness
1,248.79463534770235
2,248.17257236351134
3,1.0733504717459255
4,1.0733504717459255
5,0.12687205534528623
6,0.04329834760316764
7,0.04329834760316764
8,0.04329834760316764
9,0.006188765993860201
10,0.006188765993860201
11,0.0004419290156629785
12,0.00031530270937984994
13,0.00031530270937984994
14,0.0003039061315117664
15,0.0003039061315117664
16,1.9663293642224744e-05
17,1.8458630632878226e-05
18,1.8458630632878226e-05
19,1.8458630632878226e-05
20,1.8458630632878226e-05
21,1.8458630632878226e-05
22,1.8458630632878226e-05
23,1.8458630632878226e-05
24,1.8458630632878226e-05
25,6.28076470832184e-07
26,4.918363618600097e-07
27,4.918363618600097e-07
28,4.918363618600097e-07
29,4.918363618600097e-07
30,4.918363618600097e-07
31,1.4434753481396e-07
32,3.1767335428867227e-09
33,3.1767335428867227e-09
34,3.1767335428867227e-09
35,8.669687190376862e-11
36,8.669687190376862e-11
37,8.669687190376862e-11
38,8.669687190376862e-11
39,8.669687190376862e-11
40,7.988276706782926e-11
41,7.988276706782926e-11
42,7.987566164047166e-11
43,7.987566164047166e-11
44,1.794830950530013e-11
45,1.794830950530013e-11
46,1.794830950530013e-11
47,1.794830950530013e-11
48,1.48894230278529e-11
49,4.334310688136611e-13
50,4.334310688136611e-13
51,4.334310688136611e-13
52,4.334310688136611e-13
53,1.7408297026122455e-13
54,1.7408297026122455e-13
55,6.572520305780927e-14
56,6.572520305780927e-14
57,3.552713678800501e-14
58,3.552713678800501e-14
59,3.552713678800501e-14
60,3.552713678800501e-14
61,3.552713678800501e-14
62,3.552713678800501e-14
63,3.552713678800501e-14
64,3.552713678800501e-14
65,3.552713678800501e-14
66,3.552713678800501e-14
67,0.0
68,0.0
69,0.0
70,0.0
71,0.0
72,0.0
73,0.0
74,0.0
75,0.0
76,0.0
77,0.0
78,0.0
79,0.0
80,0.0
81,0.0
82,0.0
83,0.0
84,0.0
85,0.0
86,0.0
87,0.0
88,0.0
89,0.0
90,0.0
91,0.0
92,0.0
93,0.0
94,0.0
95,0.0
96,0.0
97,0.0
98,0.0
99,0.0
100,0.0
101,0.0
102,0.0
103,0.0
104,0.0
105,0.0
106,0.0
107,0.0
108,0.0
109,0.0
110,0.0
111,0.0
112,0.0
113,0.0
114,0.0
115,0.0
116,0.0
117,0.0
118,0.0
119,0.0
120,0.0
121,0.0
122,0.0
123,0.0
124,0.0
125,0.0
126,0.0
127,0.0
128,0.0
129,0.0
130,0.0
131,0.0
132,0.0
133,0.0
134,0.0
135,0.0
136,0.0
137,0.0
138,0.0
139,0.0
140,0.0
141,0.0
142,0.0
143,0.0
144,0.0
145,0.0
146,0.0
147,0.0
148,0.0
149,0.0
150,0.0
