epoch,gBest_fitness
1,5292.597581757616
2,3423.027897973516
3,800.2214416664194
4,492.59741934878247
5,117.45981935334612
6,117.45981935334612
7,9.850146497385406
8,4.852060554150933
9,1.1652585041048358
10,0.0036228297482789884
11,0.0036228297482789884
12,0.0036228297482789884
13,0.003015098575486874
14,0.00030381333769469165
15,3.6526173623485647e-06
16,3.6526173623485647e-06
17,3.6526173623485647e-06
18,3.6526173623485647e-06
19,3.6526173623485647e-06
20,3.6526173623485647e-06
21,7.016822340943918e-07
22,3.156270871329525e-07
23,1.449961892774354e-07
24,1.449961892774354e-07
25,1.449961892774354e-07
26,2.7016213266506384e-08
27,2.7016213266506384e-08
28,9.15214570795797e-11
29,9.15214570795797e-11
30,9.15214570795797e-11
31,9.15214570795797e-11
32,9.15214570795797e-11
33,9.15214570795797e-11
34,9.15214570795797e-11
35,0.0
36,0.0
37,0.0
38,0.0
39,0.0
40,0.0
41,0.0
42,0.0
43,0.0
44,0.0
45,0.0
46,0.0
47,0.0
48,0.0
49,0.0
50,0.0
51,0.0
52,0.0
53,0.0
54,0.0
55,0.0
56,0.0
57,0.0
58,0.0
59,0.0
60,0.0
61,0.0
62,0.0
63,0.0
64,0.0
65,0.0
66,0.0
67,0.0
68,0.0
69,0.0
70,0.0
71,0.0
72,0.0
73,0.0
74,0.0
75,0.0
76,0.0
77,0.0
78,0.0
79,0.0
80,0.0
81,0.0
82,0.0
83,0.0
84,0.0
85,0.0
86,0.0
87,0.0
88,0.0
89,0.0
90,0.0
91,0.0
92,0.0
93,0.0
94,0.0
95,0.0
96,0.0
97,0.0
98,0.0
99,0.0
100,0.0
101,0.0
102,0.0
103,0.0
104,0.0
105,0.0
106,0.0
107,0.0
108,0.0
109,0.0
110,0.0
111,0.0
112,0.0
113,0.0
114,0.0
115,0.0
116,0.0
117,0.0
118,0.0
119,0.0
120,0.0
121,0.0
122,0.0
123,0.0
124,0.0
125,0.0
126,0.0
127,0.0
128,0.0
129,0.0
130,0.0
131,0.0
132,0.0
133,0.0
134,0.0
135,0.0
136,0.0
137,0.0
138,0.0
139,0.0
140,0.0
141,0.0
142,0.0
143,0.0
144,0.0
145,0.0
146,0.0
147,0.0
148,0.0
149,0.0
150,0.0
