epoch,gBest_fitness
1,2.0841878323396986e-102
2,3.75119046331144e-119
3,3.75119046331144e-119
4,3.75119046331144e-119
5,3.75119046331144e-119
