epoch,gBest_fitness
1,1.0309979845568343e-15
2,1.539433566894824e-19
3,1.539433566894824e-19
4,1.539433566894824e-19
5,1.539433566894824e-19
