epoch,gBest_fitness
1,1.6585633014031089e-15
2,1.6585633014031089e-15
3,6.687025885564155e-20
4,6.687025885564155e-20
5,6.687025885564155e-20
