epoch,gBest_fitness
1,1.0978820993780446e-17
2,1.0978820993780446e-17
3,1.0978820993780446e-17
4,1.0978820993780446e-17
5,3.300248253935789e-18
