epoch,gBest_fitness
1,1.5115000992894508e-119
2,1.5115000992894508e-119
3,1.3016582112891665e-123
4,1.3016582112891665e-123
5,1.3016582112891665e-123
