epoch,gBest_fitness
1,9.797220491475248e-21
2,9.797220491475248e-21
3,9.797220491475248e-21
4,3.7878696792959743e-22
5,3.7878696792959743e-22
