epoch,gBest_fitness
1,2.3040151316326677e-21
2,2.3040151316326677e-21
3,2.3040151316326677e-21
4,2.3040151316326677e-21
5,2.3040151316326677e-21
