epoch,gBest_fitness
1,5.031165614830201e-15
2,5.031165614830201e-15
3,5.031165614830201e-15
4,5.031165614830201e-15
5,7.431477459369101e-26
