epoch,gBest_fitness
1,9.133488705698627e-19
2,9.133488705698627e-19
3,9.133488705698627e-19
4,9.133488705698627e-19
5,9.133488705698627e-19
