epoch,gBest_fitness
1,4.6913148623176636e-18
2,4.6913148623176636e-18
3,4.6913148623176636e-18
4,4.6913148623176636e-18
5,4.6913148623176636e-18
