epoch,gBest_fitness
1,1.2781665546172673e-19
2,1.2781665546172673e-19
3,7.952884295127706e-20
4,7.952884295127706e-20
5,7.952884295127706e-20
