epoch,gBest_fitness
1,4.679325069206123e-108
2,1.6721699442376957e-109
3,1.6721699442376957e-109
4,3.691059558867686e-111
5,1.4025187674566483e-111
