epoch,gBest_fitness
1,2.3463543339773035e-117
2,2.3463543339773035e-117
3,2.3463543339773035e-117
4,2.3463543339773035e-117
5,2.3463543339773035e-117
