epoch,gBest_fitness
1,2.0517893611844218e-14
2,5.476902078046615e-15
3,1.456685038574893e-18
4,1.456685038574893e-18
5,1.456685038574893e-18
