epoch,gBest_fitness
1,5.704832957939619e-20
2,5.704832957939619e-20
3,5.704832957939619e-20
4,5.704832957939619e-20
5,5.704832957939619e-20
