epoch,gBest_fitness
1,1.4446140510311724e-120
2,1.4446140510311724e-120
3,1.4446140510311724e-120
4,1.4446140510311724e-120
5,1.4446140510311724e-120
