epoch,gBest_fitness
1,2.9553858378411346e-13
2,2.9553858378411346e-13
3,2.9553858378411346e-13
4,2.9553858378411346e-13
5,2.9553858378411346e-13
