epoch,gBest_fitness
1,7.552463030086075e-118
2,1.8747826294156533e-118
3,6.574309423184529e-128
4,6.574309423184529e-128
5,6.574309423184529e-128
