epoch,gBest_fitness
1,88981.61595932474
2,31302.359809521902
3,0.0
4,0.0
5,0.0
