epoch,gBest_fitness
1,681.0801098315043
2,681.0801098315043
3,681.0801098315043
4,681.0801098315043
5,681.0801098315043
