epoch,gBest_fitness
1,281.18204656052217
2,12.921340232975636
3,12.921340232975636
4,0.0
5,0.0
