epoch,gBest_fitness
1,2190.8777794803236
2,1.886082401370004e-08
3,0.0
4,0.0
5,0.0
