epoch,gBest_fitness
1,91540.50603223997
2,62519.3732706188
3,757.3352360066481
4,157.66731213303723
5,0.0
