epoch,gBest_fitness
1,222.40242754886953
2,0.20017410905762745
3,1.5612158726696634e-05
4,1.5612158726696634e-05
5,1.5612158726696634e-05
