epoch,gBest_fitness
1,4.649368536710316
2,4.649368536710316
3,0.5737920449467921
4,0.0
5,0.0
