epoch,gBest_fitness
1,161729.15862096648
2,161729.15862096648
3,56868.64479549809
4,0.0
5,0.0
