epoch,gBest_fitness
1,8.824524135530135
2,8.824524135530135
3,8.824524135530135
4,8.824524135530135
5,0.0
