epoch,gBest_fitness
1,136984.00816660776
2,13415.949021103977
3,9628.844191750437
4,399.174277771963
5,399.174277771963
