epoch,gBest_fitness
1,31486.453118887886
2,28833.75305727093
3,28833.75305727093
4,13412.306908782897
5,13412.306908782897
