epoch,gBest_fitness
1,0.2832390966914726
2,9.497451997653172e-05
3,0.0
4,0.0
5,0.0
