epoch,gBest_fitness
1,3.7280808739517415
2,3.7280808739517415
3,0.054271461974151336
4,0.002146641282486428
5,0.002146641282486428
