epoch,gBest_fitness
1,854.6002313481813
2,292.55326092728126
3,3.538288238615232
4,3.538288238615232
5,3.538288238615232
