epoch,gBest_fitness
1,58590.88056099855
2,3467.323148704943
3,37.03158927183776
4,20.708898154863277
5,20.708898154863277
