epoch,gBest_fitness
1,363455.55399628356
2,246582.63916945513
3,7012.288951299162
4,7012.288951299162
5,7012.288951299162
