epoch,gBest_fitness
1,44576.1544452104
2,412.14387002990975
3,412.14387002990975
4,412.14387002990975
5,412.14387002990975
