epoch,gBest_fitness
1,1412.943157374027
2,1412.943157374027
3,33.2062510335617
4,0.18722259422389342
5,0.13881131385152123
