epoch,gBest_fitness
1,9559.420503910524
2,1344.0858175764754
3,1037.3990066445917
4,1037.3990066445917
5,1037.3990066445917
