epoch,gBest_fitness
1,341832.50516178174
2,341832.50516178174
3,341832.50516178174
4,341832.50516178174
5,0.0
