epoch,gBest_fitness
1,17250.871939016095
2,17250.871939016095
3,0.0
4,0.0
5,0.0
