epoch,gBest_fitness
1,201710578777.74152
2,4.153290812399809e-13
3,6.0499564885770825e-24
4,6.0499564885770825e-24
5,6.041304543038725e-28
