epoch,gBest_fitness
1,297071502884.74603
2,297071502884.74603
3,297071502884.74603
4,0.9188686035396139
5,3.591006115972898e-26
