epoch,gBest_fitness
1,233957745691.86108
2,233957745691.86108
3,233957745691.86108
4,2.8833663225318104e-13
5,1.9815252644828997e-19
