epoch,gBest_fitness
1,144344501090.7619
2,0.006661274319050784
3,1.450267511316425e-18
4,1.450267511316425e-18
5,4.195431897955752e-23
