epoch,gBest_fitness
1,1.7639472683936914e-224
2,1.7639472683936914e-224
3,1.7037399136196623e-252
4,1.7037399136196623e-252
5,4.0936392551692666e-253
