epoch,gBest_fitness
1,58683435507.24492
2,2.496689471405252e-16
3,2.3411407162213558e-20
4,4.1126502814373324e-26
5,1.8738827590547095e-35
