epoch,gBest_fitness
1,4.751321146125035e-228
2,4.751321146125035e-228
3,2.9635025363493172e-233
4,2.9635025363493172e-233
5,2.9635025363493172e-233
