epoch,gBest_fitness
1,1.2743259655301974e-248
2,1.2743259655301974e-248
3,1.2743259655301974e-248
4,1.2743259655301974e-248
5,3.31078241494254e-258
