epoch,gBest_fitness
1,145197295871.11148
2,145197295871.11148
3,145197295871.11148
4,1.991152838107255e-29
5,1.991152838107255e-29
