epoch,gBest_fitness
1,9.567038919166112e-228
2,9.567038919166112e-228
3,9.567038919166112e-228
4,9.567038919166112e-228
5,9.567038919166112e-228
