epoch,gBest_fitness
1,2.675160573654374e-199
2,4.7860355095513513e-206
3,1.5998327505162952e-228
4,1.5998327505162952e-228
5,5.13458433846284e-255
