epoch,gBest_fitness
1,5.018277944672481e-237
2,5.018277944672481e-237
3,1.719464520454987e-245
4,1.719464520454987e-245
5,1.719464520454987e-245
