epoch,gBest_fitness
1,2.195194168504043e-233
2,2.195194168504043e-233
3,1.5434369890823115e-244
4,1.5434369890823115e-244
5,1.5434369890823115e-244
