epoch,gBest_fitness
1,5.658502665894126e-12
2,2.345630535301745e-22
3,6.736104874957671e-29
4,6.736104874957671e-29
5,6.736104874957671e-29
