epoch,gBest_fitness
1,6377.572307101137
2,1.5012150935567066e-18
3,1.2708741573887365e-21
4,5.809332160575347e-35
5,5.809332160575347e-35
