epoch,gBest_fitness
1,58896202941.59915
2,58896202941.59915
3,58896202941.59915
4,5.983396494485952e-36
5,5.983396494485952e-36
