epoch,gBest_fitness
1,86307648259.70114
2,86307648259.70114
3,86307648259.70114
4,86307648259.70114
5,86307648259.70114
