epoch,gBest_fitness
1,1.630268433358934e-220
2,1.630268433358934e-220
3,2.3926592388142163e-225
4,2.3926592388142163e-225
5,1.0866124395185112e-238
