epoch,gBest_fitness
1,53457479729.90722
2,6.2395832962067344e-18
3,4.1271115374167135e-50
4,4.1271115374167135e-50
5,4.1271115374167135e-50
