epoch,gBest_fitness
1,24.000879821086098
2,6.550635408118278
3,4.232664698639024
4,2.934881175131978
5,2.3741862956040602
