epoch,gBest_fitness
1,104533.78252192105
2,18619.78268249414
3,2867.4054789356
4,2867.4054789356
5,2867.4054789356
