epoch,gBest_fitness
1,293.26395344496734
2,293.2512500095225
3,293.25118114929126
4,293.25118114929126
5,293.25118114929126
