epoch,gBest_fitness
1,4.1371423491162895
2,1.326519084717209
3,0.9266395429672989
4,0.8859072712497915
5,0.4434472696053493
