epoch,gBest_fitness
1,195.7227724003598
2,195.72277145709958
3,177.56330596858587
4,147.27691897094667
5,28.702584401733134
