epoch,gBest_fitness
1,273.8040613600708
2,272.4073769348215
3,272.4073769348215
4,272.4073769348215
5,272.324669131918
