epoch,gBest_fitness
1,320.3419299129011
2,320.3419296537811
3,320.3419296537811
4,320.3419296537811
5,320.3419296537811
