epoch,gBest_fitness
1,289.2509562146348
2,289.2509551838266
3,289.250955183703
4,289.250955183703
5,289.250955183703
