epoch,gBest_fitness
1,27.219705732903858
2,15.681559669466631
3,10.11078925220741
4,8.261252010476479
5,7.321363648765296
