epoch,gBest_fitness
1,74.60579364140717
2,62.94726594005052
3,58.20236661026925
4,49.29081272927211
5,43.87096691351487
