epoch,gBest_fitness
1,3.410159353579163e+50
2,4.666750134576966e+46
3,1.9321215585024716e+44
4,1.9321215585024716e+44
5,1.9321215585024716e+44
