epoch,gBest_fitness
1,255.88794506031476
2,255.88793878116772
3,128.4548481957071
4,59.13983301488797
5,37.40657903866434
