epoch,gBest_fitness
1,2218.0586372238567
2,589.0274713172569
3,589.0274713172569
4,589.0274713172569
5,589.0274713172569
