epoch,gBest_fitness
1,12.412551981328079
2,9.741075565385362
3,5.017061983179135
4,2.396856106186324
5,1.9178348249828268
