epoch,gBest_fitness
1,2.7999495364726674
2,1.2754359922655902
3,0.679269477598934
4,0.42310874388703634
5,0.31187677240752143
