epoch,gBest_fitness
1,2.9981105972512516
2,1.637771424795833
3,1.1305189593691334
4,0.7603081462741739
5,0.5313329083085062
