epoch,gBest_fitness
1,702595633.7060755
2,179450559.57172394
3,2683111.9226937345
4,2683111.9226937345
5,2683111.9226937345
