epoch,gBest_fitness
1,171.26484701536577
2,171.26484701536577
3,165.39335249236973
4,155.9533362587726
5,96.3272316164921
