epoch,gBest_fitness
1,6.671683127721907
2,3.630852538781757
3,1.8454563462956306
4,1.5064433606642245
5,1.2129995213015468
