epoch,gBest_fitness
1,1.1498509276185123e+43
2,9.76554305112318e+38
3,1.8043468727485445e+38
4,1.8043468727485445e+38
5,1.673827400749481e+36
