epoch,gBest_fitness
1,48853287102064.87
2,67.71676275690115
3,48.21328923815159
4,39.23158752761172
5,34.783180773022465
