epoch,gBest_fitness
1,311.51861807935336
2,311.4338549073988
3,311.4338549073988
4,311.4338549073988
5,311.43383104770004
