epoch,gBest_fitness
1,14.30760583714502
2,4.676404118986923
3,1.3433025835479104
4,0.9558079828144116
5,0.7004616318572588
