epoch,gBest_fitness
1,310637616.41441387
2,953.0146671480932
3,953.0146671480932
4,953.0146671480932
5,953.0146671480932
