epoch,gBest_fitness
1,15.207000263861607
2,9.926831681077088
3,7.6551424069111365
4,5.599429900718113
5,4.621916982175968
