epoch,gBest_fitness
1,151.28124746650573
2,106.55316047467143
3,56.245595354019926
4,35.02891472867163
5,18.422202624942198
