epoch,gBest_fitness
1,47.908329722360065
2,37.1218694892932
3,28.289907519252917
4,23.22947655870579
5,18.07169589593114
