epoch,gBest_fitness
1,6.599421113191445
2,4.333199640082437
3,3.049422221991487
4,1.7311520765456199
5,1.1970493691647428
