epoch,gBest_fitness
1,259.1478929565364
2,258.8684319885407
3,258.8684319885407
4,258.8684319885407
5,258.86843001822285
