epoch,gBest_fitness
1,11.052163801144225
2,5.285566724920154
3,3.426749142729345
4,2.385032969048185
5,1.9095742989683708
