epoch,gBest_fitness
1,104.52328204687994
2,58.13039283952654
3,29.566922019222005
4,15.357703530546654
5,13.682765385031331
