epoch,gBest_fitness
1,6.498851244830901e+42
2,1.3747712491756097e+42
3,1.3747712491756097e+42
4,1.3747712491756097e+42
5,1.3747712491756097e+42
