epoch,gBest_fitness
1,1.9758082398534281e+68
2,4.1226364795821565e+43
3,3.4239199798824442e+41
4,2.310158233184913e+39
5,1.3790065635684936e+39
