epoch,gBest_fitness
1,203.33609876761386
2,68.67867748726573
3,10.388640358066855
4,3.645432448537545
5,2.8950077721783853
