epoch,gBest_fitness
1,77.02932485346443
2,10.487994498023166
3,2.1922534554238133
4,1.0231199581189192
5,0.756851055124879
