epoch,gBest_fitness
1,134.06107376165875
2,124.29007049309375
3,124.28918044467565
4,124.28918041906991
5,63.142592130101384
