epoch,gBest_fitness
1,5.710961611642511
2,3.004527053421028
3,2.177605578275395
4,0.8178300051015672
5,0.5187140750240984
