epoch,gBest_fitness
1,299.78686147319814
2,299.78686086836177
3,299.78686086836177
4,299.78686086836177
5,299.78686086836177
