epoch,gBest_fitness
1,2.3774737983471486
2,1.2612660345229685
3,0.818480996565443
4,0.48709636909043996
5,0.3318342318930956
