epoch,gBest_fitness
1,9.521522129264094
2,4.453066323063872
3,3.7707721275540673
4,2.7627172565223903
5,1.7914807276023825
