epoch,gBest_fitness
1,2.7073180910574766
2,0.8827263165802824
3,0.5566998362393597
4,0.5024191853868918
5,0.24009579031502906
