epoch,gBest_fitness
1,17.664823284234654
2,13.420956812434216
3,11.991081716732955
4,9.655961408283552
5,8.93628322594883
