epoch,gBest_fitness
1,166.1203736723436
2,166.12037367234356
3,137.4543948727428
4,113.51904489293551
5,99.52389911249975
