epoch,gBest_fitness
1,22.20745456773878
2,5.584064216112632
3,3.267972623358063
4,2.321015837569905
5,1.312954740777458
