epoch,gBest_fitness
1,23.122007281601647
2,13.269557928578859
3,8.792825571160838
4,7.210308962419266
5,4.920551238659523
