epoch,gBest_fitness
1,2.3021113827212747e+19
2,2.1721824636218616e+16
3,2.1721824636218616e+16
4,49108604265214.03
5,49108604265214.03
