epoch,gBest_fitness
1,233.6771082423728
2,199.2776621255927
3,114.30243429427072
4,53.612124439390676
5,13.90099508448863
