epoch,gBest_fitness
1,38.73695962273878
2,22.16561105524882
3,17.625742828248622
4,11.605176118847359
5,10.87116103482011
