epoch,gBest_fitness
1,233.0236623853931
2,233.01077332941952
3,194.64610215001443
4,193.36668696534315
5,193.1897997302001
