epoch,gBest_fitness
1,39.028247640375405
2,9.438979964715907
3,6.632956146126135
4,4.247655381623632
5,3.6459330692699186
