epoch,gBest_fitness
1,11.745039598634879
2,7.508173336074714
3,5.4380441016248025
4,3.446470581645695
5,2.7443238950945115
