epoch,gBest_fitness
1,2.371863916130255e+48
2,4.751200040452971e+47
3,3.6638637558659293e+46
4,3.6638637558659293e+46
5,2.2879843578306166e+44
