epoch,gBest_fitness
1,49.77656520193933
2,41.14014713308027
3,32.9939063085863
4,28.59369070058042
5,25.27854746899394
