epoch,gBest_fitness
1,18.158487022772103
2,13.308451837605503
3,8.929088730714247
4,7.147989352163971
5,6.262989885856308
