epoch,gBest_fitness
1,5.69074041142403e+42
2,1.110034583434523e+40
3,3.8282559017816676e+38
4,3.8282559017816676e+38
5,3.8282559017816676e+38
