epoch,gBest_fitness
1,509.6647316481093
2,88.95512177736502
3,68.97677308368556
4,56.121852375769485
5,48.419351743448665
