epoch,gBest_fitness
1,4.26153119255719
2,1.91203264825835
3,0.9239663652264023
4,0.6739708227358556
5,0.5565107456537077
