epoch,gBest_fitness
1,55.33589814703881
2,36.720678388088025
3,26.27632117354941
4,20.112387639304984
5,16.569285454668783
