epoch,gBest_fitness
1,10.945600153453096
2,7.522620273078188
3,6.8998110104648696
4,5.7966352600340425
5,4.807128483057
