epoch,gBest_fitness
1,2.665597518402159e+49
2,1.6780223946077807e+48
3,1.6780223946077807e+48
4,1.6780223946077807e+48
5,1.6780223946077807e+48
