epoch,gBest_fitness
1,3.3893386036300166
2,1.0961827035117486
3,0.702313264852555
4,0.4557338531774942
5,0.32089856770258635
