epoch,gBest_fitness
1,3.8885424662386745
2,1.1572248237426566
3,0.7213380459210164
4,0.4137221886125065
5,0.2920419410890163
