epoch,gBest_fitness
1,25.68482050005992
2,12.957863811578065
3,8.681185507595385
4,6.733320036024134
5,5.187027980942055
