epoch,gBest_fitness
1,1.0442637761387628e+21
2,2.6485195150573407e+20
3,6.995502906389568e+17
4,7.631446672623861e+16
5,7.631446672623861e+16
