epoch,gBest_fitness
1,2.9682065352452747e+35
2,5.553175173001455e+32
3,1.894657138233653e+30
4,1.894657138233653e+30
5,2.923662660075252e+29
