epoch,gBest_fitness
1,2.2887958756560395e+41
2,2.815137684706142e+39
3,8.42249501203744e+36
4,8.42249501203744e+36
5,8.42249501203744e+36
