epoch,gBest_fitness
1,2.9476604873434072e+51
2,2.9476604873434072e+51
3,6.145681902818769e+50
4,1.1249135672206284e+49
5,1.1249135672206284e+49
