epoch,gBest_fitness
1,9.957456049610865e+48
2,2.0089427496417487e+48
3,5.997599140305066e+47
4,2.4393473232974047e+46
5,1.2460298347627067e+46
