epoch,gBest_fitness
1,3.267907079862925e+20
2,7.064363325339462e+17
3,7.064363325339462e+17
4,2.346038499417098e+17
5,2.346038499417098e+17
