epoch,gBest_fitness
1,64.91101800739031
2,56.36632510731829
3,41.76075887467466
4,37.64692987246415
5,35.48952699757265
