epoch,gBest_fitness
1,259.1403797391143
2,259.1403797391143
3,259.1403797391143
4,259.1403797391143
5,259.14032261680455
