epoch,gBest_fitness
1,5.020539845950417
2,1.203810527165095
3,0.6701797439293149
4,0.543416583964679
5,0.4271769368905275
