epoch,gBest_fitness
1,1.8899117042560218
2,1.0650350624161764
3,0.8734943362487438
4,0.682108628950076
5,0.6491791308048698
