epoch,gBest_fitness
1,374.8916426480942
2,374.09919241187697
3,374.0991700048914
4,374.0991700048914
5,374.0991700048914
