epoch,gBest_fitness
1,345.076819655941
2,324.6583282775303
3,324.6551513783025
4,324.6551513783025
5,324.6551497257836
