epoch,gBest_fitness
1,140.85990095831454
2,67.65858040891835
3,26.311706514864824
4,14.791098103023996
5,13.260110814723722
