epoch,gBest_fitness
1,214.14285757404406
2,214.14258415045927
3,214.14258370759063
4,214.14258368541306
5,214.14258368541306
