epoch,gBest_fitness
1,304.8648581509208
2,42.146935978057115
3,32.03070952080154
4,26.468814184547
5,23.999277762371296
