epoch,gBest_fitness
1,9.113099781688638e+19
2,2.9266341899116096e+17
3,1.8028648679063562e+17
4,1.8028648679063562e+17
5,1.8028648679063562e+17
