epoch,gBest_fitness
1,244.8957851970992
2,69.82856994498243
3,50.24730796127184
4,42.65569066424673
5,38.576705466792625
