epoch,gBest_fitness
1,456.3725191381654
2,456.3725191381654
3,456.3725191381654
4,456.3725191381654
5,456.3725191381654
