epoch,gBest_fitness
1,19.35057073590759
2,14.82667131370807
3,12.382903304451004
4,10.610537647693016
5,9.881453439016143
