epoch,gBest_fitness
1,7.185607935246038e+51
2,7.98765114094961e+49
3,2.6138854334316047e+48
4,2.6138854334316047e+48
5,2.6138854334316047e+48
