epoch,gBest_fitness
1,18.472784798216917
2,14.830096258848808
3,13.317404742586646
4,10.723985413248272
5,8.636260645897401
