epoch,gBest_fitness
1,68.25049926312411
2,58.682809299796034
3,47.03616190216891
4,36.90308758379859
5,32.81629871693654
