epoch,gBest_fitness
1,20.195073684291593
2,14.299209407314871
3,10.378178311041959
4,8.67857289018811
5,7.335651189571333
