epoch,gBest_fitness
1,59.21832733327241
2,38.079135337073176
3,30.488812084499852
4,25.18526840413908
5,21.808128036931485
