epoch,gBest_fitness
1,178.9159698956193
2,22.565558268450786
3,14.265178190439967
4,11.065287858211365
5,8.865888668940418
