epoch,gBest_fitness
1,26.579992580449883
2,17.767383757673116
3,15.127378641749221
4,12.617472455377204
5,11.035897297284803
