epoch,gBest_fitness
1,101.51459458126182
2,37.31616900850566
3,28.62523067737513
4,10.385449171865774
5,4.120694523878061
