epoch,gBest_fitness
1,5.548972768850246
2,2.9809888098356345
3,2.4624064571257414
4,2.0877304810926716
5,1.8443060683281964
