epoch,gBest_fitness
1,12.645757954790733
2,7.552397516358234
3,5.404737196650985
4,3.838830341974455
5,3.278763458886707
