epoch,gBest_fitness
1,174.8014651085803
2,56.92136590017277
3,13.626688821984745
4,9.490930242983199
5,8.23285536417851
