epoch,gBest_fitness
1,560.0082412809217
2,253.77426728918667
3,253.77426728918667
4,253.77426728918667
5,253.76991745170847
