epoch,gBest_fitness
1,59.68296203836891
2,36.24256981659255
3,28.22112951397192
4,22.38659576968071
5,17.98715409218191
