epoch,gBest_fitness
1,163.52699536274784
2,163.52658960063357
3,163.52658960063357
4,163.52658762051203
5,163.52658762051203
