epoch,gBest_fitness
1,7.589584978793322
2,4.808233452854409
3,3.358321287535757
4,1.6422222216280378
5,1.1917794031635565
