epoch,gBest_fitness
1,2.0071077559433748e+22
2,5.729475043867694e+21
3,4.095233960309886e+19
4,4.095233960309886e+19
5,4.095233960309886e+19
