epoch,gBest_fitness
1,1.4419921816304022e+45
2,6.3917668453553034e+44
3,3.504916141749752e+43
4,3.504916141749752e+43
5,1.2051810062853182e+43
