epoch,gBest_fitness
1,7.087844341744616
2,3.987299627075013
3,2.341923095346725
4,1.6336775475371792
5,1.3387063426360684
