epoch,gBest_fitness
1,4.865830488767725e-97
2,1.992848730421488e-108
3,4.5089386824237825e-118
4,4.5089386824237825e-118
5,4.5089386824237825e-118
