epoch,gBest_fitness
1,1.927540039957747e-99
2,7.84284250096409e-112
3,7.84284250096409e-112
4,7.84284250096409e-112
5,7.84284250096409e-112
