epoch,gBest_fitness
1,1.4426013815653895e-99
2,5.043026170293612e-105
3,5.043026170293612e-105
4,4.5461811129630265e-111
5,4.5461811129630265e-111
