epoch,gBest_fitness
1,1.886171990730128e-14
2,9.550592858997868e-17
3,1.0927964856955472e-21
4,1.0927964856955472e-21
5,1.0927964856955472e-21
