epoch,gBest_fitness
1,3.017825925049285e-104
2,3.017825925049285e-104
3,1.2771023965719154e-112
4,1.2771023965719154e-112
5,1.2771023965719154e-112
