epoch,gBest_fitness
1,1.8480233085314058e-106
2,1.8480233085314058e-106
3,1.8480233085314058e-106
4,1.8480233085314058e-106
5,1.8480233085314058e-106
