epoch,gBest_fitness
1,7.266849456801979e-104
2,2.0460441044803208e-115
3,2.0460441044803208e-115
4,2.0460441044803208e-115
5,2.0460441044803208e-115
