epoch,gBest_fitness
1,2.734989659417731e-13
2,1.6998705259783596e-14
3,1.6998705259783596e-14
4,1.3882233866486125e-14
5,1.3882233866486125e-14
