epoch,gBest_fitness
1,6.027399739408848e-13
2,9.743995862697516e-16
3,3.35878409337509e-17
4,3.35878409337509e-17
5,3.35878409337509e-17
