epoch,gBest_fitness
1,9.690190203923462e-12
2,1.1108722115157667e-17
3,1.1108722115157667e-17
4,1.1108722115157667e-17
5,1.1108722115157667e-17
