epoch,gBest_fitness
1,7.304561646017266e-11
2,1.0275025819719912e-18
3,1.0275025819719912e-18
4,1.0275025819719912e-18
5,1.0275025819719912e-18
