epoch,gBest_fitness
1,1.6007670813840348e-19
2,1.6007670813840348e-19
3,1.6007670813840348e-19
4,1.6007670813840348e-19
5,1.6007670813840348e-19
