epoch,gBest_fitness
1,1.1901526437183813e-13
2,4.164557468657546e-16
3,4.164557468657546e-16
4,8.754164930772401e-18
5,8.754164930772401e-18
