epoch,gBest_fitness
1,5.14746393187026e-12
2,2.05220623558894e-13
3,2.05220623558894e-13
4,7.485894684628736e-18
5,7.485894684628736e-18
