epoch,gBest_fitness
1,1.5121333473221507e-10
2,1.6889026771207077e-13
3,3.587220854891556e-15
4,2.2919024462854735e-29
5,2.2919024462854735e-29
