epoch,gBest_fitness
1,9.348126070974542e-109
2,1.299168771037114e-112
3,1.299168771037114e-112
4,1.299168771037114e-112
5,1.299168771037114e-112
