epoch,gBest_fitness
1,1.4206585889493215e-89
2,2.0770348023621561e-109
3,2.25404747874022e-112
4,2.25404747874022e-112
5,2.25404747874022e-112
