epoch,gBest_fitness
1,1.0292081631985654e-109
2,1.0292081631985654e-109
3,7.219854302685621e-111
4,7.219854302685621e-111
5,7.219854302685621e-111
