epoch,gBest_fitness
1,3.919286658717376e-104
2,3.919286658717376e-104
3,3.919286658717376e-104
4,3.919286658717376e-104
5,3.919286658717376e-104
