epoch,gBest_fitness
1,4.179278916873969e-105
2,4.179278916873969e-105
3,4.179278916873969e-105
4,4.179278916873969e-105
5,4.179278916873969e-105
