epoch,gBest_fitness
1,1.3511779598847522e-101
2,6.266876380005546e-110
3,6.266876380005546e-110
4,6.266876380005546e-110
5,6.266876380005546e-110
