epoch,gBest_fitness
1,3.1123767166181887e-94
2,3.1123767166181887e-94
3,3.6862105680618885e-110
4,3.6862105680618885e-110
5,3.6862105680618885e-110
