epoch,gBest_fitness
1,5.477901664424913e-25
2,5.477901664424913e-25
3,5.477901664424913e-25
4,5.477901664424913e-25
5,5.477901664424913e-25
