epoch,gBest_fitness
1,2.5743625612078595e-100
2,2.5743625612078595e-100
3,2.497873569345254e-107
4,2.497873569345254e-107
5,3.2862638426144485e-112
