epoch,gBest_fitness
1,5.165223923990287e-12
2,4.205441979178779e-14
3,1.7045225445650482e-15
4,1.7045225445650482e-15
5,1.7045225445650482e-15
