epoch,gBest_fitness
1,1.8800552857763889e-109
2,1.8800552857763889e-109
3,1.8800552857763889e-109
4,1.8800552857763889e-109
5,7.639589151228087e-112
