epoch,gBest_fitness
1,3.6406066865442806e-110
2,3.6406066865442806e-110
3,3.6406066865442806e-110
4,3.6406066865442806e-110
5,5.0521297015651254e-111
