epoch,gBest_fitness
1,2.9619490664345355e-18
2,2.9619490664345355e-18
3,2.9619490664345355e-18
4,2.9619490664345355e-18
5,2.9619490664345355e-18
