epoch,gBest_fitness
1,1.074595567400544e-19
2,1.074595567400544e-19
3,1.074595567400544e-19
4,1.074595567400544e-19
5,1.074595567400544e-19
