epoch,gBest_fitness
1,1.7578715351274093e-18
2,1.9156234359655532e-20
3,1.9156234359655532e-20
4,1.9156234359655532e-20
5,1.9156234359655532e-20
