epoch,gBest_fitness
1,8.213845637969158e-100
2,2.721534332268009e-106
3,2.721534332268009e-106
4,2.721534332268009e-106
5,2.721534332268009e-106
