epoch,gBest_fitness
1,3.108389575716363e-14
2,3.108389575716363e-14
3,3.108389575716363e-14
4,3.108389575716363e-14
5,3.108389575716363e-14
