epoch,gBest_fitness
1,3.045045208027983e-14
2,1.0546826522592824e-16
3,1.0546826522592824e-16
4,1.0546826522592824e-16
5,1.0546826522592824e-16
