epoch,gBest_fitness
1,1.0353015445994078e-105
2,4.828139738395085e-108
3,4.828139738395085e-108
4,4.828139738395085e-108
5,4.828139738395085e-108
