epoch,gBest_fitness
1,4.678410613505905e-93
2,2.0358110274824752e-104
3,2.0358110274824752e-104
4,5.633237319702493e-107
5,1.4932272196859447e-113
