epoch,gBest_fitness
1,3.938960915834991e-18
2,3.938960915834991e-18
3,5.0849838656925605e-20
4,5.0849838656925605e-20
5,5.0849838656925605e-20
