epoch,gBest_fitness
1,1.7782651083040572e-11
2,1.7782651083040572e-11
3,1.7782651083040572e-11
4,9.80902699270756e-16
5,1.690293387080727e-18
