epoch,gBest_fitness
1,7.803352537686159e-15
2,7.803352537686159e-15
3,7.803352537686159e-15
4,2.9696568800848396e-20
5,2.9696568800848396e-20
