epoch,gBest_fitness
1,2.9551769009195454e-11
2,2.2041694813914936e-15
3,2.2041694813914936e-15
4,2.2041694813914936e-15
5,1.9056155526642433e-19
