epoch,gBest_fitness
1,4.223016203333643e-109
2,5.58663516743505e-111
3,5.58663516743505e-111
4,5.58663516743505e-111
5,5.58663516743505e-111
