epoch,gBest_fitness
1,2.08667966278672
2,2.08667966278672
3,1.8872666545381243
4,0.0
5,0.0
