epoch,gBest_fitness
1,20.36400036569247
2,20.36400036569247
3,20.36400036569247
4,18.371943467773203
5,2.03865298527114
