epoch,gBest_fitness
1,0.13535732133066458
2,1.1957112047156215e-06
3,4.2625392104866933e-10
4,4.2625392104866933e-10
5,4.2625392104866933e-10
