epoch,gBest_fitness
1,11.072986650527573
2,8.016094409647593
3,8.016094409647593
4,7.165332652300515
5,0.0
