epoch,gBest_fitness
1,49.26743918422854
2,1.3393504452615816
3,0.3574914265252087
4,0.0
5,0.0
