epoch,gBest_fitness
1,0.00018194578248376114
2,0.00018194578248376114
3,0.00018194578248376114
4,0.00018194578248376114
5,0.0
