epoch,gBest_fitness
1,10.115684138220598
2,7.227444676917895
3,0.0
4,0.0
5,0.0
