epoch,gBest_fitness
1,15.164775208110873
2,10.376315923117444
3,10.376315923117444
4,0.0
5,0.0
