epoch,gBest_fitness
1,1.2909667282401394e-05
2,4.836237854632941e-09
3,5.104916489528932e-12
4,0.0
5,0.0
