epoch,gBest_fitness
1,0.002516446771233638
2,1.1803995192405381e-07
3,1.1803995192405381e-07
4,1.1803995192405381e-07
5,1.1803995192405381e-07
