epoch,gBest_fitness
1,1.785262641618177
2,0.209549901846253
3,0.0006475948127603326
4,2.982582181232374e-09
5,2.982582181232374e-09
