epoch,gBest_fitness
1,11.645380001034987
2,5.392355253356977
3,5.392355253356977
4,5.392355253356977
5,5.392355253356977
