epoch,gBest_fitness
1,0.004336741050634529
2,0.004336741050634529
3,0.0
4,0.0
5,0.0
