epoch,gBest_fitness
1,0.0010987052918528528
2,3.006299653662836e-09
3,3.006299653662836e-09
4,3.006299653662836e-09
5,0.0
