epoch,gBest_fitness
1,0.27528057871985856
2,4.2050705140184164e-08
3,4.2050705140184164e-08
4,4.2050705140184164e-08
5,0.0
