epoch,gBest_fitness
1,1.1989559830718255
2,0.001976764141286891
3,0.001976764141286891
4,0.001976764141286891
5,5.24682519653652e-11
