epoch,gBest_fitness
1,1.216517442337306e-09
2,1.216517442337306e-09
3,0.0
4,0.0
5,0.0
