epoch,gBest_fitness
1,4.33586770906979
2,4.33586770906979
3,2.5284660677988398
4,0.0
5,0.0
