epoch,gBest_fitness
1,20.069784247881692
2,2.02163258414774
3,0.0
4,0.0
5,0.0
