epoch,gBest_fitness
1,783.2193526330276
2,781.6543088609092
3,781.6523765056346
4,781.6523670408468
5,779.932897077375
