epoch,gBest_fitness
1,1777.1411474881222
2,1771.566738535178
3,1769.3645271970609
4,1766.0913969712415
5,1765.465837255214
