epoch,gBest_fitness
1,4963.260801856486
2,4961.147004800911
3,4961.1407908392675
4,4959.937000693754
5,4959.827071265761
