epoch,gBest_fitness
1,1772.7795273751083
2,1765.7173391546905
3,1763.8260025015784
4,1762.8348304998285
5,1762.1054438735582
