epoch,gBest_fitness
1,1774.6714347974398
2,1773.8145787480435
3,1773.4317396963027
4,1773.3852398719382
5,1773.368125969343
