epoch,gBest_fitness
1,776.5339215257832
2,773.6830747328945
3,772.0529550863116
4,771.4957801455693
5,769.8961452506221
