epoch,gBest_fitness
1,4962.045895285508
2,4961.337124703207
3,4961.316278911896
4,4961.316254617185
5,4961.302626784308
