epoch,gBest_fitness
1,777.0625539053754
2,772.2733782245634
3,769.4128967175964
4,768.5691747687657
5,768.1016940038534
