epoch,gBest_fitness
1,4957.013520355615
2,4951.384044263361
3,4945.870826459437
4,4944.576232622859
5,4938.204151167433
