epoch,gBest_fitness
1,4961.941837149678
2,4953.3115622814685
3,4948.084064547677
4,4944.9170391959615
5,4944.6826850802945
