epoch,gBest_fitness
1,1771.4025393760235
2,1767.903787598123
3,1764.840984822161
4,1763.4509267154594
5,1763.374014363982
