epoch,gBest_fitness
1,777.1071215506407
2,776.542902424968
3,776.542809916236
4,776.4429088249321
5,776.4391470030439
