epoch,gBest_fitness
1,1774.6608821999114
2,1774.653629383271
3,1772.420308222623
4,1772.4197092121806
5,1772.3635196592104
