epoch,gBest_fitness
1,4955.190130674874
2,4948.027984070031
3,4938.988886892824
4,4937.661886974224
5,4936.159138966091
