epoch,gBest_fitness
1,1770.906774501532
2,1763.6208318197557
3,1761.9560354406399
4,1761.6319846448698
5,1761.5222055764073
