epoch,gBest_fitness
1,779.7160513334375
2,775.6440362936972
3,772.5492822766976
4,772.1764270862393
5,772.0515556898595
