epoch,gBest_fitness
1,778.5259326319007
2,773.9563385675132
3,773.2336764543625
4,773.1189968423873
5,773.1154378948654
