epoch,gBest_fitness
1,775.3845838827485
2,771.5069902467012
3,771.0770686094775
4,770.7345234391333
5,770.7141339372694
