epoch,gBest_fitness
1,1773.2189459585834
2,1772.948412609794
3,1772.862768651576
4,1772.859143094937
5,1772.8459289841521
