epoch,gBest_fitness
1,4970.532252914713
2,4970.531712551077
3,4970.5316563235565
4,4970.531639622529
5,4969.2977922954615
