epoch,gBest_fitness
1,777.4527564850323
2,770.7852037446785
3,770.0527290529969
4,769.4888812293233
5,768.1385895021889
