epoch,gBest_fitness
1,773.5393517853848
2,768.4607239292488
3,767.2465437089503
4,766.8505703529081
5,766.7509533472006
