epoch,gBest_fitness
1,4965.209905116046
2,4957.0096047672505
3,4949.23795563433
4,4946.473645589748
5,4944.953333426089
