epoch,gBest_fitness
1,4967.794418195749
2,4967.329467292619
3,4958.463890995221
4,4957.129997944883
5,4957.1276838129
