epoch,gBest_fitness
1,782.3486538765179
2,782.2551357172823
3,782.2551213088984
4,782.24301681159
5,779.4533944936135
