epoch,gBest_fitness
1,1771.98886389906
2,1765.1540765093757
3,1762.835225829467
4,1759.9678954160288
5,1759.6520073309039
