epoch,gBest_fitness
1,1773.9494009039638
2,1772.1603597058393
3,1772.026174421046
4,1772.0261680368008
5,1772.025629567292
