epoch,gBest_fitness
1,4962.968834516567
2,4955.80889867532
3,4951.4776160945
4,4949.887816184525
5,4947.607648388338
