epoch,gBest_fitness
1,1768.1959992279824
2,1760.0659386295322
3,1758.0933238944585
4,1757.8000243301667
5,1757.442371327754
