epoch,gBest_fitness
1,1765.1964172784253
2,1760.9491420657191
3,1758.0372678457952
4,1757.4240271974134
5,1757.3092740133739
