epoch,gBest_fitness
1,781.1139040755291
2,781.0996511386687
3,776.2873925425087
4,775.1957757120996
5,775.1935786290805
