epoch,gBest_fitness
1,4965.671791669205
2,4965.364634080944
3,4965.267427456104
4,4965.006262460914
5,4964.9648167727255
