epoch,gBest_fitness
1,4962.110170516656
2,4956.710506950677
3,4953.615005867762
4,4951.288155932849
5,4950.861607329271
