epoch,gBest_fitness
1,1775.0599551931355
2,1773.5951267351732
3,1772.8569014529187
4,1772.8190403752465
5,1772.7129292620916
