epoch,gBest_fitness
1,1769.7136646630124
2,1764.7112764894252
3,1761.551503552815
4,1760.126194036053
5,1757.7507008306068
