epoch,gBest_fitness
1,4958.292458543277
2,4954.036881224001
3,4951.933795720624
4,4951.126424385525
5,4950.804486290942
