epoch,gBest_fitness
1,4958.0391270324735
2,4955.959915404823
3,4953.099012428292
4,4951.792965497101
5,4950.888837960405
