epoch,gBest_fitness
1,1772.7796750162
2,1771.0522692417119
3,1769.594354059639
4,1769.5393441034025
5,1769.3926215418967
