epoch,gBest_fitness
1,779.0666668785258
2,778.9853969335811
3,778.9853207243818
4,778.8886842541292
5,778.1829811540592
