epoch,gBest_fitness
1,4956.710196777249
2,4951.271222575443
3,4949.021349818415
4,4947.32963742748
5,4945.832868746423
