epoch,gBest_fitness
1,781.5961631204042
2,781.5282876496944
3,779.6842916030915
4,778.9441100778814
5,778.8309050618601
