epoch,gBest_fitness
1,777.363906282755
2,771.7823481211155
3,769.5723242847519
4,767.0953606565803
5,766.4935362177301
