epoch,gBest_fitness
1,19959.45119472867
2,19951.658759299546
3,19949.051135517162
4,19948.506991261936
5,19948.494188538145
