epoch,gBest_fitness
1,775.1714600956683
2,771.5000756913237
3,767.2165667541773
4,766.1311355588057
5,765.8979169136614
