epoch,gBest_fitness
1,4965.4250419053615
2,4950.747768957629
3,4948.782419589044
4,4946.812578683873
5,4945.465729648986
