epoch,gBest_fitness
1,4955.474135678349
2,4955.437982739753
3,4955.429920992043
4,4955.429029068844
5,4955.428939049512
