epoch,gBest_fitness
1,780.0496389036698
2,774.0824699232643
3,773.6742068073513
4,773.529271578957
5,773.2581348516645
