epoch,gBest_fitness
1,776.4248213996127
2,770.4867698106909
3,769.765593762923
4,769.4792330391332
5,769.3098165230942
