epoch,gBest_fitness
1,4972.336202947954
2,4971.144874662139
3,4970.2773677328705
4,4970.2626980413515
5,4968.000730187803
