epoch,gBest_fitness
1,776.9003107299851
2,774.3611237809937
3,774.2176532949337
4,773.9696717390855
5,773.9341490158926
