epoch,gBest_fitness
1,780.7910331171813
2,780.7730833978367
3,775.2510556998337
4,774.9764907941831
5,774.976379264207
