epoch,gBest_fitness
1,775.8605891329454
2,775.8519422287466
3,775.408361516078
4,775.3858105694411
5,775.3857894392289
