epoch,gBest_fitness
1,1780.1814132498757
2,1774.9829614253342
3,1773.8071441063096
4,1771.4764601882446
5,1770.9685580577634
