epoch,gBest_fitness
1,1773.3029516648612
2,1770.9321219989322
3,1766.960450378764
4,1766.1944881889087
5,1765.8123007381978
