epoch,gBest_fitness
1,1777.4913044594307
2,1775.857627889054
3,1775.825342347629
4,1775.8237884561772
5,1773.595439848147
