epoch,gBest_fitness
1,4966.4321904918415
2,4958.372412767473
3,4955.422188977288
4,4955.420638999116
5,4955.401487393779
