epoch,gBest_fitness
1,1773.8254475730143
2,1773.0160893480593
3,1772.3135266065951
4,1772.0232837447536
5,1772.023270362362
