epoch,gBest_fitness
1,1774.958875498025
2,1774.9410027583092
3,1774.9303584747067
4,1774.9281631687047
5,1774.7872439786074
