epoch,gBest_fitness
1,4967.302714376704
2,4967.294111658695
3,4967.218412220021
4,4967.153211140865
5,4967.153061200027
