epoch,gBest_fitness
1,778.4256641283354
2,777.9053746822061
3,777.886171939112
4,777.8857894440796
5,777.8857795257595
