epoch,gBest_fitness
1,19963.05928199489
2,19962.729295389305
3,19962.695483305204
4,19962.262332862923
5,19959.24237655872
