epoch,gBest_fitness
1,4968.780232704434
2,4963.0836850247915
3,4963.083580453312
4,4963.081667136863
5,4958.964536400076
