epoch,gBest_fitness
1,778.9637957113036
2,778.9634240860953
3,778.9634054131375
4,778.880752717467
5,778.879294426437
