epoch,gBest_fitness
1,1773.8781842052651
2,1768.5600365118867
3,1766.8519190878396
4,1765.619766953569
5,1763.799837084144
