epoch,gBest_fitness
1,4966.917572659157
2,4966.8648890701
3,4966.864761633647
4,4966.743848801292
5,4966.3351483099705
