epoch,gBest_fitness
1,1776.558157961716
2,1776.0326418202635
3,1775.7508909103417
4,1775.7060524609433
5,1775.7054464318128
