epoch,gBest_fitness
1,4957.65050276057
2,4953.615326796126
3,4950.489050508193
4,4944.884331708077
5,4943.839549366996
