epoch,gBest_fitness
1,4966.039793896996
2,4961.3662246969425
3,4957.794828804968
4,4951.55591868057
5,4950.069920445942
