epoch,gBest_fitness
1,776.8722082536756
2,771.8358758787215
3,770.1015604645745
4,768.8908405933282
5,768.6121063674093
