epoch,gBest_fitness
1,1770.1659969601453
2,1770.136623965682
3,1769.8782129395481
4,1769.6128928170594
5,1769.60492947404
