epoch,gBest_fitness
1,4970.705439114632
2,4970.086547393085
3,4961.287324857066
4,4961.280738724684
5,4961.234406850242
