epoch,gBest_fitness
1,777.2325018262612
2,777.0628897398457
3,776.2825079861608
4,776.2709283233554
5,776.2562887328301
