epoch,gBest_fitness
1,1770.6825558711294
2,1763.8800425799743
3,1762.0938892165218
4,1761.58160351566
5,1761.3446634831248
