epoch,gBest_fitness
1,781.3801318171184
2,781.1963120027925
3,781.1959209931764
4,781.1958536994975
5,781.1958466319843
