epoch,gBest_fitness
1,1774.649680949826
2,1770.2069936121343
3,1768.3389535211202
4,1767.065756934997
5,1766.9906420458954
