epoch,gBest_fitness
1,1768.7709248076706
2,1762.2493913170927
3,1760.888308196413
4,1760.2398766468493
5,1759.9984335623553
