epoch,gBest_fitness
1,4963.069113548419
2,4961.499168875772
3,4960.527789417797
4,4960.523600244841
5,4960.452861702588
