epoch,gBest_fitness
1,775.6213497389406
2,774.8200151434979
3,774.6867844160179
4,774.5455826395146
5,774.4866200801973
