epoch,gBest_fitness
1,1777.7461550322048
2,1776.9231966957982
3,1776.9228744653333
4,1776.9029477290185
5,1770.8251978213525
