epoch,gBest_fitness
1,4966.196708256836
2,4949.603074634973
3,4947.454683819716
4,4943.956995248834
5,4941.925619885197
