epoch,gBest_fitness
1,0.21340169360206113
2,0.21340169360206113
3,0.017529581477345492
4,0.017529581477345492
5,0.017529581477345492
