epoch,gBest_fitness
1,0.24584442867465423
2,0.08963385484208364
3,0.019243185711005615
4,0.005478556075793798
5,0.005478556075793798
