epoch,gBest_fitness
1,0.2593333540096391
2,0.07019165325059458
3,0.07019165325059458
4,0.07019165325059458
5,0.01687646702040786
