epoch,gBest_fitness
1,2.4995877812849816
2,0.24079928714795953
3,0.08192152991754055
4,0.08192152991754055
5,0.08192152991754055
