epoch,gBest_fitness
1,0.0010839077516859644
2,0.0010839077516859644
3,0.0010839077516859644
4,0.0010839077516859644
5,0.0010839077516859644
