epoch,gBest_fitness
1,0.01633494576213333
2,0.001635452959909949
3,0.001635452959909949
4,0.00035567962083106887
5,0.00035567962083106887
