epoch,gBest_fitness
1,0.007425958126707539
2,0.007425958126707539
3,1.9893338728399537e-05
4,1.9893338728399537e-05
5,1.9893338728399537e-05
