epoch,gBest_fitness
1,0.040878584276865554
2,0.040878584276865554
3,0.009553809477367354
4,0.0008451090068579525
5,0.0008451090068579525
