epoch,gBest_fitness
1,0.044292842018860724
2,0.044292842018860724
3,0.044292842018860724
4,0.044292842018860724
5,0.044292842018860724
