epoch,gBest_fitness
1,0.037975020084741316
2,0.020547111519342035
3,0.009004723376778033
4,0.009004723376778033
5,0.004809063194644124
