epoch,gBest_fitness
1,0.2549968501285653
2,0.020316720259478584
3,0.020316720259478584
4,0.020316720259478584
5,0.020316720259478584
