epoch,gBest_fitness
1,0.03228831272264981
2,0.03228831272264981
3,0.03228831272264981
4,0.019352468430372898
5,0.0018592590545554932
