epoch,gBest_fitness
1,0.027714127097664614
2,0.027714127097664614
3,0.027714127097664614
4,0.027714127097664614
5,0.019634246287684592
