epoch,gBest_fitness
1,0.07670475205748215
2,0.0007501713467374137
3,3.348251731671139e-05
4,3.348251731671139e-05
5,3.348251731671139e-05
