epoch,gBest_fitness
1,1.052043759064379
2,0.10794588849166711
3,0.08019603825776081
4,0.06277323770389659
5,0.04078509230881589
