epoch,gBest_fitness
1,0.8109122078925969
2,0.17280515276899444
3,0.17280515276899444
4,0.021029825828134223
5,0.021029825828134223
