epoch,gBest_fitness
1,0.016616731044486945
2,0.0077722929599934034
3,0.0077722929599934034
4,0.0077722929599934034
5,0.007004138974765292
