epoch,gBest_fitness
1,0.2764128267661722
2,0.2075467372489893
3,0.2075467372489893
4,0.06510210961874076
5,0.03710846915977688
