epoch,gBest_fitness
1,0.4096997234248985
2,0.16273348928224224
3,0.07595844762266886
4,0.07595844762266886
5,0.005560899208779421
