epoch,gBest_fitness
1,5.334390758073902
2,3.129488426776499
3,0.7954883332851669
4,0.6786954002019995
5,0.4264150161429855
