epoch,gBest_fitness
1,0.000299408216390638
2,0.000299408216390638
3,0.000299408216390638
4,0.000299408216390638
5,0.000299408216390638
