epoch,gBest_fitness
1,1.747677770354943
2,0.7389469694255387
3,0.7389469694255387
4,0.4831892810973711
5,0.225878659700629
