epoch,gBest_fitness
1,0.3070765020157594
2,0.14306409956156696
3,0.14306409956156696
4,0.11915923782707763
5,0.09270295891263028
