epoch,gBest_fitness
1,4.679303625879701
2,3.459884298071464
3,1.5634911307434394
4,1.3276335968510258
5,1.3276335968510258
