epoch,gBest_fitness
1,0.610354895536015
2,0.3112415246914394
3,0.3112415246914394
4,0.3112415246914394
5,0.3112415246914394
