epoch,gBest_fitness
1,0.762985927219423
2,0.762985927219423
3,0.2890286288198602
4,0.2890286288198602
5,0.06981753729487711
