epoch,gBest_fitness
1,4.33841032196291
2,2.2547610621517276
3,2.2547610621517276
4,0.7444115137307203
5,0.7444115137307203
