epoch,gBest_fitness
1,0.006226020564357922
2,0.006226020564357922
3,0.006226020564357922
4,0.001985466376445915
5,0.001985466376445915
