epoch,gBest_fitness
1,0.009400861726183322
2,0.009400861726183322
3,0.009400861726183322
4,0.009400861726183322
5,0.009400861726183322
