epoch,gBest_fitness
1,2.916562719575086
2,1.1979344211216123
3,0.7515566732864649
4,0.6971833618637017
5,0.4489356594661424
