epoch,gBest_fitness
1,1.1360172463015579
2,0.10614759352331711
3,0.08631625379577833
4,0.08631625379577833
5,0.0499852849766628
