epoch,gBest_fitness
1,1.4210550999816407
2,1.2424546082813697
3,0.33315762252027514
4,0.33315762252027514
5,0.33315762252027514
