epoch,gBest_fitness
1,2.146916026595663
2,1.0429031734091387
3,0.8982464019263924
4,0.8982464019263924
5,0.7914621236428612
