epoch,gBest_fitness
1,0.0364150195443561
2,0.0364150195443561
3,0.00023100940780578812
4,0.00023100940780578812
5,0.00023100940780578812
