epoch,gBest_fitness
1,1.485877106943266
2,0.044403634545753384
3,0.044403634545753384
4,0.044403634545753384
5,0.00245760157747414
