epoch,gBest_fitness
1,0.00013524928551927792
2,0.00013524928551927792
3,0.00013524928551927792
4,0.00013524928551927792
5,0.00013524928551927792
