epoch,gBest_fitness
1,3.6982145611581214
2,0.29321834757106835
3,0.29321834757106835
4,0.14432551495683507
5,0.14432551495683507
