epoch,gBest_fitness
1,1.0585118703922212
2,0.8521760280110441
3,0.30262853314032245
4,0.14983630268708908
5,0.03863402661295204
