epoch,gBest_fitness
1,0.43543531812680697
2,0.43543531812680697
3,0.1569982040505544
4,0.1569982040505544
5,0.1569982040505544
