epoch,gBest_fitness
1,0.05467211685306869
2,0.05467211685306869
3,0.05467211685306869
4,0.05467211685306869
5,0.05467211685306869
