epoch,gBest_fitness
1,4.140777991200158
2,0.8431096977018412
3,0.7284156786977984
4,0.7284156786977984
5,0.7284156786977984
