epoch,gBest_fitness
1,0.02729794536784251
2,0.02729794536784251
3,0.0005954421916671152
4,0.0005954421916671152
5,0.0005954421916671152
