epoch,gBest_fitness
1,1.531928247866995
2,0.728088987476924
3,0.6842334936779435
4,0.5362647328320169
5,0.2160850478100167
