epoch,gBest_fitness
1,1.5369553232184128
2,0.35164536074745834
3,0.35164536074745834
4,0.35164536074745834
5,0.35164536074745834
