epoch,gBest_fitness
1,0.00615933621808659
2,0.00615933621808659
3,0.00615933621808659
4,0.0019219869023884596
5,0.0019219869023884596
