epoch,gBest_fitness
1,1.296099443771591
2,0.2630302091633369
3,0.16738195369278136
4,0.06408355398344716
5,0.019348988623260243
