epoch,gBest_fitness
1,0.5592982948935887
2,0.2995521817542543
3,0.23778001797901938
4,0.015981824025343823
5,0.0134573372468549
