epoch,gBest_fitness
1,0.5895797587035583
2,0.00011566805240757386
3,0.00011566805240757386
4,0.00011566805240757386
5,0.00011566805240757386
