epoch,gBest_fitness
1,0.10587397495897098
2,0.10587397495897098
3,0.10587397495897098
4,0.0825690514342681
5,0.0825690514342681
