epoch,gBest_fitness
1,0.7562496821447056
2,0.018161208891953357
3,0.018161208891953357
4,0.018161208891953357
5,0.018161208891953357
