epoch,gBest_fitness
1,5.3826639684638385e-05
2,5.3826639684638385e-05
3,5.3826639684638385e-05
4,5.3826639684638385e-05
5,5.3826639684638385e-05
