epoch,gBest_fitness
1,0.02092522021634176
2,0.0054806331633026175
3,0.0009848609119886657
4,0.0009848609119886657
5,0.0009848609119886657
