epoch,gBest_fitness
1,0.00063742559635685
2,0.00043081694337677014
3,0.00043081694337677014
4,0.00043081694337677014
5,0.00043081694337677014
