epoch,gBest_fitness
1,0.3307111702891826
2,0.3307111702891826
3,0.2579718124078375
4,0.2579718124078375
5,0.18895425107695957
