epoch,gBest_fitness
1,0.0005245489491675045
2,0.0005245489491675045
3,0.0005245489491675045
4,0.0005245489491675045
5,0.0005245489491675045
