epoch,gBest_fitness
1,1.2459446684733526
2,0.7225048914824403
3,0.7043316835601249
4,0.5221261852304596
5,0.5221261852304596
