epoch,gBest_fitness
1,0.002025918642483625
2,0.002025918642483625
3,0.000714509738377775
4,0.000714509738377775
5,0.000714509738377775
