epoch,gBest_fitness
1,21.89875872150773
2,21.89875872150773
3,20.59178622072572
4,20.59178622072572
5,20.59178622072572
