epoch,gBest_fitness
1,0.05192037730798349
2,0.009175306945270467
3,0.009175306945270467
4,4.440892098500626e-16
5,4.440892098500626e-16
