epoch,gBest_fitness
1,20.69812999808092
2,20.262809861740458
3,19.99999995877693
4,19.99999995877693
5,19.99999995877693
