epoch,gBest_fitness
1,21.679386057303926
2,20.71208090493533
3,20.71208090493533
4,19.988875703210418
5,13.567875396857934
