epoch,gBest_fitness
1,20.019735262343357
2,20.019735262343357
3,19.99999995877693
4,4.440892098500626e-16
5,4.440892098500626e-16
