epoch,gBest_fitness
1,20.425619790168042
2,19.99999995877693
3,19.99999995877693
4,19.99999995877693
5,19.99999995877693
