epoch,gBest_fitness
1,15.883277070248441
2,15.883277070248441
3,0.00030823178638117454
4,0.00030823178638117454
5,4.440892098500626e-16
