epoch,gBest_fitness
1,20.890476996543544
2,20.782881046016676
3,20.103364184200775
4,19.99999995877693
5,19.99999995877693
