epoch,gBest_fitness
1,19.999650399287642
2,19.999650399287642
3,19.999650399287642
4,19.999650399287642
5,4.105127106712921
