epoch,gBest_fitness
1,20.467026154399047
2,20.467026154399047
3,4.440892098500626e-16
4,4.440892098500626e-16
5,4.440892098500626e-16
