epoch,gBest_fitness
1,20.758306550545846
2,20.726746716445913
3,20.410342433224358
4,20.405009467211375
5,4.440892098500626e-16
