epoch,gBest_fitness
1,21.64967021609107
2,21.64967021609107
3,4.440892098500626e-16
4,4.440892098500626e-16
5,4.440892098500626e-16
