epoch,gBest_fitness
1,20.25064721173784
2,19.99999995877693
3,19.99999995877693
4,19.99999995877693
5,19.99999995877693
