epoch,gBest_fitness
1,21.618808134567445
2,19.99999995877693
3,4.440892098500626e-16
4,4.440892098500626e-16
5,4.440892098500626e-16
