epoch,gBest_fitness
1,15.846946784529763
2,0.11243471575850039
3,4.440892098500626e-16
4,4.440892098500626e-16
5,4.440892098500626e-16
