epoch,gBest_fitness
1,0.04994645870101566
2,0.026610988254706758
3,4.440892098500626e-16
4,4.440892098500626e-16
5,4.440892098500626e-16
