epoch,gBest_fitness
1,1.4472827906277996
2,0.00017213899604628935
3,0.00017213899604628935
4,0.00017213899604628935
5,1.034521650611353e-05
