epoch,gBest_fitness
1,0.9927594153149362
2,0.9927594153149362
3,0.9927594153149362
4,0.015256606015288998
5,0.015256606015288998
