epoch,gBest_fitness
1,20.365707553042547
2,20.365707553042547
3,19.99999995877693
4,19.99999995877693
5,19.99999995877693
