epoch,gBest_fitness
1,21.548997988444803
2,20.41849842882278
3,19.929157896094658
4,19.929157896094658
5,19.929157896094658
