epoch,gBest_fitness
1,19.99999995877693
2,19.99999995877693
3,19.99999995877693
4,19.99999995877693
5,19.99999995877693
