epoch,gBest_fitness
1,5.044076267779474e-10
2,7.549516567451064e-15
3,7.549516567451064e-15
4,3.9968028886505635e-15
5,3.9968028886505635e-15
