epoch,gBest_fitness
1,1.531974547219761e-11
2,3.9968028886505635e-15
3,3.9968028886505635e-15
4,4.440892098500626e-16
5,4.440892098500626e-16
