epoch,gBest_fitness
1,4.949374243778948e-12
2,1.0702549957386509e-13
3,1.0702549957386509e-13
4,1.0702549957386509e-13
5,4.440892098500626e-16
