epoch,gBest_fitness
1,7.363820664352261e-10
2,7.250777755984927e-11
3,4.440892098500626e-16
4,4.440892098500626e-16
5,4.440892098500626e-16
