epoch,gBest_fitness
1,3.9968028886505635e-15
2,3.9968028886505635e-15
3,3.9968028886505635e-15
4,4.440892098500626e-16
5,4.440892098500626e-16
