epoch,gBest_fitness
1,147.77789280922215
2,114.35064234085259
3,101.15521073386033
4,89.55047973282498
5,78.32819155936234
