epoch,gBest_fitness
1,83.97672939244902
2,54.59238242447951
3,46.908056255188605
4,43.681378131812984
5,41.218307171303344
