epoch,gBest_fitness
1,15072.077745663495
2,11683.742992842052
3,9562.838961915879
4,7933.7203391742305
5,6600.16703794033
