epoch,gBest_fitness
1,368.06409814696025
2,309.8159345569807
3,277.68519597808364
4,258.2178913000614
5,232.5425294651765
