epoch,gBest_fitness
1,5474.791429210958
2,2994.474395021526
3,2060.7845267826206
4,1973.840053770151
5,1663.3381678065284
