epoch,gBest_fitness
1,15308.22878449011
2,11544.085815658802
3,10994.423153047323
4,10695.03547258081
5,10486.086999630725
