epoch,gBest_fitness
1,155.15099815031704
2,108.41181882307232
3,91.67285338075425
4,82.56990541488753
5,79.67100824379156
