epoch,gBest_fitness
1,996.2375529896178
2,691.4801337909065
3,684.8878664881735
4,680.4706082972816
5,672.9261184229812
