epoch,gBest_fitness
1,5240.560314868491
2,4450.978730632778
3,4260.263044506416
4,4165.347903509862
5,4030.736869211287
