epoch,gBest_fitness
1,359.299464759455
2,272.4779792085368
3,236.1265544109331
4,205.74798769576134
5,198.79418906527846
