epoch,gBest_fitness
1,1132.4072555012112
2,589.186805064846
3,466.98474862562733
4,453.4836719370775
5,448.9320587545772
