epoch,gBest_fitness
1,2499.355638553577
2,1401.3311039976622
3,1136.0122757911345
4,1105.9192951447835
5,1075.8048137297942
