epoch,gBest_fitness
1,685.2344385704093
2,509.3309277577166
3,486.03360637280286
4,471.9724702336292
5,470.0953061333494
