epoch,gBest_fitness
1,100.98733598697024
2,70.63064442754748
3,67.00094559822585
4,65.18131375958706
5,64.35322520272682
