epoch,gBest_fitness
1,871.6468086413175
2,794.3991658652451
3,718.5408147264329
4,651.0343172721306
5,621.0292354050414
