epoch,gBest_fitness
1,3632.2591867170263
2,2060.510886097235
3,1222.1742614348402
4,1113.6325671207123
5,1096.0093536228442
