epoch,gBest_fitness
1,929.0338581822087
2,851.8656072290374
3,770.9477722265735
4,735.2790887584175
5,687.9721808626174
