epoch,gBest_fitness
1,4706.752654698263
2,2842.442691425486
3,2631.408838275455
4,2561.253769909653
5,2497.455758554136
