epoch,gBest_fitness
1,975.1636036412186
2,866.7093845211721
3,779.5579689591701
4,699.4173047920804
5,651.8111659477609
