epoch,gBest_fitness
1,153.8799215143078
2,87.05447085087975
3,77.12488593829639
4,74.60038692754594
5,73.33895313855845
