epoch,gBest_fitness
1,11550.978522788679
2,8677.998641105449
3,8245.078223776301
4,8104.45368723131
5,7961.357858581298
