epoch,gBest_fitness
1,5589.669833401948
2,3522.6437628443323
3,3254.659325682649
4,3139.6645561938312
5,3101.5855235949025
