epoch,gBest_fitness
1,428.30965895089565
2,329.4463131155727
3,283.94443281075013
4,254.9959381806471
5,237.0517845208014
