epoch,gBest_fitness
1,455.22282671649975
2,410.36752609506283
3,350.50227570392764
4,333.1910707993862
5,318.5172203714461
