epoch,gBest_fitness
1,89.46245544933932
2,62.0619060039862
3,48.070371785084
4,44.77037159534569
5,44.032463098097615
