epoch,gBest_fitness
1,12204.4666468082
2,9203.153349705322
3,8877.309907146124
4,8605.880117050549
5,8550.458246060378
