epoch,gBest_fitness
1,116.57868762804144
2,110.7497979404296
3,106.36081677367052
4,103.55470396952886
5,102.2995932033266
