epoch,gBest_fitness
1,831.9492248312255
2,754.0723054186443
3,701.165302240726
4,658.4302623755307
5,635.5971656511084
