epoch,gBest_fitness
1,1817.0454999892602
2,1366.1647821195552
3,1222.9017111637227
4,1199.1387411663636
5,1176.153816363515
