epoch,gBest_fitness
1,147.2844559436824
2,108.10384167316938
3,89.54211100639222
4,83.0270405574829
5,79.65330668453804
