epoch,gBest_fitness
1,2293.2895138391655
2,1306.7773692444136
3,1096.572441258666
4,1002.6898648282598
5,967.3182188380955
