epoch,gBest_fitness
1,1822.447772017256
2,905.3646559396158
3,803.7355630009796
4,751.1262294568694
5,741.2840413648428
