epoch,gBest_fitness
1,-115.96664237910456
2,-117.86537455586753
3,-118.22302758605713
4,-118.2994920129189
5,-118.34214072582799
