epoch,gBest_fitness
1,-965.8030379670463
2,-1028.7873279102007
3,-1031.3718002863834
4,-1032.6460495236502
5,-1033.1837353303129
