epoch,gBest_fitness
1,-852.8500873088005
2,-855.9180006916774
3,-856.168746271012
4,-856.2333410516078
5,-856.2972903926593
