epoch,gBest_fitness
1,-790.5883486565272
2,-888.8502122428681
3,-891.6674436402777
4,-893.535816037472
5,-894.9506020046807
