epoch,gBest_fitness
1,-1188.5581104866458
2,-1556.1486509094607
3,-1669.4667735901673
4,-1694.1644128495566
5,-1705.8206530362274
