epoch,gBest_fitness
1,-1810.160462101063
2,-2353.337818404685
3,-2652.5311148396654
4,-2915.6399161977033
5,-3033.152259769955
