epoch,gBest_fitness
1,-876.4252293366948
2,-914.3584371594823
3,-915.2713247490361
4,-915.7093699830272
5,-915.9072452937346
