epoch,gBest_fitness
1,-1004.8348698774128
2,-1039.4173678974241
3,-1043.7602265928092
4,-1045.8764214564253
5,-1046.5041715683692
