epoch,gBest_fitness
1,-1303.1284464482399
2,-1507.9688582787905
3,-1641.9936998393762
4,-1693.8021875384052
5,-1699.1796108592205
