epoch,gBest_fitness
1,-947.7249586473121
2,-1171.000860777195
3,-1223.3681880230183
4,-1229.5255018183193
5,-1230.5656832411632
