epoch,gBest_fitness
1,-1593.8482025036876
2,-1876.2064657038034
3,-1907.8759135771293
4,-1911.1030159821166
5,-1922.1831602769507
