epoch,gBest_fitness
1,-955.4713575390829
2,-1040.117835923562
3,-1046.1388417079613
4,-1047.06239715655
5,-1050.6689917718006
