epoch,gBest_fitness
1,-181.58586064309335
2,-192.61429236447663
3,-196.11462482031766
4,-196.5678169655971
5,-196.93882553722818
