epoch,gBest_fitness
1,-302.257470193621
2,-334.72735566488495
3,-345.8585254809488
4,-353.05977822351997
5,-357.22093095328216
