epoch,gBest_fitness
1,-113.57880287265745
2,-114.32081393279199
3,-114.55011175726354
4,-114.59662716708698
5,-114.61279697578522
