epoch,gBest_fitness
1,-78.48848295838656
2,-78.80575908453268
3,-78.89593974550684
4,-78.90271209149647
5,-78.90446594920847
