epoch,gBest_fitness
1,-78.16418881357991
2,-78.85386078248932
3,-78.87770050732779
4,-78.90077115667714
5,-78.90355622390629
