epoch,gBest_fitness
1,-125.98645574516581
2,-128.96495527416158
3,-180.97266038937855
4,-191.1106601230053
5,-194.4203930301944
