epoch,gBest_fitness
1,-1429.181553075984
2,-1962.564735484245
3,-2271.168960448785
4,-2637.071027734502
5,-2818.1796201935026
