epoch,gBest_fitness
1,-1667.339397705972
2,-2096.966367468616
3,-2508.9717393464716
4,-2787.559470064553
5,-2930.0332469735645
