epoch,gBest_fitness
1,-110.33866760902428
2,-110.75449278174509
3,-110.84151796189938
4,-110.85986284156479
5,-110.87189378517799
