epoch,gBest_fitness
1,-2454.5354668667055
2,-3209.263586767165
3,-3280.3915755046996
4,-3501.1804372993665
5,-3562.1659940580553
