epoch,gBest_fitness
1,-1007.096636034566
2,-1013.2172210900687
3,-1014.0354161869717
4,-1014.8440794652856
5,-1015.015564012416
