epoch,gBest_fitness
1,-1013.0057153724672
2,-1180.5450935525676
3,-1199.8099797761374
4,-1203.7917848324853
5,-1232.6674187019303
