epoch,gBest_fitness
1,-290.117035032359
2,-312.81218720989926
3,-323.135311569349
4,-333.56419223828476
5,-337.9194814306286
