epoch,gBest_fitness
1,-97.01988495900841
2,-99.51727530027675
3,-116.63814943222674
4,-118.00896978557839
5,-118.19972114477295
