epoch,gBest_fitness
1,-1064.5823660916915
2,-1184.845743728979
3,-1428.0607829858088
4,-1533.080265310218
5,-1584.5814660655026
