epoch,gBest_fitness
1,-962.0210254604236
2,-1112.026957505396
3,-1123.6359659991335
4,-1124.7492997357047
5,-1125.8657443269706
