epoch,gBest_fitness
1,-117.35330861841335
2,-118.00286284012581
3,-118.28246323312058
4,-118.33075986683626
5,-118.34739286067845
