epoch,gBest_fitness
1,-908.8466519715959
2,-915.9258339196572
3,-916.4113766020687
4,-916.491902336614
5,-916.521948201396
