epoch,gBest_fitness
1,-757.2016973746073
2,-810.3727050522879
3,-813.0645090897134
4,-815.2765088404599
5,-815.7415668344954
