epoch,gBest_fitness
1,-75.04065117134185
2,-75.16069765055278
3,-75.16575246973787
4,-75.16745701928704
5,-75.16755454323983
