epoch,gBest_fitness
1,-298.0312706604278
2,-342.1914862619143
3,-357.58230083551666
4,-361.93254808251567
5,-369.4843738521553
