epoch,gBest_fitness
1,-307.85663537194625
2,-340.3630691042196
3,-354.96403300246726
4,-361.147617561943
5,-363.54559253520796
