epoch,gBest_fitness
1,-302.0569189163776
2,-340.98818972897703
3,-360.47822566173414
4,-367.226949258047
5,-371.8426949088919
