epoch,gBest_fitness
1,-302.29565980800504
2,-336.8680495674485
3,-349.26910972221987
4,-355.20445230045044
5,-359.2669751042707
