epoch,gBest_fitness
1,-122.9469367698359
2,-125.62343816000299
3,-126.04498410663702
4,-186.625902332986
5,-188.65601749597124
