epoch,gBest_fitness
1,-181.16433009800704
2,-190.36964238494468
3,-191.92142039000277
4,-192.80229999354034
5,-193.18277504325195
