epoch,gBest_fitness
1,-105.72221198812221
2,-106.8929866785793
3,-107.04923549815263
4,-107.10053701151158
5,-107.12132335501431
