epoch,gBest_fitness
1,-832.2495712823052
2,-1030.7103504465906
3,-1070.6869619754525
4,-1073.4940246997583
5,-1074.7936050820877
