epoch,gBest_fitness
1,-1256.582276093439
2,-1658.6209339492123
3,-1814.3461463869514
4,-1917.73339158015
5,-1930.3704184143248
