epoch,gBest_fitness
1,-316.7463515968197
2,-344.1577648389525
3,-360.03054943940896
4,-364.00977562512156
5,-370.50024211631876
