epoch,gBest_fitness
1,-321.26139618023046
2,-344.8124043955586
3,-353.649432732763
4,-360.69741663569874
5,-363.726958736483
