epoch,gBest_fitness
1,-2372.7779259020367
2,-3033.03571260907
3,-3290.1554336202707
4,-3343.250896440055
5,-3349.22013245526
