epoch,gBest_fitness
1,-1261.3080290303421
2,-1565.6869094755984
3,-1677.7608765934233
4,-1753.7768647988498
5,-1770.1734126687504
