epoch,gBest_fitness
1,-897.4078825313183
2,-1130.4354548914275
3,-1163.6850225204566
4,-1172.5304968899318
5,-1174.0006454589106
