epoch,gBest_fitness
1,-1882.1751832799682
2,-2228.9271659828196
3,-2292.2839236305776
4,-2299.8508094625054
5,-2300.886031861157
