epoch,gBest_fitness
1,-1118.2093416224866
2,-1210.6223523609572
3,-1213.511039381161
4,-1213.9219703293888
5,-1214.3167777157346
