epoch,gBest_fitness
1,-1763.0506319915396
2,-2187.007642911418
3,-2500.8672644756675
4,-2783.626174178097
5,-3047.131132225786
