epoch,gBest_fitness
1,-1478.6672200694309
2,-2037.197976963844
3,-2466.3114726371346
4,-2599.257860206003
5,-2696.2358768621143
