epoch,gBest_fitness
1,-982.2312576600472
2,-1099.8218994888782
3,-1106.2623946794922
4,-1108.4229710585391
5,-1109.5737526028554
