epoch,gBest_fitness
1,-2131.839688184158
2,-2707.3007692238257
3,-2966.8372040214927
4,-3003.015676667135
5,-3025.5338820521133
