epoch,gBest_fitness
1,-78.45215446887585
2,-78.82722241008176
3,-78.87943918463358
4,-78.89939001468555
5,-78.90258969182867
