epoch,gBest_fitness
1,-78.52377336527542
2,-78.86714721781773
3,-78.89655912119419
4,-78.90304090650774
5,-78.90557160472852
