epoch,gBest_fitness
1,-181.37857438319492
2,-185.049437569657
3,-185.76287735178857
4,-185.92641531678623
5,-185.97211621146639
