epoch,gBest_fitness
1,-78.72662835427911
2,-78.89232617932277
3,-78.90108416353728
4,-78.9044306324054
5,-78.90556405861659
