epoch,gBest_fitness
1,-171.32643029849078
2,-185.34487050803742
3,-187.95383787555522
4,-188.97790231830206
5,-189.40242198637583
