epoch,gBest_fitness
1,-71.08625370669394
2,-71.4049998454634
3,-71.42716109292456
4,-78.77611241079828
5,-78.88588530621654
