epoch,gBest_fitness
1,-115.46586910565466
2,-117.69013194141228
3,-118.14038144902334
4,-118.31251582262823
5,-118.34263406871095
