epoch,gBest_fitness
1,-87.85509623597382
2,-113.03142152146354
3,-114.39660501243226
4,-114.51413173209028
5,-114.56195275711303
