epoch,gBest_fitness
1,-806.4956434285917
2,-813.3628536328692
3,-813.7842941425265
4,-814.0634112521269
5,-815.2878092357324
