epoch,gBest_fitness
1,-1091.8860430274567
2,-1101.049778059218
3,-1101.8978509308624
4,-1102.6869268871117
5,-1103.2288758125424
