epoch,gBest_fitness
1,-312.9075985312231
2,-345.67498927951107
3,-352.0087220081523
4,-357.76434093433767
5,-360.0229955718888
