epoch,gBest_fitness
1,-1064.547585686958
2,-1378.5301864194266
3,-1622.8397305272804
4,-1767.9808002209516
5,-1816.337036396081
