epoch,gBest_fitness
1,-329.65980550730706
2,-350.8272962118761
3,-360.8936820593812
4,-366.1236183672346
5,-368.609993674416
