epoch,gBest_fitness
1,-1310.4533529439761
2,-1565.7975143534022
3,-1713.6706075718591
4,-1877.915449727081
5,-1917.2894923769784
