epoch,gBest_fitness
1,-78.54652418200531
2,-78.86655807716124
3,-78.88682091700926
4,-78.90081732753617
5,-78.90466182682202
