epoch,gBest_fitness
1,-179.03242485428925
2,-183.48209298033558
3,-184.75861152981713
4,-185.47070416038864
5,-185.80308156052746
