epoch,gBest_fitness
1,-2361.472230896922
2,-3287.476069576077
3,-3745.4631619225825
4,-3966.954204969985
5,-3996.6478610506238
