epoch,gBest_fitness
1,-80.63171955623955
2,-80.94515892935084
3,-113.79938835534671
4,-114.37430487070982
5,-114.55453185481508
