epoch,gBest_fitness
1,-871.7504433171723
2,-894.1397107399196
3,-895.9250968192488
4,-896.4174888168943
5,-896.5022456115338
