epoch,gBest_fitness
1,-679.8593221089886
2,-748.4179504338955
3,-754.076070239897
4,-754.4163597976891
5,-754.7918982242525
