epoch,gBest_fitness
1,-78.47022014300701
2,-78.8483528721392
3,-78.88886129227653
4,-78.90278266707786
5,-78.9050980428623
