epoch,gBest_fitness
1,-979.9402708093027
2,-1205.6918394590832
3,-1296.578803202986
4,-1302.9198309772771
5,-1304.0569360299223
