epoch,gBest_fitness
1,-164.30296507264805
2,-172.5780829319289
3,-176.75841848240123
4,-177.55712379174096
5,-178.0691242427946
