epoch,gBest_fitness
1,-1699.9448053467281
2,-2085.3781060717397
3,-2136.17589026578
4,-2140.861132946859
5,-2143.623683572083
