epoch,gBest_fitness
1,-78.46323920354912
2,-78.80602942081244
3,-78.88079253666353
4,-78.89658148779219
5,-78.90287523060431
