epoch,gBest_fitness
1,-112.0716460186321
2,-114.15782089697034
3,-114.50878553311033
4,-114.57849851637448
5,-114.60246193575095
