epoch,gBest_fitness
1,-754.1149089802054
2,-794.2636457243418
3,-796.2229701443345
4,-796.7522523714275
5,-796.9269449577727
