epoch,gBest_fitness
1,-1565.9658400749468
2,-1826.1595480992974
3,-1869.2070589399361
4,-1877.2443827008078
5,-1881.6726006920596
