epoch,gBest_fitness
1,-78.52757678809753
2,-78.8669140431263
3,-78.89732422841823
4,-78.90507040028433
5,-78.90575371865191
