epoch,gBest_fitness
1,-296.7987155344231
2,-319.2272014281254
3,-334.4798146351607
4,-343.67391974970616
5,-350.79457961280207
