epoch,gBest_fitness
1,-1685.1069473736527
2,-1866.2685244114182
3,-1873.1926434511258
4,-1877.1097511341043
5,-1882.6152847544145
