epoch,gBest_fitness
1,-180.19338364516008
2,-193.58168582185715
3,-195.8422964286617
4,-196.56238559164035
5,-196.9886088096511
