epoch,gBest_fitness
1,-1151.9045511322388
2,-1192.6253759949116
3,-1193.9500354070676
4,-1194.4444415271246
5,-1194.6337674745891
