epoch,gBest_fitness
1,-2133.6738298301766
2,-2580.995140123653
3,-2962.625636614611
4,-3275.5040708209185
5,-3455.881701591099
