epoch,gBest_fitness
1,-174.26060062761144
2,-186.2251476410555
3,-187.91949344846387
4,-188.87292953387822
5,-189.33455579833895
