epoch,gBest_fitness
1,-1051.3303390936733
2,-1261.4562287854546
3,-1300.051999183378
4,-1308.1833749411446
5,-1318.1120034959965
