epoch,gBest_fitness
1,-181.75955390887665
2,-187.2161776454913
3,-189.1571724586566
4,-189.49983681087735
5,-189.675618433057
