epoch,gBest_fitness
1,-2228.2246702326634
2,-2970.39400888099
3,-3321.070997104135
4,-3463.5533782590624
5,-3508.8332515192265
