epoch,gBest_fitness
1,-78.67376340203765
2,-78.86489160197213
3,-78.89446744326679
4,-78.9028180583562
5,-78.90560403371335
