epoch,gBest_fitness
1,-174.98412617959332
2,-181.6456319853543
3,-183.57979498804713
4,-184.75163803763712
5,-185.24724779617608
