epoch,gBest_fitness
1,-153.16394016203475
2,-155.2092335057673
3,-155.73820340918866
4,-155.8808086697016
5,-155.98117171428046
