epoch,gBest_fitness
1,-289.9120876383233
2,-331.1486587872895
3,-353.7444076039151
4,-361.67977952090513
5,-364.68627543824067
