epoch,gBest_fitness
1,-113.85777202632974
2,-114.47958977997179
3,-114.59535461169166
4,-114.61412598391209
5,-114.61818992224191
