epoch,gBest_fitness
1,-116.49761209649392
2,-118.08532234922887
3,-118.22681666298898
4,-118.30997373108099
5,-118.33055285475092
