epoch,gBest_fitness
1,-291.7848236500675
2,-325.778382014196
3,-338.2479204016935
4,-343.09151097300463
5,-345.6931621646963
