epoch,gBest_fitness
1,-78.67983301929345
2,-78.85949189481379
3,-78.8986896403739
4,-78.90493484744158
5,-78.90570292111353
