epoch,gBest_fitness
1,-854.026668409329
2,-1204.676963179648
3,-1376.9562836486327
4,-1486.9910917551942
5,-1563.4927297595016
