epoch,gBest_fitness
1,-869.2780403221941
2,-872.8012770061509
3,-874.262696830103
4,-874.9576296061899
5,-875.4954257441797
