epoch,gBest_fitness
1,-1921.4888178843014
2,-2466.7051488949637
3,-2923.558923439322
4,-3226.671764169601
5,-3407.656569102439
