epoch,gBest_fitness
1,-1677.2378803298102
2,-2131.546332579299
3,-2429.7388982980024
4,-2705.7181151029254
5,-2864.0246016662177
