epoch,gBest_fitness
1,-757.9461405538428
2,-773.6419534025026
3,-776.1806966904379
4,-776.458375860791
5,-776.64763576529
