epoch,gBest_fitness
1,-75.94756800111746
2,-112.89781752174012
3,-114.49390956305086
4,-114.53911658452036
5,-114.5833863304242
