epoch,gBest_fitness
1,374.4952989551347
2,74.41792649644844
3,6.545583877911378
4,1.9077129082407673
5,0.9036997430505307
