epoch,gBest_fitness
1,1483.4759220323672
2,388.0704887826563
3,161.51468196521105
4,42.26835023393455
5,23.069024705698705
