epoch,gBest_fitness
1,89.19541977410964
2,12.877048650851261
3,5.500846730199905
4,4.157277939161287
5,2.7692671021845063
