epoch,gBest_fitness
1,501.8660225555361
2,287.0749741133945
3,208.5702532463491
4,169.03184505282664
5,116.30535121040089
