epoch,gBest_fitness
1,196.5020110768003
2,12.564403690367108
3,3.2698417067573424
4,0.3371764996388985
5,0.2004139154838155
