epoch,gBest_fitness
1,675.2469447335358
2,244.35418683437106
3,154.8337930382985
4,106.40818937936218
5,89.83240215293246
