epoch,gBest_fitness
1,114.25379468178706
2,74.19238016531146
3,41.325884201505794
4,19.855734592218283
5,14.54657254096937
