epoch,gBest_fitness
1,9089.688114648046
2,4359.901992121198
3,2652.1340182587774
4,2098.8228489305457
5,1481.499763005402
