epoch,gBest_fitness
1,3054.687087215814
2,360.8594440779248
3,167.47089257461735
4,95.28976216579454
5,71.07930262334821
