epoch,gBest_fitness
1,1538.1046122475987
2,483.3005198589307
3,211.20335629419338
4,73.81035409119269
5,55.70261418288629
