epoch,gBest_fitness
1,58.44443476997468
2,35.86775118405516
3,23.007099867353872
4,16.922688606443742
5,14.544926227864853
