epoch,gBest_fitness
1,327148.1890997567
2,78365.9450108099
3,35458.3973733588
4,22040.22442219639
5,15412.120010060145
