epoch,gBest_fitness
1,165743.1338400746
2,49615.98989228464
3,21523.77326955953
4,12706.537033151482
5,9241.880636134114
