epoch,gBest_fitness
1,4022.494315385339
2,2466.338612207553
3,1816.9136829102406
4,1325.4000852720026
5,1067.844408901461
