epoch,gBest_fitness
1,537.0787547554754
2,275.6867749032252
3,198.4425746010403
4,155.4879155624744
5,103.55774280635181
