epoch,gBest_fitness
1,124.68690922405999
2,18.87613296251862
3,2.0536038421843625
4,0.20834479623317642
5,0.05719281145774182
