epoch,gBest_fitness
1,14054.20696109499
2,5003.736319093997
3,2186.149107525681
4,1270.5367208015305
5,856.3816807495244
