epoch,gBest_fitness
1,334.6751871235799
2,75.30954663658348
3,23.626116691705107
4,3.1847188902714474
5,0.6029658529152371
