epoch,gBest_fitness
1,15236.3408448677
2,5034.623616863943
3,2127.939012524528
4,1298.4735278843405
5,749.3749332954817
