epoch,gBest_fitness
1,351.24700963023815
2,155.50874475355354
3,96.73966528194434
4,79.62211859717205
5,68.07819264874287
