epoch,gBest_fitness
1,283909.9514037596
2,76154.01779581657
3,35803.102349692665
4,19440.909514354073
5,16107.81277382451
