epoch,gBest_fitness
1,7.250045769569084
2,3.1790907465860507
3,1.2596444299985006
4,0.345504406764976
5,0.27604331651564123
