epoch,gBest_fitness
1,5220.870715329225
2,2619.041132040911
3,2080.7889261864184
4,1446.3570895926475
5,1169.9175534808046
