epoch,gBest_fitness
1,7253.090540709377
2,3610.462731263909
3,2446.74957734846
4,1925.2528777457806
5,1501.9332601928293
