epoch,gBest_fitness
1,149.0840999902066
2,30.090456745926247
3,14.068538377382575
4,10.459540941271166
5,8.28435161921155
