epoch,gBest_fitness
1,4.175436136723617
2,0.715927670381467
3,0.41007845646096935
4,0.3168147890920662
5,0.24762522169878629
