epoch,gBest_fitness
1,9336.541102845125
2,2197.880919057016
3,1232.0805840252074
4,733.5050494699077
5,600.5189619188376
