epoch,gBest_fitness
1,7.147175994031633
2,1.7980040186566284
3,0.9503051652924432
4,0.5209942937560681
5,0.4277703216911797
