epoch,gBest_fitness
1,182579.23081520168
2,58371.62648010075
3,32878.348124718745
4,22517.52330994593
5,15782.189922085896
