epoch,gBest_fitness
1,12.171408425074299
2,4.782648207775256
3,1.7100000516456473
4,0.3488876918675149
5,0.1894564014122648
