epoch,gBest_fitness
1,1216.8613197550385
2,385.07798085578867
3,184.25879363963136
4,86.61631135141975
5,50.45478538302409
