epoch,gBest_fitness
1,16004.033252859655
2,5098.07404889716
3,3573.9292850653637
4,3068.585477631176
5,2546.4672508873655
