epoch,gBest_fitness
1,-1.3659958841900135
2,-1.3659958841900135
3,-1.3659958841900135
4,-1.3659958841900135
5,-1.6117677079302641
