epoch,gBest_fitness
1,-1.2594131906923072
2,-1.2594131906923072
3,-1.2594131906923072
4,-1.2594131906923072
5,-1.2594131906923072
