epoch,gBest_fitness
1,-6.010426701039105
2,-6.010426701039105
3,-6.010426701039105
4,-6.010426701039105
5,-6.010426701039105
