epoch,gBest_fitness
1,-0.43195786463587593
2,-1.3713406192553041
3,-1.4178996946810085
4,-1.4178996946810085
5,-1.4178996946810085
