epoch,gBest_fitness
1,-3.095128200933965
2,-3.7157507347708782
3,-3.94089818142633
4,-4.5168817244752395
5,-4.5168817244752395
