epoch,gBest_fitness
1,-6.0829964735027495
2,-6.0829964735027495
3,-6.0829964735027495
4,-6.0829964735027495
5,-6.176922318301156
