epoch,gBest_fitness
1,-1.8319004614064118
2,-1.8903385717534997
3,-1.8903385717534997
4,-1.8903385717534997
5,-1.8903563846532028
