epoch,gBest_fitness
1,-6.283598666276985
2,-6.2884507130547025
3,-6.2884507130547025
4,-6.2884507130547025
5,-6.2884507130547025
