epoch,gBest_fitness
1,-2.3727991817266427
2,-2.3727991817266427
3,-2.3727991817266427
4,-2.657361517097266
5,-2.657361517097266
