epoch,gBest_fitness
1,0.6212564444529778
2,-0.3641867561634502
3,-3.5855947329812303
4,-3.5855947329812303
5,-3.5855947329812303
