epoch,gBest_fitness
1,-1.0768331726387246
2,-1.0801290176754101
3,-1.0801290176754101
4,-1.0801290176754101
5,-1.0801290176754101
