epoch,gBest_fitness
1,-1.2597116316238488
2,-1.2597116316238488
3,-1.6859120893875432
4,-1.6859120893875432
5,-1.7016697507917633
