epoch,gBest_fitness
1,-1.8898828560833447
2,-1.89005689407656
3,-1.89005689407656
4,-1.89005689407656
5,-1.89005689407656
