epoch,gBest_fitness
1,-1.8890147012624094
2,-1.8890147012624094
3,-1.890178931572154
4,-1.890178931572154
5,-1.890312017810683
