epoch,gBest_fitness
1,-1.2599878260394075
2,-1.2599878260394075
3,-1.2599878260394075
4,-1.2599878260394075
5,-1.2599878260394075
