epoch,gBest_fitness
1,-1.431930801016905
2,-1.431930801016905
3,-1.5354808553157957
4,-1.5354808553157957
5,-1.8303823273164823
