epoch,gBest_fitness
1,-0.9139287348552917
2,-0.9139287348552917
3,-0.9256557117680073
4,-0.9256557117680073
5,-1.8123871647725762
