epoch,gBest_fitness
1,-6.286367660660257
2,-6.286367660660257
3,-6.286367660660257
4,-6.286367660660257
5,-6.286367660660257
