epoch,gBest_fitness
1,-6.260035400279656
2,-6.260035400279656
3,-6.269001224534254
4,-6.269001224534254
5,-6.300279713506738
