epoch,gBest_fitness
1,-1.8642503928469476
2,-1.8642503928469476
3,-1.8642503928469476
4,-1.8642503928469476
5,-1.8642503928469476
