epoch,gBest_fitness
1,-4.43725261529063
2,-6.220618238345946
3,-6.220618238345946
4,-6.220618238345946
5,-6.220618238345946
