epoch,gBest_fitness
1,-0.682359437768939
2,-0.682359437768939
3,-0.682359437768939
4,-0.7351283254854777
5,-1.154383702121402
