epoch,gBest_fitness
1,-1.8618540235565884
2,-1.8618540235565884
3,-1.8618540235565884
4,-1.8618540235565884
5,-1.8618540235565884
