epoch,gBest_fitness
1,-0.8069570064685139
2,-2.513629025705742
3,-2.513629025705742
4,-2.513629025705742
5,-4.02349636700799
