epoch,gBest_fitness
1,-1.7261814637436803
2,-1.7261814637436803
3,-1.838197431147219
4,-1.838197431147219
5,-1.8776066122667128
