epoch,gBest_fitness
1,-2.5907687245290236
2,-2.6551144423596518
3,-2.6551144423596518
4,-2.8664167334035113
5,-3.0111064667708805
