epoch,gBest_fitness
1,-1.5024211159401357
2,-1.5024211159401357
3,-1.7836632153529322
4,-1.7836632153529322
5,-1.8367332149323419
