epoch,gBest_fitness
1,-5.470647600567224
2,-5.610968836590867
3,-5.741279646016716
4,-5.802332174541172
5,-6.035315556072929
