epoch,gBest_fitness
1,-6.249324341205844
2,-6.300899980401977
3,-6.300899980401977
4,-6.300899980401977
5,-6.300899980401977
