epoch,gBest_fitness
1,-2.889046805670486
2,-2.889046805670486
3,-2.889046805670486
4,-2.889046805670486
5,-2.889046805670486
