epoch,gBest_fitness
1,-2.9925712722028557
2,-2.9925712722028557
3,-2.9925712722028557
4,-3.1025240939613625
5,-3.1025240939613625
