epoch,gBest_fitness
1,-3.1490248334988875
2,-3.1490248334988875
3,-3.1499179987668358
4,-3.1505373314044043
5,-3.1505373314044043
