epoch,gBest_fitness
1,-0.32368380250504225
2,-0.32368380250504225
3,-0.8705308961148792
4,-0.8705308961148792
5,-0.8705308961148792
