epoch,gBest_fitness
1,-1.24498860387102
2,-1.252513516180934
3,-1.2577606558763366
4,-1.2598063735213436
5,-1.2598063735213436
