epoch,gBest_fitness
1,-1.8891413456231223
2,-1.8891413456231223
3,-1.8891413456231223
4,-1.8891413456231223
5,-1.8891413456231223
