epoch,gBest_fitness
1,-6.292908181608736
2,-6.292908181608736
3,-6.292908181608736
4,-6.292908181608736
5,-6.292908181608736
