epoch,gBest_fitness
1,-1.055585261091091
2,-1.055585261091091
3,-3.003945561249135
4,-3.003945561249135
5,-3.003945561249135
