epoch,gBest_fitness
1,-1.2588292828625471
2,-1.2588292828625471
3,-1.2588292828625471
4,-1.2588292828625471
5,-1.2588292828625471
