epoch,gBest_fitness
1,-3.0003929144192454
2,-3.014938953466889
3,-3.014938953466889
4,-3.014938953466889
5,-3.014938953466889
