epoch,gBest_fitness
1,-0.9263631440902318
2,-1.2591510453612633
3,-1.2591510453612633
4,-1.2602371434272877
5,-1.2602371434272877
