epoch,gBest_fitness
1,0.1328857590239948
2,-1.2023265446088067
3,-1.2023265446088067
4,-1.2023265446088067
5,-1.2023265446088067
