epoch,gBest_fitness
1,-1.09563754495193
2,-1.09563754495193
3,-1.1243539153531334
4,-1.1243539153531334
5,-1.1243539153531334
