epoch,gBest_fitness
1,-1.8899351600328902
2,-1.8899351600328902
3,-1.8899351600328902
4,-1.8899351600328902
5,-1.8899351600328902
