epoch,gBest_fitness
1,-0.36702632360234844
2,-0.7255477699349785
3,-0.7255477699349785
4,-0.7255477699349785
5,-0.8298128881287893
