epoch,gBest_fitness
1,-0.8501888613288091
2,-1.6726362336543743
3,-1.6726362336543743
4,-1.7503753423292843
5,-1.889923053149919
