epoch,gBest_fitness
1,-5.11473818242932
2,-5.9490009761041485
3,-5.9490009761041485
4,-5.9490009761041485
5,-5.9490009761041485
