epoch,gBest_fitness
1,-0.1901552827382087
2,-2.1402696251611464
3,-2.2044485579731257
4,-2.2044485579731257
5,-2.2044485579731257
