epoch,gBest_fitness
1,-0.26930141321216994
2,-0.39538061903348865
3,-0.39538061903348865
4,-0.39538061903348865
5,-0.39538061903348865
