epoch,gBest_fitness
1,-0.6045986829886167
2,-0.9668742985661063
3,-0.9668742985661063
4,-0.9668742985661063
5,-0.9668742985661063
