epoch,gBest_fitness
1,-6.296009728593435
2,-6.296009728593435
3,-6.296009728593435
4,-6.296009728593435
5,-6.296009728593435
