epoch,gBest_fitness
1,-1.2426122575926863
2,-1.2510600151452484
3,-1.2559085833871517
4,-1.2559085833871517
5,-1.2581363098892564
