epoch,gBest_fitness
1,-2.459501003398584
2,-3.109582761700432
3,-3.109582761700432
4,-3.109582761700432
5,-3.109582761700432
