epoch,gBest_fitness
1,-1.8247699452253954
2,-1.886444396354509
3,-1.886444396354509
4,-1.886444396354509
5,-1.8900014002504488
