epoch,gBest_fitness
1,-1.2356054886684857
2,-1.2356054886684857
3,-1.2356054886684857
4,-1.2356054886684857
5,-1.2356054886684857
