epoch,gBest_fitness
1,-6.28685407052769
2,-6.28685407052769
3,-6.301169283261467
4,-6.301169283261467
5,-6.301169283261467
