epoch,gBest_fitness
1,0.5614505095227895
2,-2.283846662677113
3,-4.169266448081524
4,-4.169266448081524
5,-4.169266448081524
