epoch,gBest_fitness
1,-3.1430925257088065
2,-3.14734826399855
3,-3.1505849081822515
4,-3.1505849081822515
5,-3.1505849081822515
