epoch,gBest_fitness
1,-0.15251170408068182
2,-0.2691462391326721
3,-0.8122575739235274
4,-0.8704432226371036
5,-1.1200164735949256
