epoch,gBest_fitness
1,-3.1043836800574907
2,-3.1043836800574907
3,-3.1043836800574907
4,-3.1043836800574907
5,-3.1043836800574907
