epoch,gBest_fitness
1,0.25034557259012646
2,0.25034557259012646
3,0.25034557259012646
4,0.25034557259012646
5,0.25034557259012646
