epoch,gBest_fitness
1,0.5000443966014184
2,0.5000050526151552
3,0.5000050526151552
4,0.500003066150935
5,0.500003066150935
