epoch,gBest_fitness
1,0.2494559520235834
2,0.2494559520235834
3,0.2494559520235834
4,0.2494559520235834
5,0.2494559520235834
