epoch,gBest_fitness
1,0.5000004438034906
2,0.5000004438034906
3,0.5000004438034906
4,0.5000004438034906
5,0.5000004438034906
