epoch,gBest_fitness
1,0.2573168276097018
2,0.2573168276097018
3,0.2573168276097018
4,0.2573168276097018
5,0.20696731737172297
