epoch,gBest_fitness
1,0.2770967977291297
2,0.2770967977291297
3,0.2501120795853663
4,0.2501120795853663
5,0.2501120795853663
