epoch,gBest_fitness
1,0.500473868356681
2,0.5000663879257868
3,0.5000663879257868
4,0.5000012070898233
5,0.5000012070898233
