epoch,gBest_fitness
1,0.1283172360365226
2,0.1283172360365226
3,0.1283172360365226
4,0.1283172360365226
5,0.1283172360365226
