epoch,gBest_fitness
1,0.5033628538056377
2,0.5004019840149471
3,0.5004019840149471
4,0.5000261293178362
5,0.5000261293178362
