epoch,gBest_fitness
1,0.25283736156858816
2,0.25283736156858816
3,0.25283736156858816
4,0.25283736156858816
5,0.25283736156858816
