epoch,gBest_fitness
1,0.5733816440932025
2,0.25654342837970284
3,0.25654342837970284
4,0.25654342837970284
5,0.25654342837970284
