epoch,gBest_fitness
1,0.5940001337036385
2,0.30325837569493186
3,0.30325837569493186
4,0.30325837569493186
5,0.1814394372416918
