epoch,gBest_fitness
1,0.5003057360506977
2,0.5000007835139935
3,0.5000007835139935
4,0.5000007835139935
5,0.5000007835139935
