epoch,gBest_fitness
1,0.2514784116522603
2,0.2514784116522603
3,0.2514784116522603
4,0.2514784116522603
5,0.2514784116522603
