epoch,gBest_fitness
1,0.3569779081786893
2,0.25672497075564227
3,0.25672497075564227
4,0.25672497075564227
5,0.25672497075564227
