epoch,gBest_fitness
1,0.2807737413457397
2,0.24729325204206531
3,0.24729325204206531
4,0.24729325204206531
5,0.24729325204206531
