epoch,gBest_fitness
1,0.8338112357394551
2,0.5000141092349485
3,0.5000000001076332
4,0.5000000001076332
5,0.5000000001076332
