epoch,gBest_fitness
1,4.1141489650314523e-293
2,4.1141489650314523e-293
3,2.519734794e-315
4,2.519734794e-315
5,0.0
