epoch,gBest_fitness
1,4.051338296e-315
2,4.051338296e-315
3,0.0
4,0.0
5,0.0
