epoch,gBest_fitness
1,7.508112300744904e-06
2,5.9409202597380106e-64
3,5.9409202597380106e-64
4,5.9409202597380106e-64
5,5.9409202597380106e-64
