epoch,gBest_fitness
1,6.966624891536697e-12
2,7.542696305595875e-38
3,2.1453695080513672e-55
4,2.1453695080513672e-55
5,4.8571094752806e-62
