epoch,gBest_fitness
1,3.87354549115394e-21
2,8.27076029303786e-51
3,4.1909723794233216e-57
4,3.399293750664979e-79
5,3.399293750664979e-79
