epoch,gBest_fitness
1,3.0852527078697343e-11
2,1.5644030417042757e-40
3,7.618233668997599e-74
4,7.618233668997599e-74
5,7.618233668997599e-74
