epoch,gBest_fitness
1,3.62733372777862e-309
2,2.8507587765e-314
3,9.881313e-317
4,0.0
5,0.0
