epoch,gBest_fitness
1,7.845080827543753e-27
2,5.59712505988872e-58
3,5.59712505988872e-58
4,5.59712505988872e-58
5,3.4953181351752975e-96
