epoch,gBest_fitness
1,1.585433230878297e-40
2,1.28947503936805e-62
3,2.4586829516910777e-63
4,2.4586829516910777e-63
5,2.4586829516910777e-63
