epoch,gBest_fitness
1,2.030000974895406e-31
2,8.561517577516924e-33
3,8.982297221393811e-72
4,8.982297221393811e-72
5,8.982297221393811e-72
