epoch,gBest_fitness
1,8318462426254.491
2,9.464224132631044e-14
3,6.942074579585537e-56
4,6.942074579585537e-56
5,4.475065357262829e-87
