epoch,gBest_fitness
1,4412093018382.249
2,4.854936469072178e-36
3,2.1895777210471896e-57
4,2.1895777210471896e-57
5,2.1895777210471896e-57
