epoch,gBest_fitness
1,3.663765497047961e-19
2,1.3347438483861904e-71
3,1.3347438483861904e-71
4,3.6649265456636394e-107
5,3.6649265456636394e-107
