epoch,gBest_fitness
1,3.795508310149335e-14
2,9.612713154075905e-56
3,9.612713154075905e-56
4,7.318315616021446e-72
5,2.3623030356489583e-92
