epoch,gBest_fitness
1,2.948301226803365e-54
2,2.948301226803365e-54
3,1.8776444938103351e-65
4,1.8776444938103351e-65
5,1.8776444938103351e-65
