epoch,gBest_fitness
1,13214553605346.904
2,3.8199464113885985e-26
3,3.3683929181517684e-48
4,6.755964814449612e-80
5,6.755964814449612e-80
