epoch,gBest_fitness
1,18.829006324529836
2,0.04475087489329894
3,0.04475087489329894
4,0.04475087489329894
5,0.04475087489329894
