epoch,gBest_fitness
1,3.2847626999743267
2,3.193719525445753
3,0.05947109297233944
4,0.05947109297233944
5,0.05947109297233944
