epoch,gBest_fitness
1,0.14150597935293374
2,0.0101724098608635
3,0.0101724098608635
4,0.0101724098608635
5,0.0101724098608635
