epoch,gBest_fitness
1,48.53952688357859
2,48.50583908822634
3,48.50583908822634
4,48.50583908822634
5,48.50583908822634
