epoch,gBest_fitness
1,98.14667866681255
2,98.0047475740193
3,98.0047475740193
4,98.0047475740193
5,98.0047475740193
