epoch,gBest_fitness
1,2.9864974402576956
2,2.9864974402576956
3,0.5327680283989361
4,0.5146143875907004
5,0.5146143875907004
