epoch,gBest_fitness
1,18.817479555227933
2,18.817479555227933
3,18.42718177396079
4,18.42718177396079
5,6.567028150431095
