epoch,gBest_fitness
1,98.08372947487359
2,98.06228248472544
3,98.06228248472544
4,98.06228248472544
5,98.06228248472544
