epoch,gBest_fitness
1,0.40714854810117435
2,0.11114933927808521
3,0.11114933927808521
4,0.11114933927808521
5,0.11114933927808521
