epoch,gBest_fitness
1,3.1942148371925687
2,0.7341620648810355
3,0.7341620648810355
4,0.7341620648810355
5,0.7341620648810355
