epoch,gBest_fitness
1,28.70898795311274
2,0.04568320933906054
3,0.003185049783464453
4,0.003185049783464453
5,0.002645357735846007
