epoch,gBest_fitness
1,0.0001293086329217189
2,0.0001293086329217189
3,0.0001293086329217189
4,0.0001293086329217189
5,0.0001293086329217189
