epoch,gBest_fitness
1,0.17622155647634455
2,0.17622155647634455
3,0.17374200172805676
4,0.17374200172805676
5,0.13195140275501907
