epoch,gBest_fitness
1,44.417208561650014
2,24.39828642634106
3,20.071606881653267
4,14.795348015344636
5,14.011424905299707
