epoch,gBest_fitness
1,453.8466336138372
2,337.2925431457266
3,302.67416500318217
4,267.879083132014
5,246.4827311707794
