epoch,gBest_fitness
1,165.98812346347256
2,140.92715786216263
3,116.92981776783924
4,107.16369030102734
5,95.2499501946204
