epoch,gBest_fitness
1,16.37591541011893
2,13.620996562167118
3,13.506553034069
4,12.133332778913703
5,9.223982492366524
