epoch,gBest_fitness
1,2.839646452930232
2,1.8412926634900288
3,1.7576795077024516
4,1.7302661671085127
5,1.5965921941391987
