epoch,gBest_fitness
1,358.5279846639996
2,286.9575732545091
3,231.53284508732492
4,214.46903337312895
5,197.21432522711697
