epoch,gBest_fitness
1,134.4866777817061
2,97.32665327391872
3,82.18404626724052
4,73.62103991476704
5,72.85199854497384
