epoch,gBest_fitness
1,2.3853550419016742
2,1.2774681754837454
3,1.2763364321507022
4,1.220143263756502
5,0.8402772845708892
