epoch,gBest_fitness
1,14.363688295636027
2,12.23503835189013
3,11.844694958091903
4,10.785953214162113
5,9.616698670720664
