epoch,gBest_fitness
1,11.232344667720028
2,7.782452559278406
3,5.656069105327318
4,5.315601104548568
5,5.238393610794828
