epoch,gBest_fitness
1,423.6186297196474
2,307.99129984127865
3,236.74064796163864
4,222.25075774274433
5,203.62228501412667
