epoch,gBest_fitness
1,384.83600170402
2,273.6307254027695
3,246.1568981497854
4,204.31626320434717
5,178.58249979042085
