epoch,gBest_fitness
1,22.39168919966824
2,19.19935623525312
3,17.82269560332891
4,17.320751498934094
5,16.28715153940537
