epoch,gBest_fitness
1,16.809573013757063
2,13.599038005593432
3,9.873842696727854
4,7.841364169418408
5,7.618649237174479
