epoch,gBest_fitness
1,77.22567748131718
2,69.11419903977587
3,58.015642175146844
4,53.32488113698094
5,50.42437062148848
