epoch,gBest_fitness
1,67.03664270537492
2,47.046490705655756
3,37.67241406732494
4,36.29357302511631
5,34.64107346536875
