epoch,gBest_fitness
1,7.184958254331917
2,6.160972918383697
3,5.5624863205601125
4,4.99306788934836
5,4.540192671964341
