epoch,gBest_fitness
1,4.359141524745266
2,3.3357902616269883
3,2.9275084398432196
4,2.802214512611038
5,2.552500162688142
