epoch,gBest_fitness
1,38.4200888106842
2,27.772631117694754
3,27.633427887589683
4,26.848379302711592
5,25.562417468414576
