epoch,gBest_fitness
1,65.1381913258286
2,45.11818785272072
3,42.62182041122098
4,38.240185965265965
5,36.86508339735592
