epoch,gBest_fitness
1,65.03739679220321
2,48.93834963691022
3,42.289923892364996
4,39.99476343229919
5,37.07295387206452
