epoch,gBest_fitness
1,150.684814400773
2,115.07815970958451
3,84.65426221267374
4,78.51800969605351
5,64.18911341710935
