epoch,gBest_fitness
1,3.291348146390809
2,2.388206740728812
3,2.269295420550182
4,2.1797157405584278
5,2.112180706161882
