epoch,gBest_fitness
1,31.649943843281765
2,17.21267053231589
3,13.859474143312466
4,12.4597887390773
5,9.084860073142753
