epoch,gBest_fitness
1,56.576952736235306
2,44.52391558476973
3,43.222206333107906
4,40.784405834192164
5,39.00026819023686
