epoch,gBest_fitness
1,17.197997043179573
2,7.318303732033757
3,4.473427564467283
4,3.9820551314533064
5,3.958570356697618
