epoch,gBest_fitness
1,169.929656444277
2,125.0569605876504
3,100.29894468374167
4,90.57034074363072
5,87.10133373393691
