epoch,gBest_fitness
1,7.944786943638418
2,7.297886951265375
3,6.95646977299136
4,6.843146753968486
5,6.7145004510830795
