epoch,gBest_fitness
1,49.11622059947843
2,39.7964829197046
3,38.33865315369055
4,35.51757766306218
5,33.40399474364147
