epoch,gBest_fitness
1,43.41106850667816
2,42.312934795555
3,30.32171745611451
4,28.349778091888798
5,23.791398106895954
