epoch,gBest_fitness
1,68.42170218632909
2,46.59712202990356
3,33.57430461500007
4,30.515334460594325
5,30.218204648483226
