epoch,gBest_fitness
1,104.36981018909097
2,46.595513446674154
3,32.0384579422657
4,26.42972035891683
5,25.400847628763543
