epoch,gBest_fitness
1,721.5217134892056
2,617.9217090904602
3,0.0
4,0.0
5,0.0
