epoch,gBest_fitness
1,3.523966727464583e-05
2,3.523966727464583e-05
3,3.523966727464583e-05
4,3.523966727464583e-05
5,3.523966727464583e-05
