epoch,gBest_fitness
1,3186.2025098560944
2,939.9380123418621
3,760.608749883667
4,760.608749883667
5,760.608749883667
