epoch,gBest_fitness
1,285.7033505524686
2,285.7033505524686
3,285.7033505524686
4,285.7033505524686
5,130.8943978899414
