epoch,gBest_fitness
1,1919.3447102986988
2,965.9155369939492
3,0.0
4,0.0
5,0.0
