epoch,gBest_fitness
1,0.0009420027809932263
2,0.0009420027809932263
3,0.00039695475831216397
4,0.0
5,0.0
