epoch,gBest_fitness
1,93.58072968763533
2,0.038086771690947485
3,0.038086771690947485
4,0.038086771690947485
5,0.004665214969176916
