epoch,gBest_fitness
1,3376.387677211275
2,1810.3460323056495
3,1363.9222275145416
4,1363.9222275145416
5,0.0
