epoch,gBest_fitness
1,0.21969109262506306
2,0.21969109262506306
3,0.009613990218063105
4,0.009613990218063105
5,0.009613990218063105
