epoch,gBest_fitness
1,1120.2939508782895
2,658.9038866413327
3,526.5177539565823
4,350.0848606509443
5,328.6692118741576
