epoch,gBest_fitness
1,73.32150829587228
2,23.865323097988565
3,0.007576827868316956
4,0.0021361533614827496
5,0.0021361533614827496
