epoch,gBest_fitness
1,913.4326483682293
2,634.3650375448209
3,634.3650375448209
4,634.3650375448209
5,25.910347248780255
