epoch,gBest_fitness
1,0.19811533178221957
2,0.008217626054338572
3,0.008217626054338572
4,0.008217626054338572
5,0.008217626054338572
