epoch,gBest_fitness
1,161.24915681040702
2,161.24915681040702
3,0.0
4,0.0
5,0.0
