epoch,gBest_fitness
1,205.63790329497724
2,146.1218620686025
3,0.0
4,0.0
5,0.0
