epoch,gBest_fitness
1,103.17668818880114
2,9.238533758270103
3,9.238533758270103
4,9.238533758270103
5,0.0
