epoch,gBest_fitness
1,995.5666682014032
2,995.5666682014032
3,573.2114374809739
4,282.8926650572582
5,191.48459274062816
