epoch,gBest_fitness
1,1283.6178448736905
2,918.9081366670833
3,653.8836603542898
4,0.0
5,0.0
