epoch,gBest_fitness
1,1101.1576812903193
2,1101.1576812903193
3,910.7024736450356
4,728.1711508502069
5,728.1711508502069
