epoch,gBest_fitness
1,3.0100225022278106
2,0.0944940020959944
3,0.0944940020959944
4,0.0944940020959944
5,0.0
