epoch,gBest_fitness
1,2.4874017643474585e-05
2,2.4874017643474585e-05
3,2.4874017643474585e-05
4,0.0
5,0.0
