epoch,gBest_fitness
1,279.3725926921893
2,0.022147597382447894
3,0.022147597382447894
4,0.011851421359007956
5,0.0005007407354198539
