epoch,gBest_fitness
1,0.005615162680647332
2,0.005615162680647332
3,0.0
4,0.0
5,0.0
