epoch,gBest_fitness
1,1591.9209694414908
2,114.69636539555424
3,0.0
4,0.0
5,0.0
