epoch,gBest_fitness
1,-6.287755254748953
2,-6.300580539142645
3,-6.301145991269607
4,-6.301178115930783
5,-6.301178115930783
