epoch,gBest_fitness
1,-6.301116215121785
2,-6.301116215121785
3,-6.301116215121785
4,-6.301116215121785
5,-6.301116215121785
