epoch,gBest_fitness
1,-1.8901173971487941
2,-1.8901173971487941
3,-1.8901173971487941
4,-1.8901173971487941
5,-1.8901173971487941
