epoch,gBest_fitness
1,-3.1085655568436574
2,-3.150465893983565
3,-3.150465893983565
4,-3.150465893983565
5,-3.150465893983565
