epoch,gBest_fitness
1,-1.2539149776648761
2,-1.2539149776648761
3,-1.260084040227873
4,-1.260244037276387
5,-1.260244037276387
