epoch,gBest_fitness
1,-1.8840009558423025
2,-1.8840009558423025
3,-1.8840009558423025
4,-1.890075948458866
5,-1.890075948458866
