epoch,gBest_fitness
1,-3.079163160807668
2,-3.140808772272452
3,-3.141902584421458
4,-3.141902584421458
5,-3.149599037358964
