epoch,gBest_fitness
1,-3.1488943816776485
2,-3.1488943816776485
3,-3.1488943816776485
4,-3.1488943816776485
5,-3.149787636180787
