epoch,gBest_fitness
1,-1.2581275907920313
2,-1.2581275907920313
3,-1.258756583727997
4,-1.258756583727997
5,-1.258756583727997
