epoch,gBest_fitness
1,-3.149192436534171
2,-3.149192708688725
3,-3.1505807733486924
4,-3.1505807733486924
5,-3.1505807733486924
