epoch,gBest_fitness
1,-1.890260174058124
2,-1.890260174058124
3,-1.890260174058124
4,-1.890260174058124
5,-1.890260174058124
