epoch,gBest_fitness
1,-1.8902881940018723
2,-1.8902881940018723
3,-1.8902881940018723
4,-1.8902881940018723
5,-1.8902881940018723
