epoch,gBest_fitness
1,-3.1476190472111645
2,-3.150475574701007
3,-3.150585339682292
4,-3.1506098951639894
5,-3.1506098951639894
