epoch,gBest_fitness
1,-3.150605369972366
2,-3.150605369972366
3,-3.150605369972366
4,-3.150605369972366
5,-3.150605369972366
