epoch,gBest_fitness
1,-1.2597529072887945
2,-1.2597529072887945
3,-1.2602211177552438
4,-1.2602211177552438
5,-1.2602211177552438
