epoch,gBest_fitness
1,-3.150400484644166
2,-3.150400484644166
3,-3.150400484644166
4,-3.150400484644166
5,-3.150400484644166
