epoch,gBest_fitness
1,-1.2589665717036378
2,-1.2601699490539113
3,-1.2601699490539113
4,-1.2601699490539113
5,-1.2601699490539113
