epoch,gBest_fitness
1,-6.299762695495508
2,-6.299762695495508
3,-6.299762695495508
4,-6.299762695495508
5,-6.299762695495508
