epoch,gBest_fitness
1,-6.300557384609062
2,-6.300557384609062
3,-6.300557384609062
4,-6.300557384609062
5,-6.300557384609062
