epoch,gBest_fitness
1,-1.8903104769511119
2,-1.8903104769511119
3,-1.8903104769511119
4,-1.890349626803978
5,-1.890349626803978
