epoch,gBest_fitness
1,-6.22086842617705
2,-6.2633238399806235
3,-6.2847941478188964
4,-6.2847941478188964
5,-6.2847941478188964
