epoch,gBest_fitness
1,-1.8870153581044113
2,-1.8889720836955588
3,-1.8893220708259948
4,-1.890054593365158
5,-1.8903616008808648
