epoch,gBest_fitness
1,-5.929399285149875
2,-6.2931167656532
3,-6.2931167656532
4,-6.300519384395104
5,-6.300937624360482
