epoch,gBest_fitness
1,-1.8903530908497614
2,-1.8903530908497614
3,-1.8903530908497614
4,-1.8903530908497614
5,-1.8903530908497614
