epoch,gBest_fitness
1,-1.2598327038739692
2,-1.2598327038739692
3,-1.2602426857166589
4,-1.2602426857166589
5,-1.2602426857166589
