epoch,gBest_fitness
1,-1.246460608742554
2,-1.260101312969361
3,-1.260101312969361
4,-1.260101312969361
5,-1.260101312969361
