epoch,gBest_fitness
1,-1.2561418352230316
2,-1.2561418352230316
3,-1.2597109718033135
4,-1.2602430438017165
5,-1.2602430438017165
