epoch,gBest_fitness
1,-3.1359595176789776
2,-3.150544587238529
3,-3.150544587238529
4,-3.150544587238529
5,-3.150544587238529
