epoch,gBest_fitness
1,-1.8886447184494974
2,-1.890196686883696
3,-1.890196686883696
4,-1.890196686883696
5,-1.890196686883696
