epoch,gBest_fitness
1,-6.275476507533922
2,-6.283448911989677
3,-6.283448911989677
4,-6.283448911989677
5,-6.283448911989677
