epoch,gBest_fitness
1,-3.1106895896540863
2,-3.1106895896540863
3,-3.1483691777356526
4,-3.1483691777356526
5,-3.1483691777356526
