epoch,gBest_fitness
1,-6.271533431874355
2,-6.300754468584715
3,-6.300754468584715
4,-6.300754468584715
5,-6.300754468584715
