epoch,gBest_fitness
1,-3.1443089685908134
2,-3.1443089685908134
3,-3.1493575886981855
4,-3.1493575886981855
5,-3.1498522624469336
