epoch,gBest_fitness
1,-1.889427260756915
2,-1.889427260756915
3,-1.889427260756915
4,-1.889427260756915
5,-1.889427260756915
