epoch,gBest_fitness
1,-1.2597078924537326
2,-1.2597078924537326
3,-1.2597078924537326
4,-1.2600143177617737
5,-1.2600143177617737
