epoch,gBest_fitness
1,-6.289910500229191
2,-6.289910500229191
3,-6.289910500229191
4,-6.299850966299214
5,-6.300667589370754
