epoch,gBest_fitness
1,-1.8811525667173419
2,-1.8814341549266604
3,-1.889609296677456
4,-1.8900986014087553
5,-1.8900986014087553
