epoch,gBest_fitness
1,-6.160333760577329
2,-6.2994889294138385
3,-6.301209455848057
4,-6.301209455848057
5,-6.301209455848057
