epoch,gBest_fitness
1,-1.2370070344288646
2,-1.2589191412410552
3,-1.2589191412410552
4,-1.2589191412410552
5,-1.2589191412410552
