epoch,gBest_fitness
1,-1.2560202593144802
2,-1.2586414008283744
3,-1.2599511674913808
4,-1.2601815676427357
5,-1.2602055091640318
