epoch,gBest_fitness
1,453936315.6401612
2,141705.70712145264
3,30826.310530017206
4,2165.4544520289073
5,720.0457613095344
