epoch,gBest_fitness
1,100225666.40472195
2,32182230.779391594
3,9388887.53822992
4,3633946.584609771
5,2159253.7264932906
