epoch,gBest_fitness
1,245077825.7389353
2,53366306.05144178
3,5302853.71016591
4,1291974.4128373696
5,199706.79089802722
