epoch,gBest_fitness
1,193749692144.88452
2,22978235088.52997
3,525489287.29584795
4,58176609.40327378
5,7661811.130335317
