epoch,gBest_fitness
1,4079068.083221416
2,368222.9678159725
3,93612.25939024327
4,43072.746051309325
5,27239.420490367916
