epoch,gBest_fitness
1,1139031180.4373674
2,67429772.64359604
3,8310211.413859393
4,2936674.5201223656
5,1552619.9208868872
