epoch,gBest_fitness
1,1978599641348.4314
2,35367102916.861404
3,5485360533.857092
4,1893934875.065929
5,1471749420.605104
