epoch,gBest_fitness
1,33122986.993433263
2,428874.2417048172
3,1891.4388783135194
4,2.7579719315678206
5,0.35119934432083355
