epoch,gBest_fitness
1,10132733.834984623
2,668.986766540746
3,2.305955545939908
4,0.5818363097870873
5,0.3461250244007975
