epoch,gBest_fitness
1,2432675178.5664816
2,51333026.61839667
3,5613468.641765972
4,36377.15426644119
5,825.8679763980373
