epoch,gBest_fitness
1,183385381.4651323
2,2126240.395232181
3,277455.13131181087
4,57989.94411145378
5,24359.122866394257
