epoch,gBest_fitness
1,35158.60899645635
2,791.2052396970281
3,89.23410012954295
4,4.557282297740597
5,2.0181889486730884
