epoch,gBest_fitness
1,134868648.51673824
2,9100957.9190911
3,709072.1534497171
4,308480.2824452795
5,114610.52819160883
