epoch,gBest_fitness
1,451793675.33198196
2,25340313.41600106
3,185713.151278034
4,6397.668677037878
5,67.78526585241359
