epoch,gBest_fitness
1,759822458.054278
2,47468604.59486143
3,11793097.124492245
4,4696575.048247729
5,1375865.8724037567
