epoch,gBest_fitness
1,14995330.802642643
2,347437.8773802089
3,2895.361776829798
4,476.8662780349192
5,153.76190838215524
