epoch,gBest_fitness
1,110822859290.98582
2,1544708589.4485106
3,133876248.51895642
4,26409037.852537002
5,823736.6579736393
