epoch,gBest_fitness
1,19416170541.926876
2,1066449161.1075916
3,61871963.309250884
4,4162204.5513742277
5,250350.57604429853
