epoch,gBest_fitness
1,177212693.08224925
2,824.6694670728365
3,17.829631730874436
4,6.467532140450908
5,2.2831789857027123
