epoch,gBest_fitness
1,17802128.84680947
2,13067.229830895014
3,520.7991813273561
4,78.44006981055581
5,8.028452530805449
