epoch,gBest_fitness
1,67957866373832.94
2,5339061171977.633
3,1029743828334.492
4,314326828963.47174
5,148936687844.53995
