epoch,gBest_fitness
1,7005443.06707744
2,1038073.0364425273
3,97820.74453418625
4,5058.498064905969
5,2251.068550826285
