epoch,gBest_fitness
1,635802196002.7548
2,4268575543.3032994
3,68656394.98253866
4,9388837.764624003
5,1561376.21124062
