epoch,gBest_fitness
1,1806504578621.4475
2,122351370066.92986
3,23826386940.12851
4,4954347840.711128
5,1402230711.469777
