epoch,gBest_fitness
1,1161271037.150065
2,360172591.58722764
3,247289400.39012444
4,137518494.17360833
5,77639010.57346232
