epoch,gBest_fitness
1,33767360605.654316
2,212646965.98157194
3,17850351.1780847
4,1584827.9062307153
5,230319.64859409042
