epoch,gBest_fitness
1,315081823.7253505
2,110369816.24684934
3,34109824.37569595
4,10831883.39484883
5,5277157.969563664
