epoch,gBest_fitness
1,4483318355564.964
2,109307647642.79654
3,10991818368.11425
4,1746705513.5607867
5,902432653.520688
