epoch,gBest_fitness
1,1411258854.9498508
2,252327750.31594506
3,68737539.51569656
4,30557145.329988047
5,11374720.674732385
