epoch,gBest_fitness
1,4075766180146.529
2,91137127005.39265
3,14246243787.965635
4,1944549973.2061133
5,336177393.34930855
