epoch,gBest_fitness
1,2382936035.4171476
2,129853152.96425775
3,913697.0295486484
4,19721.932805737033
5,155.9372510565221
