epoch,gBest_fitness
1,460.0409358108478
2,20.771503788403784
3,6.55522375432036
4,0.6616430367383455
5,0.3597522632456642
