epoch,gBest_fitness
1,5564790679314.078
2,432551954737.4842
3,103754723437.42844
4,15935926600.415133
5,3331741968.0813017
