epoch,gBest_fitness
1,1283364.2786878496
2,984.5744685400649
3,205.24698464711082
4,25.281389763205652
5,7.523568066577459
