epoch,gBest_fitness
1,936310.1843647362
2,42844.85771658202
3,5277.6309501488995
4,504.9044560618457
5,19.213981184710946
