epoch,gBest_fitness
1,697613787.8578439
2,193535109.88611796
3,123722991.81867129
4,61366406.42149549
5,27485550.284328796
