epoch,gBest_fitness
1,1732158148.7610264
2,6717305.714573455
3,30908.552857032122
4,1081.3518865416536
5,116.60280780456105
