epoch,gBest_fitness
1,140644969988468.95
2,10675514231022.361
3,1435900430374.5576
4,532464344648.98627
5,165624073292.42358
