epoch,gBest_fitness
1,683028701.3454778
2,4964995.707251534
3,191434.15981607785
4,11006.472068633075
5,190.35661043623412
