epoch,gBest_fitness
1,29376.971207773327
2,145.0738133750993
3,0.13293242043470743
4,0.002652323851139563
5,0.0002115242219815102
