epoch,gBest_fitness
1,941686518.4548296
2,80027626.658103
3,21042165.971550047
4,8771409.348364742
5,5229793.769540504
