epoch,gBest_fitness
1,28641326947.503372
2,467900093.0479758
3,39306453.41605558
4,3103303.170038622
5,464640.82973912434
