epoch,gBest_fitness
1,1407714154513.931
2,43143554549.204926
3,11631903655.268276
4,485049801.30894893
5,45849122.44067527
