epoch,gBest_fitness
1,8037754.487375384
2,2244053.661067087
3,669379.3137575381
4,241952.7216856755
5,108651.36370986087
