epoch,gBest_fitness
1,24744941.621897265
2,3019250.45095841
3,356363.8099272331
4,53859.01143461522
5,15680.787947867066
