epoch,gBest_fitness
1,10003518487930.69
2,195448.22350425232
3,2336.112951843991
4,473.08118244348697
5,95.8046610449302
