epoch,gBest_fitness
1,16145160491194.293
2,1236701487455.216
3,77204821436.27856
4,6612820975.022545
5,1409951093.9950995
