epoch,gBest_fitness
1,24497.99897380312
2,433.9337996614228
3,2.400698301594363
4,0.7586450012900934
5,0.3958068518811912
