epoch,gBest_fitness
1,10026391.082750177
2,2724690.1720887288
3,564936.3945861355
4,38377.21316806701
5,23757.80884364976
