epoch,gBest_fitness
1,3542108694838.5938
2,54592708531.1037
3,5498056365.764049
4,1386509029.890021
5,378087416.84657556
