epoch,gBest_fitness
1,2896546082.079246
2,1371735068.6904926
3,753432943.0333436
4,419714544.5420841
5,305014180.7475165
