epoch,gBest_fitness
1,51727.052434030295
2,15.831428001090162
3,2.333054778704705
4,0.009976548897339245
5,0.001752618493242683
