epoch,gBest_fitness
1,326841686.1843851
2,131090829.47811955
3,60592040.89202881
4,27542348.67961446
5,14837788.18314208
