epoch,gBest_fitness
1,132147092206.65887
2,4195230.590568946
3,181145.07097946992
4,12931.615780888951
5,397.43921652062176
