epoch,gBest_fitness
1,19799988671018.098
2,1429358066850.5332
3,137183136449.72444
4,27790295228.599586
5,3153980786.293111
