epoch,gBest_fitness
1,2348.166953949807
2,20.065983515061703
3,7.628710931701413
4,5.730488862584688
5,4.154650589275442
