epoch,gBest_fitness
1,3178312677.1822085
2,1063961269.938618
3,636321879.3700478
4,339670091.7217411
5,227603427.33374283
