epoch,gBest_fitness
1,854574044.5223707
2,316685344.18090427
3,90295992.05216235
4,24623523.51753531
5,9351944.736341929
