epoch,gBest_fitness
1,271585791.6160361
2,1616276.5724456285
3,95505.56714507926
4,41014.27929684622
5,13068.006507596476
