epoch,gBest_fitness
1,14930374253.743628
2,645597228.0274038
3,18441458.308726616
4,647137.9042429904
5,40256.83291734806
