epoch,gBest_fitness
1,220448427103.36484
2,2549088295.0798693
3,166422377.1115981
4,23057445.861886054
5,1239279.1946449615
