epoch,gBest_fitness
1,1074794433732.8506
2,29627088208.732033
3,7289580290.825762
4,816312636.6158676
5,143821034.0270266
