epoch,gBest_fitness
1,5791916733.068225
2,1707486353.1934688
3,290203862.70009685
4,142371012.08542073
5,58949137.317155845
