epoch,gBest_fitness
1,459303891585.6761
2,4025353119.5946193
3,206706274.8666483
4,17657937.94910641
5,410429.4096381844
