epoch,gBest_fitness
1,10463458.733467873
2,596932.3626703841
3,60411.4806833503
4,8864.465908905693
5,1013.6060035669763
