epoch,gBest_fitness
1,136815436.4767863
2,7696575.64079227
3,1463644.5060191639
4,243022.2723092029
5,130444.80558036243
