epoch,gBest_fitness
1,4637292561.106311
2,58397996.47102391
3,6528096.601727373
4,163255.14771426754
5,3703.6882243736736
