epoch,gBest_fitness
1,1092307.6720112949
2,25155.548968122675
3,2123.2424860794354
4,67.28658757372766
5,17.41639123952886
