epoch,gBest_fitness
1,35889.15625579095
2,641.4859556123081
3,10.178795326745606
4,1.8607391285091366
5,0.07799633624852809
