epoch,gBest_fitness
1,71814.06157623274
2,7652.390600090305
3,628.3005059947042
4,99.79499641295617
5,10.179174108727864
