epoch,gBest_fitness
1,6123202.504561753
2,162363.7473464019
3,3771.555927402318
4,424.57666425870474
5,38.391536677170144
