epoch,gBest_fitness
1,38254453.76194892
2,181795.3784461418
3,7551.441476994491
4,1464.9398333872455
5,200.76160724194838
