epoch,gBest_fitness
1,703172896358.445
2,20010329908.799465
3,186136273.95487297
4,31727822.803044245
5,459891.24563979416
