epoch,gBest_fitness
1,6299543314.489548
2,69713915.58540127
3,11634249.748059027
4,144280.5702731899
5,5144.794119600087
