epoch,gBest_fitness
1,343526891974.85455
2,1946870985.170397
3,386144188.6613066
4,13054932.806408947
5,2206490.9767677747
