epoch,gBest_fitness
1,6642673356487.854
2,114826215126.79158
3,11063644569.685162
4,2047322620.4448574
5,693638383.9547665
