epoch,gBest_fitness
1,1024307912.1359453
2,7599119.5935993325
3,85988.65314112707
4,839.9787282013268
5,17.51134946639845
