epoch,gBest_fitness
1,49156760292484.79
2,5981537758349.801
3,566874438558.3839
4,172437236464.63812
5,80916649283.52145
