epoch,gBest_fitness
1,4058102175058.813
2,11219753003.380201
3,3957266576.664474
4,1183399345.866978
5,195988143.94701192
