epoch,gBest_fitness
1,7848.425847969034
2,117.24521492910169
3,2.0154724087258997
4,1.1413404942165548
5,0.2752022086511525
