epoch,gBest_fitness
1,584882725.471087
2,67612621.99877904
3,11646577.438922277
4,2577659.0635655792
5,917616.1144698989
