epoch,gBest_fitness
1,300716.6543032008
2,14632.960784677205
3,3298.353516333341
4,1166.8089094000818
5,153.50027734650763
