epoch,gBest_fitness
1,124746918.8901531
2,26769610.228003416
3,8006924.903115431
4,2313037.868886735
5,1324610.5778180836
