epoch,gBest_fitness
1,11142056.0326251
2,442031.83306768636
3,182883.01170164795
4,55149.75193221409
5,1599.5237378728546
