epoch,gBest_fitness
1,25211.580225605732
2,75.8816620224934
3,3.438906704606858
4,2.2280963285378808
5,1.6180287763586225
