epoch,gBest_fitness
1,25142995.49136749
2,793277.2856134794
3,13149.854292254451
4,918.4475666302816
5,257.1693167151657
