epoch,gBest_fitness
1,35931607869805.85
2,2459611976828.011
3,362733517971.7921
4,69621329050.64246
5,6772651252.163222
