epoch,gBest_fitness
1,524992931686534.06
2,15765486400807.904
3,1965329154078.2112
4,533842789584.77563
5,188139298844.89932
