epoch,gBest_fitness
1,2709912984.5687413
2,148634.60833562462
3,2565.7400593242055
4,513.9144626036949
5,359.905533605379
