epoch,gBest_fitness
1,15863148.005050521
2,2850592.828570674
3,1198435.5637613137
4,178905.23024597697
5,56680.83629268638
