epoch,gBest_fitness
1,62065514694.03972
2,852615149.0102458
3,41944158.25384234
4,8394126.130528307
5,490808.7915293592
