epoch,gBest_fitness
1,359749166487.92664
2,680889.4326619318
3,75386.85438672232
4,28546.9979419154
5,20753.29280907868
