epoch,gBest_fitness
1,5039273.135110029
2,433673.64936380985
3,70798.84157544767
4,1467.6912617915325
5,246.49189719697063
