epoch,gBest_fitness
1,46508583631.85099
2,1552762444.376688
3,36524063.46465021
4,6272057.752179689
5,602384.39699424
