epoch,gBest_fitness
1,1.3874481063498333e-18
2,1.4731476355636468e-19
3,8.40629283698135e-34
4,8.40629283698135e-34
5,8.40629283698135e-34
