epoch,gBest_fitness
1,5.626734117198325e-231
2,5.626734117198325e-231
3,5.626734117198325e-231
4,2.6483953082016103e-233
5,4.0277656033756083e-250
