epoch,gBest_fitness
1,4.8393393259686723e-237
2,4.8393393259686723e-237
3,7.52861332396372e-245
4,7.52861332396372e-245
5,7.52861332396372e-245
