epoch,gBest_fitness
1,3.3029222903206786e-23
2,5.908032552133836e-39
3,5.908032552133836e-39
4,5.908032552133836e-39
5,5.908032552133836e-39
