epoch,gBest_fitness
1,1.1736289372677906e-229
2,1.1736289372677906e-229
3,1.8569396324341562e-243
4,1.8569396324341562e-243
5,1.521547165498384e-244
