epoch,gBest_fitness
1,1.495425778725642e-208
2,1.1026682947389846e-242
3,1.1026682947389846e-242
4,7.936181059149215e-255
5,7.936181059149215e-255
