epoch,gBest_fitness
1,1.5926394883355902e-21
2,1.5926394883355902e-21
3,1.5926394883355902e-21
4,6.99802898459068e-28
5,6.99802898459068e-28
