epoch,gBest_fitness
1,3.9440487595421603e-23
2,3.9440487595421603e-23
3,3.9440487595421603e-23
4,2.166127572367412e-31
5,1.3671320477483234e-32
