epoch,gBest_fitness
1,7.435356709201311e-193
2,1.2726674599315014e-223
3,1.2726674599315014e-223
4,1.0136916685564607e-227
5,1.0136916685564607e-227
