epoch,gBest_fitness
1,3.471293609859537e-27
2,3.471293609859537e-27
3,3.471293609859537e-27
4,3.471293609859537e-27
5,2.1581167853513665e-28
