epoch,gBest_fitness
1,1.2604683517932654e-236
2,1.151672382357232e-241
3,1.151672382357232e-241
4,1.151672382357232e-241
5,1.2376369157559777e-250
