epoch,gBest_fitness
1,4.360185470805833e-248
2,4.360185470805833e-248
3,4.360185470805833e-248
4,4.360185470805833e-248
5,4.360185470805833e-248
