epoch,gBest_fitness
1,4.3176561341531485e-217
2,7.222632013994333e-253
3,7.222632013994333e-253
4,7.222632013994333e-253
5,8.381848749995976e-255
