epoch,gBest_fitness
1,4.032780450103263e-21
2,1.445328280485047e-23
3,5.7440630101793e-26
4,5.7440630101793e-26
5,5.7440630101793e-26
