epoch,gBest_fitness
1,3.036616055052675e-250
2,3.036616055052675e-250
3,3.036616055052675e-250
4,3.036616055052675e-250
5,3.036616055052675e-250
