epoch,gBest_fitness
1,2.602985460060698e-30
2,2.602985460060698e-30
3,2.602985460060698e-30
4,2.777418908922868e-32
5,2.777418908922868e-32
