epoch,gBest_fitness
1,8.62771120565145e-21
2,8.62771120565145e-21
3,1.4198582348369547e-22
4,3.1348586645753342e-34
5,3.1348586645753342e-34
