epoch,gBest_fitness
1,1.4776486411431967e-21
2,9.922165999124537e-29
3,3.5163789546878974e-33
4,3.5163789546878974e-33
5,3.5163789546878974e-33
