epoch,gBest_fitness
1,8.573761945171519e-241
2,8.573761945171519e-241
3,8.573761945171519e-241
4,8.573761945171519e-241
5,8.573761945171519e-241
