epoch,gBest_fitness
1,2.7160741808113077e-33
2,2.7160741808113077e-33
3,3.443426323270973e-43
4,3.443426323270973e-43
5,3.443426323270973e-43
