epoch,gBest_fitness
1,7.0416725044342605e-208
2,2.1011976031125885e-223
3,4.227101644540533e-226
4,4.227101644540533e-226
5,4.227101644540533e-226
