epoch,gBest_fitness
1,1.6714008980536548e-16
2,2.0607874340408776e-29
3,2.0607874340408776e-29
4,2.0607874340408776e-29
5,2.0607874340408776e-29
