epoch,gBest_fitness
1,3.293746931016775e-235
2,3.293746931016775e-235
3,3.2035191341562384e-242
4,2.110101910376644e-256
5,2.110101910376644e-256
