epoch,gBest_fitness
1,1.405332502532204e-25
2,4.606650847834042e-29
3,2.177489430249161e-31
4,2.177489430249161e-31
5,1.3777991641087845e-31
