epoch,gBest_fitness
1,7.299965600643933e-22
2,2.5501655196688395e-35
3,4.1521833531063606e-38
4,1.2521450246141096e-38
5,1.0307668054733684e-45
