epoch,gBest_fitness
1,4.584971330182713e-211
2,4.584971330182713e-211
3,1.1157777264682277e-232
4,1.1157777264682277e-232
5,1.1157777264682277e-232
