epoch,gBest_fitness
1,2.7420301911144264e-193
2,7.378753489256356e-213
3,7.378753489256356e-213
4,7.378753489256356e-213
5,7.378753489256356e-213
