epoch,gBest_fitness
1,9.48332515285243e-192
2,8.472665206324154e-228
3,8.472665206324154e-228
4,8.472665206324154e-228
5,2.745518456499432e-234
