epoch,gBest_fitness
1,1.0685971443946714e-210
2,1.0685971443946714e-210
3,1.0685971443946714e-210
4,1.0685971443946714e-210
5,7.981011418735317e-222
