epoch,gBest_fitness
1,1.499617111777986e-26
2,4.873703267504247e-40
3,4.873703267504247e-40
4,4.873703267504247e-40
5,4.873703267504247e-40
