epoch,gBest_fitness
1,8.651062408541942e-22
2,1.7296843817935377e-34
3,5.315701571540924e-35
4,5.315701571540924e-35
5,5.315701571540924e-35
