epoch,gBest_fitness
1,1.1772682083311256e-193
2,2.4923912574690987e-197
3,2.001458016139353e-236
4,2.001458016139353e-236
5,2.001458016139353e-236
