epoch,gBest_fitness
1,4.276318074712496e-204
2,5.311271857471739e-208
3,5.311271857471739e-208
4,2.449768735632897e-211
5,2.449768735632897e-211
