epoch,gBest_fitness
1,2.028321377712103e-211
2,2.028321377712103e-211
3,2.028321377712103e-211
4,2.1569304195290863e-240
5,2.1569304195290863e-240
