epoch,gBest_fitness
1,2.942716044151586e-219
2,2.942716044151586e-219
3,2.942716044151586e-219
4,2.942716044151586e-219
5,2.942716044151586e-219
