epoch,gBest_fitness
1,1.6752670618751285e-07
2,4.178088187651678e-30
3,6.2056504958626365e-31
4,2.379550964489376e-33
5,2.379550964489376e-33
