epoch,gBest_fitness
1,2.664574815305399e-17
2,2.446246006195774e-32
3,2.446246006195774e-32
4,2.446246006195774e-32
5,2.446246006195774e-32
