epoch,gBest_fitness
1,4.27857542719522e+19
2,9.177313167806501e-31
3,4.64699179756226e-36
4,4.64699179756226e-36
5,4.64699179756226e-36
