epoch,gBest_fitness
1,6.575968575437933e-17
2,4.827386206120479e-31
3,4.827386206120479e-31
4,4.827386206120479e-31
5,1.1612080307129695e-32
