epoch,gBest_fitness
1,5.884419363154053e-31
2,5.884419363154053e-31
3,5.884419363154053e-31
4,2.0849318633512057e-34
5,4.379599591346467e-38
