epoch,gBest_fitness
1,3.785509257595671e+19
2,3.785509257595671e+19
3,3.785509257595671e+19
4,3.785509257595671e+19
5,3.785509257595671e+19
