epoch,gBest_fitness
1,1.0970417904740994e-209
2,4.337842003148282e-214
3,4.337842003148282e-214
4,2.484212568589393e-222
5,2.484212568589393e-222
