epoch,gBest_fitness
1,2.1924437635381223e-202
2,3.567486954512963e-239
3,3.567486954512963e-239
4,3.567486954512963e-239
5,3.567486954512963e-239
