epoch,gBest_fitness
1,2.0621356813645972e-194
2,1.9975350472679896e-212
3,4.749583238105069e-215
4,4.749583238105069e-215
5,4.749583238105069e-215
