epoch,gBest_fitness
1,2.455606100723467e-198
2,8.904663809703815e-220
3,8.904663809703815e-220
4,8.904663809703815e-220
5,8.904663809703815e-220
