epoch,gBest_fitness
1,6.7041549973917815e-25
2,6.811638862927229e-36
3,6.811638862927229e-36
4,6.811638862927229e-36
5,1.172117607548027e-38
