epoch,gBest_fitness
1,2.813360391987707e+19
2,1.3336365683518132e-24
3,1.3336365683518132e-24
4,1.3336365683518132e-24
5,3.480372774091084e-33
