epoch,gBest_fitness
1,2.7237365317810796e-207
2,2.7237365317810796e-207
3,9.665488512841078e-218
4,1.5006422234589768e-229
5,1.5006422234589768e-229
