epoch,gBest_fitness
1,4.629364388804852e-214
2,4.629364388804852e-214
3,5.202353898099111e-216
4,1.9630886643325373e-223
5,1.9630886643325373e-223
