epoch,gBest_fitness
1,1.2666720495816223e-14
2,4.281255224568324e-21
3,4.281255224568324e-21
4,1.929368989989515e-32
5,1.929368989989515e-32
