epoch,gBest_fitness
1,4.519539092696297e-28
2,3.167828719084998e-32
3,2.746620952237654e-35
4,2.746620952237654e-35
5,2.746620952237654e-35
