epoch,gBest_fitness
1,6.5547052624009505e-208
2,2.4723807743074926e-212
3,2.4723807743074926e-212
4,2.4723807743074926e-212
5,2.4723807743074926e-212
