epoch,gBest_fitness
1,1.849191347590324e-207
2,3.809386720270833e-211
3,3.809386720270833e-211
4,3.809386720270833e-211
5,3.809386720270833e-211
