epoch,gBest_fitness
1,6.906855194856431e+19
2,6.906855194856431e+19
3,6.906855194856431e+19
4,1.9658578789864123e-32
5,1.9658578789864123e-32
