epoch,gBest_fitness
1,3.1688112439128327e-214
2,9.284872718489903e-219
3,9.284872718489903e-219
4,9.284872718489903e-219
5,1.0558549356764117e-223
