epoch,gBest_fitness
1,3.128118655777215e+19
2,6.71453045881661e-41
3,6.71453045881661e-41
4,6.71453045881661e-41
5,6.71453045881661e-41
