epoch,gBest_fitness
1,4.147806381647472e-198
2,4.147806381647472e-198
3,3.9943500719301055e-209
4,3.9943500719301055e-209
5,9.583455982575699e-225
