epoch,gBest_fitness
1,4.587023574881539e+19
2,1.2682264030194649e-22
3,5.519492193696959e-34
4,5.519492193696959e-34
5,5.519492193696959e-34
