epoch,gBest_fitness
1,2.244806808339537e-213
2,2.244806808339537e-213
3,2.244806808339537e-213
4,2.244806808339537e-213
5,2.4082598639084953e-214
