epoch,gBest_fitness
1,7.2803970283117314e-211
2,7.2803970283117314e-211
3,7.2803970283117314e-211
4,4.317373304275342e-212
5,5.182400672605964e-221
