epoch,gBest_fitness
1,4.129744655017067e-28
2,6.412070903786141e-32
3,6.412070903786141e-32
4,6.412070903786141e-32
5,2.9087053035308076e-35
