epoch,gBest_fitness
1,4.603984270072949e-08
2,2.6546262496355313e-38
3,2.6546262496355313e-38
4,2.6546262496355313e-38
5,2.6546262496355313e-38
