epoch,gBest_fitness
1,4.1170409506278135e-32
2,4.1170409506278135e-32
3,6.988627064905131e-39
4,6.988627064905131e-39
5,6.988627064905131e-39
