epoch,gBest_fitness
1,4.145783462593749e-25
2,4.145783462593749e-25
3,3.073989187794308e-29
4,9.478973869497752e-32
5,9.478973869497752e-32
