epoch,gBest_fitness
1,4.150157851113455
2,7.973111194315936e-16
3,3.530287797878871e-20
4,9.019088308776837e-32
5,1.1922940470885714e-36
