epoch,gBest_fitness
1,1.9909393950585716e-216
2,5.364159012257486e-224
3,8.539070804085421e-237
4,8.539070804085421e-237
5,8.539070804085421e-237
