epoch,gBest_fitness
1,5.5790026895746156e-198
2,9.193480259242057e-215
3,2.1014983813851406e-226
4,1.2366626742356772e-233
5,1.8970409919548162e-237
