epoch,gBest_fitness
1,3.332649477879103e-252
2,3.332649477879103e-252
3,3.332649477879103e-252
4,3.332649477879103e-252
5,3.332649477879103e-252
