epoch,gBest_fitness
1,5.280217627075196e-212
2,5.280217627075196e-212
3,2.779363142035295e-234
4,3.625790078872738e-241
5,3.625790078872738e-241
