epoch,gBest_fitness
1,77639679501.45966
2,5.996662774389794e-24
3,5.996662774389794e-24
4,1.7349056515854535e-37
5,1.7349056515854535e-37
