epoch,gBest_fitness
1,1.8138192222869475e-224
2,7.085045386317364e-238
3,7.085045386317364e-238
4,7.085045386317364e-238
5,7.085045386317364e-238
