epoch,gBest_fitness
1,6.977694452059372e-221
2,6.977694452059372e-221
3,3.6936279825332606e-226
4,6.611430103105705e-235
5,1.3575303110049507e-239
