epoch,gBest_fitness
1,138391653142.46515
2,138391653142.46515
3,138391653142.46515
4,6.762172807352383e-20
5,5.559005717273117e-23
