epoch,gBest_fitness
1,109763831874.00172
2,109763831874.00172
3,109763831874.00172
4,6.051134294355534e-11
5,1.9419241735579747e-27
