epoch,gBest_fitness
1,59167263392.20653
2,59167263392.20653
3,59167263392.20653
4,59167263392.20653
5,59167263392.20653
