epoch,gBest_fitness
1,2.021919144862465e-217
2,2.57373973954149e-238
3,2.57373973954149e-238
4,2.57373973954149e-238
5,2.57373973954149e-238
