epoch,gBest_fitness
1,7.309907664641117e-182
2,6.560409176693374e-238
3,1.063295766960288e-240
4,1.063295766960288e-240
5,1.063295766960288e-240
