epoch,gBest_fitness
1,1.4832279931856727e-235
2,1.4832279931856727e-235
3,6.599744290269879e-253
4,6.599744290269879e-253
5,6.599744290269879e-253
