epoch,gBest_fitness
1,63854741607.10315
2,3.1485760023133142
3,5.9849513600120615e-24
4,5.9849513600120615e-24
5,5.9849513600120615e-24
