epoch,gBest_fitness
1,4.747949977028892e-242
2,1.184729244150815e-244
3,1.7601851253735312e-257
4,1.7601851253735312e-257
5,1.7601851253735312e-257
