epoch,gBest_fitness
1,5.375906999965432e-12
2,4.0955071716638805e-31
3,4.0955071716638805e-31
4,4.0955071716638805e-31
5,4.0955071716638805e-31
