epoch,gBest_fitness
1,225088076010.05743
2,6.033150264780576e-18
3,7.03581580998831e-31
4,7.03581580998831e-31
5,7.03581580998831e-31
