epoch,gBest_fitness
1,6.392973629217628e-225
2,6.392973629217628e-225
3,4.00254193896341e-245
4,4.00254193896341e-245
5,1.2276863848552193e-252
