epoch,gBest_fitness
1,1.8445395494465223e-12
2,1.2809881405897736e-23
3,1.2809881405897736e-23
4,3.5900168818747894e-24
5,3.5900168818747894e-24
