epoch,gBest_fitness
1,7.3776367289898296e-236
2,7.3776367289898296e-236
3,7.3776367289898296e-236
4,1.4809519538544056e-242
5,1.4809519538544056e-242
