epoch,gBest_fitness
1,7.244704802596587e-215
2,7.244704802596587e-215
3,6.893268869693039e-219
4,5.175604491472124e-229
5,5.175604491472124e-229
