epoch,gBest_fitness
1,4.0200702100981084e-226
2,4.0200702100981084e-226
3,4.0200702100981084e-226
4,2.1105478499427274e-230
5,2.1105478499427274e-230
