epoch,gBest_fitness
1,3.349025574624265e-22
2,1.2830859747228909e-22
3,1.401993948031681e-24
4,2.3144848252563728e-26
5,2.3144848252563728e-26
