epoch,gBest_fitness
1,3.2612986525276246e-199
2,3.2612986525276246e-199
3,3.2612986525276246e-199
4,1.8679258929017835e-240
5,1.8679258929017835e-240
