epoch,gBest_fitness
1,1.790939201705157e-27
2,1.790939201705157e-27
3,5.595218118739454e-30
4,5.595218118739454e-30
5,4.839272045521864e-30
