epoch,gBest_fitness
1,2.596996343663646e-28
2,4.066278253107215e-31
3,4.066278253107215e-31
4,4.066278253107215e-31
5,3.0038039716580738e-33
