epoch,gBest_fitness
1,2.7008143573267344e-199
2,7.257777110145952e-200
3,4.973459227271087e-204
4,2.0754361263471622e-227
5,2.0754361263471622e-227
