epoch,gBest_fitness
1,6.582590734012222e-22
2,1.4709805108858028e-35
3,1.4709805108858028e-35
4,1.4709805108858028e-35
5,1.4709805108858028e-35
