epoch,gBest_fitness
1,1.3633002996433287e-26
2,1.3633002996433287e-26
3,1.3633002996433287e-26
4,1.3633002996433287e-26
5,1.3633002996433287e-26
