epoch,gBest_fitness
1,2.9018987230618937e-27
2,1.4878109618786152e-27
3,3.252144184573146e-28
4,3.252144184573146e-28
5,3.252144184573146e-28
