epoch,gBest_fitness
1,5.831456827976004e-26
2,1.3318930191918114e-30
3,1.3318930191918114e-30
4,6.611869642186365e-33
5,6.611869642186365e-33
