epoch,gBest_fitness
1,1.954626874544797e-20
2,1.954626874544797e-20
3,3.0810395863808835e-35
4,3.0810395863808835e-35
5,3.0810395863808835e-35
