epoch,gBest_fitness
1,3.6398297301605104e-199
2,3.6398297301605104e-199
3,3.6398297301605104e-199
4,5.563514940733166e-203
5,1.0623279494292745e-208
