epoch,gBest_fitness
1,5.880016063138063e-28
2,5.880016063138063e-28
3,5.880016063138063e-28
4,5.880016063138063e-28
5,5.880016063138063e-28
