epoch,gBest_fitness
1,4.588198610804749e-224
2,4.588198610804749e-224
3,4.588198610804749e-224
4,4.588198610804749e-224
5,4.588198610804749e-224
