epoch,gBest_fitness
1,5.627694640964772e-217
2,5.627694640964772e-217
3,2.743018979936799e-226
4,2.743018979936799e-226
5,2.743018979936799e-226
