epoch,gBest_fitness
1,2.1444898012467038e-25
2,2.806794637692148e-29
3,2.806794637692148e-29
4,2.806794637692148e-29
5,2.806794637692148e-29
