epoch,gBest_fitness
1,1.1058827004087443e-202
2,1.1058827004087443e-202
3,1.1058827004087443e-202
4,1.1058827004087443e-202
5,3.2283367785291115e-211
