epoch,gBest_fitness
1,2.2599975167005404e-19
2,3.62025118963893e-30
3,3.62025118963893e-30
4,3.62025118963893e-30
5,3.62025118963893e-30
