epoch,gBest_fitness
1,2.455298944578057e-202
2,2.3600182217410397e-215
3,2.3600182217410397e-215
4,5.6285822618961744e-216
5,3.4311779789133555e-218
