epoch,gBest_fitness
1,8.025813291296458e-208
2,8.025813291296458e-208
3,8.025813291296458e-208
4,8.025813291296458e-208
5,8.025813291296458e-208
