epoch,gBest_fitness
1,2.6740067249483166e-216
2,1.5133798789628253e-218
3,8.164338052579712e-223
4,8.164338052579712e-223
5,8.164338052579712e-223
