epoch,gBest_fitness
1,2.6690653014287088e-194
2,6.2075062632027865e-217
3,6.2075062632027865e-217
4,6.2075062632027865e-217
5,6.2075062632027865e-217
