epoch,gBest_fitness
1,1.222989121871773e-25
2,2.7328771638754244e-33
3,1.0191440162361121e-44
4,1.0191440162361121e-44
5,1.0191440162361121e-44
