epoch,gBest_fitness
1,4.860108718292622e-26
2,4.860108718292622e-26
3,4.860108718292622e-26
4,1.0686208851037846e-26
5,1.030594393009601e-28
