epoch,gBest_fitness
1,8.894458110024344e-26
2,8.894458110024344e-26
3,8.894458110024344e-26
4,8.894458110024344e-26
5,8.894458110024344e-26
