epoch,gBest_fitness
1,2.0697268132944364e-23
2,2.097944823634785e-31
3,2.097944823634785e-31
4,2.097944823634785e-31
5,2.097944823634785e-31
