epoch,gBest_fitness
1,4.9284926807625585e-213
2,4.3427377183332617e-219
3,4.3427377183332617e-219
4,4.3427377183332617e-219
5,4.3427377183332617e-219
