epoch,gBest_fitness
1,5.259628998286118e-218
2,5.259628998286118e-218
3,5.259628998286118e-218
4,5.259628998286118e-218
5,5.259628998286118e-218
