epoch,gBest_fitness
1,1.7850885057220511e-16
2,2.0345066108399723e-35
3,2.0345066108399723e-35
4,2.0345066108399723e-35
5,2.0345066108399723e-35
