epoch,gBest_fitness
1,1.2334488648788144e-27
2,7.102607249704072e-29
3,7.102607249704072e-29
4,7.102607249704072e-29
5,7.102607249704072e-29
