epoch,gBest_fitness
1,8.171893846756889e-37
2,8.171893846756889e-37
3,8.171893846756889e-37
4,8.171893846756889e-37
5,8.171893846756889e-37
