epoch,gBest_fitness
1,6.472891658396257e-29
2,8.047166145086244e-31
3,8.047166145086244e-31
4,8.047166145086244e-31
5,8.047166145086244e-31
