epoch,gBest_fitness
1,1.307357164549258e-207
2,1.307357164549258e-207
3,1.307357164549258e-207
4,1.307357164549258e-207
5,1.307357164549258e-207
