epoch,gBest_fitness
1,4.152981011509152e-29
2,1.2125734702075807e-30
3,1.2125734702075807e-30
4,1.2125734702075807e-30
5,3.176833782546601e-32
