epoch,gBest_fitness
1,2.8230204976316605e-187
2,1.6434590766604356e-198
3,5.494105866774313e-211
4,5.494105866774313e-211
5,5.494105866774313e-211
