epoch,gBest_fitness
1,1.2970660932960233e-228
2,1.2970660932960233e-228
3,1.2970660932960233e-228
4,1.2970660932960233e-228
5,1.2970660932960233e-228
