epoch,gBest_fitness
1,1.8933570013463586e-229
2,1.8933570013463586e-229
3,1.8933570013463586e-229
4,1.8933570013463586e-229
5,1.8933570013463586e-229
