epoch,gBest_fitness
1,5.4858354125985476e-185
2,7.452211139116732e-198
3,1.8128708837677088e-222
4,1.8128708837677088e-222
5,1.8128708837677088e-222
