epoch,gBest_fitness
1,1.8453799926662784e-222
2,1.8453799926662784e-222
3,1.8453799926662784e-222
4,1.8453799926662784e-222
5,1.8453799926662784e-222
