epoch,gBest_fitness
1,-6.265801285560141
2,-6.301219620153124
3,-6.301219620153124
4,-6.301219620153124
5,-6.301219620153124
