epoch,gBest_fitness
1,-1.258824518979148
2,-1.258824518979148
3,-1.258824518979148
4,-1.2594185451044777
5,-1.2594185451044777
