epoch,gBest_fitness
1,-3.1299281553572005
2,-3.1500459243982437
3,-3.1500459243982437
4,-3.1500459243982437
5,-3.1500459243982437
