epoch,gBest_fitness
1,-1.2478767889014866
2,-1.2600758042335065
3,-1.2600758042335065
4,-1.2602374085331283
5,-1.2602374085331283
