epoch,gBest_fitness
1,-3.0818561056884146
2,-3.1408408501567298
3,-3.1408408501567298
4,-3.1408408501567298
5,-3.150040900584445
