epoch,gBest_fitness
1,-1.562637139979878
2,-1.8869733635927355
3,-1.8869733635927355
4,-1.8869733635927355
5,-1.8869733635927355
