epoch,gBest_fitness
1,-3.147651862439104
2,-3.147651862439104
3,-3.1505885729036702
4,-3.1505885729036702
5,-3.1505885729036702
