epoch,gBest_fitness
1,-1.7800172809736416
2,-1.8223055473309535
3,-1.8884697884276718
4,-1.8884697884276718
5,-1.8884697884276718
