epoch,gBest_fitness
1,-1.2515257800882025
2,-1.2551693114003948
3,-1.2551693114003948
4,-1.2586692882418362
5,-1.260241136168304
