epoch,gBest_fitness
1,-3.0303075681951412
2,-3.0903935919204235
3,-3.1485148766766162
4,-3.150018298145066
5,-3.150018298145066
