epoch,gBest_fitness
1,-1.871190645530291
2,-1.8902247097874583
3,-1.8902247097874583
4,-1.8902247097874583
5,-1.8902247097874583
