epoch,gBest_fitness
1,-6.278324504143289
2,-6.298849783914206
3,-6.298849783914206
4,-6.298849783914206
5,-6.298849783914206
