epoch,gBest_fitness
1,-1.2588909950948373
2,-1.2588909950948373
3,-1.2588909950948373
4,-1.2589110700232762
5,-1.2589110700232762
