epoch,gBest_fitness
1,-3.1385713368265358
2,-3.1385713368265358
3,-3.150455436303038
4,-3.150455436303038
5,-3.150455436303038
