epoch,gBest_fitness
1,-5.88088274331733
2,-6.273690586455451
3,-6.273690586455451
4,-6.299218321971647
5,-6.300583928687627
