epoch,gBest_fitness
1,-3.14230066408452
2,-3.14230066408452
3,-3.14230066408452
4,-3.14230066408452
5,-3.1489063153922547
