epoch,gBest_fitness
1,-3.1482749736071627
2,-3.150605393809066
3,-3.150605393809066
4,-3.150605393809066
5,-3.150605393809066
