epoch,gBest_fitness
1,-1.2382957450282803
2,-1.257548550900816
3,-1.2600995628216511
4,-1.2600995628216511
5,-1.2600995628216511
