epoch,gBest_fitness
1,-1.260123504249647
2,-1.260123504249647
3,-1.2602257478096233
4,-1.2602257478096233
5,-1.2602257478096233
