epoch,gBest_fitness
1,-1.8491562512667485
2,-1.8659797091857295
3,-1.8659797091857295
4,-1.8881945076245408
5,-1.8900571209298047
