epoch,gBest_fitness
1,-3.123459409583155
2,-3.123459409583155
3,-3.123459409583155
4,-3.123459409583155
5,-3.145752844646546
