epoch,gBest_fitness
1,19997.717475025063
2,19997.717475025063
3,19997.717475025063
4,19997.717475025063
5,19997.717475025063
