epoch,gBest_fitness
1,800.2614558251734
2,759.9996376037598
3,759.9996376037598
4,759.9996376037598
5,759.9996376037598
