epoch,gBest_fitness
1,807.0782368331575
2,807.0782368331575
3,807.0782368331575
4,807.0782368331575
5,807.0782368331575
