epoch,gBest_fitness
1,19987.759238938816
2,19987.759238938816
3,19987.759238938816
4,19987.759238938816
5,19987.759238938816
