epoch,gBest_fitness
1,1797.7511858821438
2,1797.7511858821438
3,1797.7511858821438
4,1797.7511858821438
5,1797.7511858821438
