epoch,gBest_fitness
1,4994.655246006087
2,4994.655246006087
3,4994.655246006087
4,4994.655246006087
5,4994.655246006087
