epoch,gBest_fitness
1,4999.533505865716
2,4999.533505865716
3,4999.533505865716
4,4999.533505865716
5,4999.533505865716
