epoch,gBest_fitness
1,19995.099855328623
2,19995.099855328623
3,19995.099855328623
4,19995.099855328623
5,19995.099855328623
