epoch,gBest_fitness
1,20003.1596317207
2,20003.1596317207
3,20003.1596317207
4,20003.1596317207
5,20003.1596317207
