epoch,gBest_fitness
1,795.5045567341111
2,795.5045567341111
3,795.5045567341111
4,795.5045567341111
5,795.5045567341111
