epoch,gBest_fitness
1,20007.2524992586
2,20007.2524992586
3,20007.2524992586
4,20007.2524992586
5,20007.2524992586
