epoch,gBest_fitness
1,4995.779591531721
2,4995.779591531721
3,4995.779591531721
4,4995.779591531721
5,4995.779591531721
