epoch,gBest_fitness
1,1800.7887898863082
2,1800.7887898863082
3,1800.7887898863082
4,1800.7887898863082
5,1800.7887898863082
