epoch,gBest_fitness
1,5000.310812715816
2,5000.310812715816
3,5000.310812715816
4,5000.310812715816
5,5000.310812715816
