epoch,gBest_fitness
1,20009.76961928254
2,20009.76961928254
3,20009.76961928254
4,20009.76961928254
5,20009.76961928254
