epoch,gBest_fitness
1,5011.0372620234575
2,5011.0372620234575
3,5011.0372620234575
4,5011.0372620234575
5,5011.0372620234575
