epoch,gBest_fitness
1,19991.964187211623
2,19991.964187211623
3,19991.964187211623
4,19991.964187211623
5,19991.964187211623
