epoch,gBest_fitness
1,19997.042194832033
2,19997.042194832033
3,19997.042194832033
4,19997.042194832033
5,19997.042194832033
