epoch,gBest_fitness
1,1739.9991703033447
2,1739.9991703033447
3,1739.9991703033447
4,1739.9991703033447
5,1739.9991703033447
