epoch,gBest_fitness
1,1802.2198223857279
2,1802.2198223857279
3,1802.2198223857279
4,1802.2198223857279
5,1802.2198223857279
