epoch,gBest_fitness
1,1796.5318478942431
2,1796.5318478942431
3,1796.5318478942431
4,1796.5318478942431
5,1796.5318478942431
