epoch,gBest_fitness
1,1799.939332462782
2,1799.939332462782
3,1799.939332462782
4,1799.939332462782
5,1799.939332462782
