epoch,gBest_fitness
1,1794.7683304845784
2,1794.7683304845784
3,1794.7683304845784
4,1794.7683304845784
5,1794.7683304845784
