epoch,gBest_fitness
1,20011.501103280687
2,20011.501103280687
3,20011.501103280687
4,20011.501103280687
5,20011.501103280687
