epoch,gBest_fitness
1,1803.7061684113496
2,1803.7061684113496
3,1803.7061684113496
4,1803.7061684113496
5,1803.7061684113496
