epoch,gBest_fitness
1,1795.987573152244
2,1795.987573152244
3,1795.987573152244
4,1795.987573152244
5,1795.987573152244
