epoch,gBest_fitness
1,1808.5844758660003
2,1808.5844758660003
3,1808.5844758660003
4,1808.5844758660003
5,1808.5844758660003
