epoch,gBest_fitness
1,19993.340022021166
2,19993.340022021166
3,19993.340022021166
4,19993.340022021166
5,19993.340022021166
