epoch,gBest_fitness
1,5000.954673470946
2,5000.954673470946
3,5000.954673470946
4,5000.954673470946
5,5000.954673470946
