epoch,gBest_fitness
1,800.3832010494239
2,800.3832010494239
3,800.3832010494239
4,759.9996376037598
5,759.9996376037598
