epoch,gBest_fitness
1,4999.162325732961
2,4999.162325732961
3,4999.162325732961
4,4999.162325732961
5,4999.162325732961
