epoch,gBest_fitness
1,120.29572168596833
2,83.57923345520142
3,46.0851858462138
4,37.03786196216538
5,34.703054995177894
