epoch,gBest_fitness
1,504.69917828531896
2,126.99338230749713
3,60.62276501930568
4,33.98388438026922
5,20.76686811602904
