epoch,gBest_fitness
1,97.77526586780652
2,18.95714765304574
3,10.523814229322348
4,6.864340824366693
5,6.078781216956333
