epoch,gBest_fitness
1,28.15746690140822
2,19.408896147250037
3,7.078087630486438
4,6.60454360727097
5,5.924833705446241
