epoch,gBest_fitness
1,3255.0410544448064
2,960.0135696984312
3,479.83474411952153
4,288.67802474037893
5,232.38974308544252
