epoch,gBest_fitness
1,26.259248508068723
2,14.153337108736395
3,13.199056334501446
4,11.858757773813041
5,7.980871357526362
