epoch,gBest_fitness
1,28.26174155249763
2,6.414525560002284
3,1.6311472252160677
4,-0.016464955447197838
5,-0.5543120707746652
