epoch,gBest_fitness
1,600.7029979210075
2,77.66971894375541
3,28.357105749937503
4,22.79202191719486
5,19.67429578950703
