epoch,gBest_fitness
1,153.6877858443127
2,97.05214369431415
3,69.6402976773667
4,51.89364874515168
5,35.16435490213253
