epoch,gBest_fitness
1,169.19535339906724
2,115.02272928169586
3,58.398024826240054
4,45.12593731290237
5,33.3403991717083
