epoch,gBest_fitness
1,43.94683045253201
2,14.335655131706758
3,11.044974319156164
4,6.421931270888198
5,1.1044687804117748
