epoch,gBest_fitness
1,12.427784943435677
2,1.4873919289764355
3,0.24283992967786228
4,0.13276574139343889
5,0.0689398398183656
