epoch,gBest_fitness
1,639.9618702363845
2,91.08129446181262
3,58.752575090044274
4,44.20871071512931
5,31.39778528423742
