epoch,gBest_fitness
1,7.863105360054856
2,2.4002916295316155
3,2.247623770591412
4,1.8565577738122
5,1.2352840966577625
