epoch,gBest_fitness
1,5.643585651250781
2,2.256750002119032
3,1.5065612478079977
4,1.2588003070798748
5,0.8435317263266482
