epoch,gBest_fitness
1,7.772028032492259
2,0.34382502076427657
3,-0.35609679544437056
4,-1.0503509562872928
5,-1.2196048056681317
