epoch,gBest_fitness
1,131.72139888916374
2,28.760639511982365
3,14.218431634832799
4,5.989354356409291
5,3.5654797882323783
