epoch,gBest_fitness
1,3143.459281497777
2,1104.202738998879
3,681.5503131515937
4,528.9405056581276
5,300.335754020268
