epoch,gBest_fitness
1,613.8372853963804
2,126.46182758878145
3,75.99584827166404
4,40.75301795546203
5,31.759714596495787
