epoch,gBest_fitness
1,2149.901397393588
2,749.9205246634298
3,480.6448781727244
4,314.2307893917641
5,251.02538363729366
