epoch,gBest_fitness
1,106.22540763029107
2,32.48535695584978
3,13.991307646370316
4,5.189408622055957
5,2.829048327141333
