epoch,gBest_fitness
1,2.878035203468878
2,0.03798567932073471
3,-0.23030840886046833
4,-0.33590125505691204
5,-0.3612750930041013
