epoch,gBest_fitness
1,29.49197652603125
2,13.707190652059957
3,11.919219968357433
4,9.571358071983594
5,8.395955579048662
