epoch,gBest_fitness
1,133.61649226258942
2,81.66282923954297
3,42.237797944706806
4,32.40512652209448
5,29.272962915655704
