epoch,gBest_fitness
1,3.571563476845344
2,1.3993877264222194
3,0.7374512926645465
4,0.33488082551787235
5,-0.12745503721382256
