epoch,gBest_fitness
1,0.5489859550797802
2,-0.5169392860307735
3,-0.9120046449257513
4,-0.9477611447661725
5,-0.9597926618964964
