epoch,gBest_fitness
1,0.9064089753073947
2,0.6113365463084621
3,0.402018434840135
4,0.2914205935272216
5,0.23629438825523041
