epoch,gBest_fitness
1,2472.7094536481454
2,813.3236228200858
3,436.1493819943291
4,333.7131625802225
5,280.23808923622914
