epoch,gBest_fitness
1,0.11088989153942852
2,-0.28682021159525783
3,-0.32642645887652977
4,-0.35483838884580976
5,-0.36794188029198693
