epoch,gBest_fitness
1,16.24824313814705
2,9.868577934894908
3,4.948405671086205
4,4.086317740146062
5,3.7129526047631334
