epoch,gBest_fitness
1,5.682373956697049
2,4.617340681918455
3,4.253617751258959
4,2.4601194187522184
5,2.107330377740743
