epoch,gBest_fitness
1,8.090227685430191
2,2.628653779070435
3,1.6121446583025767
4,0.9283012720479111
5,0.49290091329385355
