epoch,gBest_fitness
1,152788.43254709846
2,152788.43254709846
3,152788.43254709846
4,10.0
5,10.0
