epoch,gBest_fitness
1,1884.2854025440754
2,5.0850944631049115
3,3.7305452306042044
4,2.748675167486485
5,2.748675167486485
