epoch,gBest_fitness
1,6.761406202569873
2,5.731360941092053
3,5.330436699617923
4,2.1247704471641815
5,2.1247704471641815
