epoch,gBest_fitness
1,149329.0785136914
2,8776.620897430035
3,2493.8686446739885
4,2493.8686446739885
5,2166.0115744929576
