epoch,gBest_fitness
1,0.8163225244902552
2,0.5619587713834499
3,0.5619587713834499
4,0.5619587713834499
5,-0.1270723293379098
