epoch,gBest_fitness
1,137821.0598710317
2,4.576162581377996
3,4.576162581377996
4,1.4919289555030368
5,1.4919289555030368
