epoch,gBest_fitness
1,3143.0725798456974
2,5.894381137389762
3,5.894381137389762
4,4.230723979201078
5,4.230723979201078
