epoch,gBest_fitness
1,98993.23429899874
2,26319.652866746517
3,24082.55373812082
4,24082.55373812082
5,28.999283002287175
