epoch,gBest_fitness
1,149117.4488673581
2,115437.6859200354
3,41489.95203518973
4,10.0
5,6.064349318004677
