epoch,gBest_fitness
1,136960.72636622054
2,11178.740767055973
3,11178.740767055973
4,11178.740767055973
5,449.17895682632235
