epoch,gBest_fitness
1,1.872506312171009
2,-0.3280925118047757
3,-0.3280925118047757
4,-0.3280925118047757
5,-0.3280925118047757
