epoch,gBest_fitness
1,0.8941413728298879
2,0.2814417755417825
3,0.2814417755417825
4,0.2814417755417825
5,0.2814417755417825
