epoch,gBest_fitness
1,0.4379797648667062
2,0.4379797648667062
3,0.4379797648667062
4,0.4379797648667062
5,0.4379797648667062
