epoch,gBest_fitness
1,25395.38487391229
2,25395.38487391229
3,25395.38487391229
4,5.0
5,5.0
