epoch,gBest_fitness
1,-0.16142106180099214
2,-0.16142106180099214
3,-0.16142106180099214
4,-0.16142106180099214
5,-0.16142106180099214
