epoch,gBest_fitness
1,1679.853995485478
2,1679.853995485478
3,2.7697184736692657
4,1.2020081425135032
5,1.2020081425135032
