epoch,gBest_fitness
1,69416.99832071373
2,40461.14982738077
3,5106.445380411782
4,2778.394462485609
5,0.46617251712964025
