epoch,gBest_fitness
1,863.6741954267787
2,-5.6537760057540076e-05
3,-5.6537760057540076e-05
4,-5.6537760057540076e-05
5,-5.6537760057540076e-05
