epoch,gBest_fitness
1,-1.0810808435238402
2,-1.0810808435238402
3,-1.0810808435238402
4,-1.0810808435238402
5,-1.0810808435238402
