epoch,gBest_fitness
1,5.055902495572325
2,5.055902495572325
3,-1.1602331330262787
4,-1.2161528869019347
5,-1.2161528869019347
