epoch,gBest_fitness
1,15.762935458892413
2,1.7218699566661297
3,1.7218699566661297
4,1.0847032803605052
5,0.715307844719266
