epoch,gBest_fitness
1,823.9560838209969
2,51.43551696017244
3,51.43551696017244
4,51.43551696017244
5,8.325675047025495
