epoch,gBest_fitness
1,1.1145707052422091
2,1.0640479237712885
3,0.7246478448040212
4,-0.022042448981200446
5,-0.0956264241263104
