epoch,gBest_fitness
1,2.278325969933569
2,2.278325969933569
3,2.278325969933569
4,2.278325969933569
5,1.0109730463353892
