epoch,gBest_fitness
1,38451.11038038276
2,35019.52103636719
3,35019.52103636719
4,20481.004411264938
5,15458.170001775034
