epoch,gBest_fitness
1,2891.0765446328523
2,2891.0765446328523
3,511.6270596029738
4,511.6270596029738
5,511.6270596029738
