epoch,gBest_fitness
1,-0.6771684589355274
2,-0.6771684589355274
3,-0.6771684589355274
4,-0.6771684589355274
5,-0.6771684589355274
