epoch,gBest_fitness
1,4.998830304880683
2,3.925940672674084
3,1.683693793310822
4,1.683693793310822
5,1.149471703559356
