epoch,gBest_fitness
1,44711.602783652204
2,44711.602783652204
3,3.986924556516427
4,3.986924556516427
5,3.986924556516427
