epoch,gBest_fitness
1,3649.566081033326
2,3649.566081033326
3,29.73417956867079
4,29.73417956867079
5,7.721443553626101
