epoch,gBest_fitness
1,724.5310927866059
2,1.4711803294434782
3,1.4711803294434782
4,1.055675636028957
5,0.7838761392116875
