epoch,gBest_fitness
1,1.8418835115711176
2,0.47027778251958835
3,0.3156545646052493
4,0.3156545646052493
5,0.2624577666325115
