epoch,gBest_fitness
1,0.6687752865084642
2,0.6687752865084642
3,0.6687752865084642
4,0.6687752865084642
5,0.6687752865084642
