epoch,gBest_fitness
1,1.3032545431269474e-103
2,1.3032545431269474e-103
3,3.9108774716334627e-106
4,1.026450978818951e-108
5,1.026450978818951e-108
