epoch,gBest_fitness
1,3.9362782426192877e-14
2,3.9362782426192877e-14
3,6.059004185574146e-19
4,6.059004185574146e-19
5,6.059004185574146e-19
