epoch,gBest_fitness
1,6.610601684914747e-13
2,6.610601684914747e-13
3,6.610601684914747e-13
4,6.610601684914747e-13
5,6.610601684914747e-13
