epoch,gBest_fitness
1,1.7099617575078893e-109
2,1.7099617575078893e-109
3,1.7099617575078893e-109
4,1.7099617575078893e-109
5,1.7099617575078893e-109
