epoch,gBest_fitness
1,5.172720918898511e-10
2,8.817189419349176e-11
3,9.378647030377955e-17
4,9.378647030377955e-17
5,9.378647030377955e-17
