epoch,gBest_fitness
1,4.427094665921051e-100
2,4.427094665921051e-100
3,4.427094665921051e-100
4,8.585677081401748e-102
5,1.0271377459335132e-107
