epoch,gBest_fitness
1,3.220489078536081e-107
2,3.220489078536081e-107
3,3.220489078536081e-107
4,3.195255238139834e-110
5,3.195255238139834e-110
