epoch,gBest_fitness
1,3.111585085284764e-95
2,7.858890884856853e-104
3,7.858890884856853e-104
4,7.858890884856853e-104
5,4.561464781817189e-104
