epoch,gBest_fitness
1,1.263896049486711e-107
2,1.263896049486711e-107
3,1.4706856547487308e-109
4,1.4706856547487308e-109
5,1.4706856547487308e-109
