epoch,gBest_fitness
1,1.1601518951558982e-12
2,9.146817196458699e-19
3,9.146817196458699e-19
4,9.146817196458699e-19
5,9.146817196458699e-19
