epoch,gBest_fitness
1,4.4402317208815396e-10
2,1.145766098996121e-10
3,4.965721365739921e-11
4,4.645448390094994e-12
5,4.645448390094994e-12
