epoch,gBest_fitness
1,1.1430734608668893e-13
2,2.8029118273557595e-16
3,2.8029118273557595e-16
4,2.8029118273557595e-16
5,2.8029118273557595e-16
