epoch,gBest_fitness
1,3.3235365319109875e-16
2,3.3235365319109875e-16
3,3.3235365319109875e-16
4,3.3235365319109875e-16
5,7.839754209307164e-17
