epoch,gBest_fitness
1,2.2302291098266643e-18
2,2.2302291098266643e-18
3,2.2302291098266643e-18
4,2.2302291098266643e-18
5,2.2302291098266643e-18
