epoch,gBest_fitness
1,1.8279339370288804e-101
2,1.727676477964916e-115
3,1.727676477964916e-115
4,1.727676477964916e-115
5,1.727676477964916e-115
