epoch,gBest_fitness
1,3.242862669721377e-12
2,6.610945289113444e-15
3,1.3811659148131404e-15
4,3.029066517414433e-17
5,3.029066517414433e-17
