epoch,gBest_fitness
1,2.9557045322847144e-95
2,1.35799307020295e-105
3,4.482541395088661e-109
4,4.482541395088661e-109
5,1.377541968882847e-109
