epoch,gBest_fitness
1,1.045356198875815e-117
2,1.045356198875815e-117
3,1.045356198875815e-117
4,1.045356198875815e-117
5,1.045356198875815e-117
