epoch,gBest_fitness
1,3.263538262961577e-105
2,3.263538262961577e-105
3,3.263538262961577e-105
4,3.263538262961577e-105
5,8.841403678670902e-108
