epoch,gBest_fitness
1,1.856908532529939e-13
2,1.6543647337926994e-16
3,1.6543647337926994e-16
4,1.3996921329703743e-16
5,1.3996921329703743e-16
