epoch,gBest_fitness
1,6.9344019270339836e-18
2,6.9344019270339836e-18
3,6.9344019270339836e-18
4,6.9344019270339836e-18
5,6.9344019270339836e-18
