epoch,gBest_fitness
1,1.1206289586495576e-95
2,9.61994813099991e-98
3,5.0486217558775e-101
4,1.7147795649759127e-112
5,1.7147795649759127e-112
