epoch,gBest_fitness
1,2.519774451285349e-101
2,2.519774451285349e-101
3,2.519774451285349e-101
4,2.519774451285349e-101
5,2.519774451285349e-101
