epoch,gBest_fitness
1,8.00007927759162e-11
2,5.024680462433576e-15
3,5.024680462433576e-15
4,5.024680462433576e-15
5,5.024680462433576e-15
