epoch,gBest_fitness
1,8.246603944606039e-17
2,8.246603944606039e-17
3,8.246603944606039e-17
4,8.246603944606039e-17
5,1.1082533905808131e-17
