epoch,gBest_fitness
1,1.4163216116603938e-12
2,7.740765865610918e-14
3,7.740765865610918e-14
4,1.7389375171974157e-15
5,1.7389375171974157e-15
