epoch,gBest_fitness
1,5.984649462431036e-110
2,4.8664127758584657e-110
3,4.8664127758584657e-110
4,4.8664127758584657e-110
5,3.2245466210327343e-110
