epoch,gBest_fitness
1,4.5843659877066e-16
2,3.79536406176832e-17
3,3.79536406176832e-17
4,3.79536406176832e-17
5,3.79536406176832e-17
