epoch,gBest_fitness
1,4.911571899551429e-105
2,4.911571899551429e-105
3,4.5086263548899883e-110
4,4.5086263548899883e-110
5,4.5086263548899883e-110
