epoch,gBest_fitness
1,1.2926436037897014e-107
2,1.2926436037897014e-107
3,1.2926436037897014e-107
4,1.2926436037897014e-107
5,1.2926436037897014e-107
