epoch,gBest_fitness
1,1.7288693370642957e-104
2,1.7288693370642957e-104
3,5.107088211419182e-107
4,3.2219998708149817e-112
5,3.2219998708149817e-112
