epoch,gBest_fitness
1,1.884557923700356e-104
2,2.968958567406744e-126
3,2.968958567406744e-126
4,2.968958567406744e-126
5,2.968958567406744e-126
