epoch,gBest_fitness
1,1.9384794116890134e-13
2,2.0961227600480208e-14
3,2.0961227600480208e-14
4,2.0961227600480208e-14
5,1.0879706626601887e-15
