epoch,gBest_fitness
1,3.22885109316767e-12
2,9.632367896061122e-21
3,9.632367896061122e-21
4,9.632367896061122e-21
5,9.632367896061122e-21
