epoch,gBest_fitness
1,8.912340153510939e-98
2,7.402259701390745e-100
3,1.521508519117375e-112
4,1.521508519117375e-112
5,1.521508519117375e-112
