epoch,gBest_fitness
1,6.963376406115885e-11
2,1.5787460881083233e-14
3,1.5787460881083233e-14
4,1.5787460881083233e-14
5,1.3451253884286676e-15
