epoch,gBest_fitness
1,6.917111382912759e-16
2,6.917111382912759e-16
3,3.0812660339051985e-18
4,3.0812660339051985e-18
5,3.0812660339051985e-18
