epoch,gBest_fitness
1,1.0275055850557452e-11
2,1.0275055850557452e-11
3,1.0275055850557452e-11
4,3.707128421669957e-13
5,3.707128421669957e-13
