epoch,gBest_fitness
1,2.3033870471421557e-103
2,3.904760731999092e-107
3,3.904760731999092e-107
4,3.904760731999092e-107
5,3.904760731999092e-107
