epoch,gBest_fitness
1,3.4841871107578406e-108
2,4.3891240749035185e-113
3,4.3891240749035185e-113
4,4.3891240749035185e-113
5,4.3891240749035185e-113
