epoch,gBest_fitness
1,0.06110046935419555
2,0.022174170996142717
3,0.011517976346139602
4,0.006000869840559364
5,0.0011685862051378226
