epoch,gBest_fitness
1,0.3250947746657922
2,0.1853511572711628
3,0.11058955603156395
4,0.09393841640198242
5,0.08253971224167134
