epoch,gBest_fitness
1,0.06273700210415378
2,0.017030499235885177
3,0.0029828030874996525
4,0.0009281568821732922
5,0.0003043728061569162
