epoch,gBest_fitness
1,0.0552011456604804
2,0.0024827779427043506
3,0.0005564404866778005
4,9.155259995918819e-05
5,4.5463437282067254e-05
