epoch,gBest_fitness
1,1.9467668482869485
2,1.1932306455148065
3,1.1217325642388407
4,1.0097438604569007
5,0.8483161736595866
