epoch,gBest_fitness
1,0.7233600876103853
2,0.26618054406751634
3,0.14864042598221838
4,0.0765855406483491
5,0.058987462850425
