epoch,gBest_fitness
1,0.651898260637271
2,0.39097676426873795
3,0.2939445514331255
4,0.19698662293861802
5,0.15043557749250946
