epoch,gBest_fitness
1,0.7902418137274497
2,0.6073404117748304
3,0.44605855021718355
4,0.372998769814857
5,0.3040487003019384
