epoch,gBest_fitness
1,1.018317454349063
2,0.424985199921494
3,0.18258982452003614
4,0.08841040875520656
5,0.07219315986987407
