epoch,gBest_fitness
1,0.2094727866457997
2,0.11354632635879536
3,0.07182975594055396
4,0.041905776814570084
5,0.02894811621089277
