epoch,gBest_fitness
1,0.01864377989157151
2,0.0035016405332952694
3,0.00042216398437489033
4,0.00014147510954076736
5,5.3970575890849304e-05
