epoch,gBest_fitness
1,0.8803916353745423
2,0.23671680369635495
3,0.1585210817919125
4,0.15071142999337095
5,0.14416965400335102
