epoch,gBest_fitness
1,1.6510835514466011
2,1.2297726047325135
3,1.0982545948806783
4,1.0049465040181471
5,0.9359323488434979
