epoch,gBest_fitness
1,0.9367597116981641
2,0.25701687598698897
3,0.11183775210196234
4,0.09203289985974994
5,0.080351328397268
