epoch,gBest_fitness
1,0.34605750041295413
2,0.10324267736608028
3,0.04748035884282731
4,0.03556982124935848
5,0.024376071002473743
