epoch,gBest_fitness
1,0.2607757771726661
2,0.0759008695390051
3,0.022965273090014948
4,0.009402883195388845
5,0.002703918264167271
