epoch,gBest_fitness
1,0.2005669337688213
2,0.05601272457585649
3,0.03649508353811792
4,0.02268115453732089
5,0.01240976379709724
