epoch,gBest_fitness
1,2.155386686538902
2,1.3743776144660802
3,1.1399790385691178
4,1.0730902501569428
5,0.9572714764083416
