epoch,gBest_fitness
1,0.17713540294081476
2,0.09038174403114485
3,0.04814872926828484
4,0.028336411080665425
5,0.01790645986403272
