epoch,gBest_fitness
1,0.7695361467496982
2,0.4669161403404284
3,0.34567001304448497
4,0.2252678449093608
5,0.16310883583890645
