epoch,gBest_fitness
1,0.05296384541068888
2,0.012279260644163403
3,0.0023623383900658323
4,0.0006490699270870204
5,0.00017987535963837065
