epoch,gBest_fitness
1,0.9665856153573605
2,0.5879487751856864
3,0.2786163436855362
4,0.11027120583931849
5,0.05679702482901661
