epoch,gBest_fitness
1,0.10497092856381884
2,0.025195351366745555
3,0.012956127704646159
4,0.009045998488029783
5,0.00834225298739999
