epoch,gBest_fitness
1,1.8326405768792675
2,1.1951271381089594
3,1.0907076695235072
4,1.0660402578746035
5,0.9953908427365078
