epoch,gBest_fitness
1,1.9068980662850938
2,1.1943464087460096
3,1.1117547115439426
4,1.0665177979499025
5,1.0139987205601935
