epoch,gBest_fitness
1,0.7345317984393129
2,0.4776593922664426
3,0.3732266797736912
4,0.3041741572153286
5,0.23968650138926395
