epoch,gBest_fitness
1,0.6257089573786774
2,0.4504998474705719
3,0.317274475324159
4,0.2760004464077265
5,0.2444118337588017
