epoch,gBest_fitness
1,0.9699514722246919
2,0.48009242692001364
3,0.16283441197535498
4,0.10971306749820686
5,0.07924887205682907
