epoch,gBest_fitness
1,0.1047125203044097
2,0.024457689376565672
3,0.010468839494011228
4,0.007620918622246786
5,0.003964654618091035
