epoch,gBest_fitness
1,1.3003729799048356
2,1.006354243469007
3,0.8219258568923287
4,0.6240442227667442
5,0.4792539240453575
