epoch,gBest_fitness
1,1.1059018689627893
2,0.10431545295213163
3,0.05547263835440064
4,0.03651138479116045
5,0.02529497874239417
