epoch,gBest_fitness
1,0.5962839653852896
2,0.34038812590463896
3,0.21658561206252602
4,0.16221918532325685
5,0.10720909502457554
