epoch,gBest_fitness
1,0.10619916020307207
2,0.04249316319658791
3,0.020886974806946013
4,0.012146796440003604
5,0.005406992432889779
