epoch,gBest_fitness
1,1.8576829287086056
2,1.2389848274726967
3,1.1195462098166067
4,1.0514958083874753
5,0.9476632853779702
