epoch,gBest_fitness
1,1.2089301609301013
2,1.014379812348421
3,0.8342618792642015
4,0.5305885470488498
5,0.41420565340382287
