epoch,gBest_fitness
1,0.02819615326047864
2,0.005294992681174726
3,0.0029448088540965367
4,0.0011986529772244348
5,0.0006460670861205831
