epoch,gBest_fitness
1,0.3865202517878792
2,0.199862393305423
3,0.07693722566621253
4,0.04310587609103911
5,0.03080979297099995
