epoch,gBest_fitness
1,0.5761563203969067
2,0.2674894381034846
3,0.07299851986260997
4,0.04602017635599731
5,0.03382286783084698
