epoch,gBest_fitness
1,0.33020705702739495
2,0.04200435472972597
3,0.00634463284014819
4,0.0031237083758034467
5,0.0015160046845272834
