epoch,gBest_fitness
1,1.0005019176656746
2,0.30252576286621313
3,0.17851928761999492
4,0.09591910566348627
5,0.06962610177355066
