epoch,gBest_fitness
1,0.608769413268201
2,0.430060917639576
3,0.24609923816247936
4,0.16084058254544875
5,0.1281894838195976
