epoch,gBest_fitness
1,1.0315531423344297
2,0.6958303956756267
3,0.2713838646884019
4,0.07945790170194178
5,0.03982406337575939
