epoch,gBest_fitness
1,1.0292768210957008
2,0.6805703156005862
3,0.3080099216831058
4,0.19698575455387823
5,0.11082162196342726
