epoch,gBest_fitness
1,2.104881721808864
2,1.2671640853417276
3,1.108083169235392
4,1.078547094249335
5,0.978380019809189
