epoch,gBest_fitness
1,0.2474726267458568
2,0.05949523804940837
3,0.0242663614833607
4,0.012878785681206928
5,0.004964106372081556
