epoch,gBest_fitness
1,0.666761853874062
2,0.3543118526282564
3,0.24126785288775898
4,0.17397392791396538
5,0.14829936832543278
