epoch,gBest_fitness
1,0.46704336186503315
2,0.1730851153547095
3,0.07691423889249838
4,0.04295535042390031
5,0.024596763864917714
