epoch,gBest_fitness
1,0.6210022605175622
2,0.2091281103178173
3,0.05870564530984457
4,0.0329291158882814
5,0.020235088108408128
