epoch,gBest_fitness
1,0.29065909408126434
2,0.10692473993244667
3,0.05040229011923514
4,0.03127768984869084
5,0.023458268071222976
