epoch,gBest_fitness
1,1.1629564394453054
2,0.9420167897175854
3,0.7014954164221354
4,0.5375363901395626
5,0.3466829191925159
