epoch,gBest_fitness
1,0.41521519226136694
2,0.18825862300935847
3,0.12136672659665004
4,0.07440174930374444
5,0.05129032343975548
