epoch,gBest_fitness
1,0.676940540493145
2,0.376051860414815
3,0.26928048331924315
4,0.17551431782836457
5,0.14027392908700143
