epoch,gBest_fitness
1,0.14432466754471407
2,0.053831239466513914
3,0.019522646212951855
4,0.010085492777269667
5,0.00790146028697436
