epoch,gBest_fitness
1,0.018164289418590163
2,0.002878778558214834
3,0.0009239705836143752
4,0.0002828962251480993
5,7.402970349379423e-05
