epoch,gBest_fitness
1,1.1464860255757057
2,0.942497766352704
3,0.7338304473303824
4,0.6254370830053323
5,0.43524327026290666
