epoch,gBest_fitness
1,0.5115797522307046
2,0.3592545831490147
3,0.22374445194240455
4,0.1421543409680146
5,0.08164435285616156
