epoch,gBest_fitness
1,0.22866951289701887
2,0.057168660805083205
3,0.05166583610890951
4,0.04856927746453277
5,0.04472172065416047
