epoch,gBest_fitness
1,1.5645051088780053
2,1.2057710522079124
3,1.115510972446837
4,1.0763668196232241
5,0.9525406808267747
