epoch,gBest_fitness
1,0.9983016098770326
2,0.5949904322725362
3,0.241068991776349
4,0.12316195431898691
5,0.061588223102637674
