epoch,gBest_fitness
1,1.108725011399223
2,0.9050658015350369
3,0.5811252784174472
4,0.4117770667413716
5,0.3604163419722367
