epoch,gBest_fitness
1,0.9275867521572599
2,0.5647164708777521
3,0.3205981282375403
4,0.20900367984304125
5,0.16654209817072307
