epoch,gBest_fitness
1,0.16571945571013702
2,0.040487982358229146
3,0.022881266374506715
4,0.010494009787083036
5,0.007023168648709777
