epoch,gBest_fitness
1,0.1605893600940448
2,0.06036838909648523
3,0.023522836233896838
4,0.006746785723213411
5,0.002786034873714871
