epoch,gBest_fitness
1,1.154925528397071
2,0.42844796955007014
3,0.2945844529477316
4,0.21382383965246932
5,0.14049110030998657
