epoch,gBest_fitness
1,1.2999237704938444
2,1.035259011345093
3,0.9261397399311687
4,0.7628558943534927
5,0.5442008885608246
