epoch,gBest_fitness
1,0.7771994774817644
2,0.2125428743134008
3,0.09460133203602006
4,0.04603475363646681
5,0.041556560345420324
