epoch,gBest_fitness
1,1.0190861201831356
2,0.6281597514594432
3,0.3172983298173542
4,0.10453213327713962
5,0.03998147434104504
