epoch,gBest_fitness
1,1.1032107298350915
2,0.6926581845239581
3,0.38099912892401333
4,0.26088613385156667
5,0.14852774599062557
