epoch,gBest_fitness
1,1.4900786991975359
2,1.1742339047945762
3,1.0767641120732503
4,1.0509009918136565
5,1.000599558645082
