epoch,gBest_fitness
1,0.12056987235313843
2,0.07698729568024554
3,0.037529195019063266
4,0.020995691198184896
5,0.010576413640664084
