epoch,gBest_fitness
1,0.6147119793466589
2,0.4505172432216924
3,0.3214830834743251
4,0.237887912905138
5,0.20742484969245445
