epoch,gBest_fitness
1,0.8799309256363568
2,0.15417163336203288
3,0.08818946858313681
4,0.04571672311946584
5,0.032339801530078205
