epoch,gBest_fitness
1,1.1172012838753296
2,0.9761152003632461
3,0.6668106859025513
4,0.5438923042405513
5,0.48279031441162323
