epoch,gBest_fitness
1,1.8642500430268516
2,1.1425811593554318
3,0.9970733128554227
4,0.9121901999689357
5,0.8173500207898041
