epoch,gBest_fitness
1,0.04948802100432281
2,0.003347451366396581
3,0.00023352687479405443
4,8.33133839938105e-05
5,2.247594234983108e-05
