epoch,gBest_fitness
1,1.0757468698917725
2,0.9648837322648066
3,0.7986230828661757
4,0.5532077510683597
5,0.3707987962524054
