epoch,gBest_fitness
1,1.0797379924574548
2,0.8284473229139155
3,0.3940612928434202
4,0.19207330151733948
5,0.12968541465167294
