epoch,gBest_fitness
1,2.0245498208215267
2,1.235479927756833
3,1.125160809202957
4,1.0654771961031528
5,0.9623361093393239
