epoch,gBest_fitness
1,0.3408747144326929
2,0.18028759973592667
3,0.12505824291328627
4,0.07370383142930159
5,0.04615966685722295
