epoch,gBest_fitness
1,1.4271678186161059
2,0.4143488909710997
3,0.21387997744741705
4,0.13793667993724956
5,0.10867402115861236
