epoch,gBest_fitness
1,1.0658888722507067
2,0.9685651112693721
3,0.8550014029896188
4,0.6085468385645472
5,0.46377688785374716
