epoch,gBest_fitness
1,0.6607892424842594
2,0.23975024359675845
3,0.08969679366470817
4,0.03323732287634573
5,0.018738826239828255
