epoch,gBest_fitness
1,0.0287029717401599
2,0.007681997055413503
3,0.0021555239726026576
4,0.000726500053497614
5,0.0002284479944624218
