epoch,gBest_fitness
1,1.0864861337003622
2,0.9202810849567149
3,0.7618977830867859
4,0.5395350562291946
5,0.4466921257325438
