epoch,gBest_fitness
1,0.1834717864727402
2,0.04974786512239937
3,0.0079039596795355
4,0.0035202429142522362
5,0.001567712451440162
