epoch,gBest_fitness
1,0.6840212460141112
2,0.21469761163537604
3,0.15018965159165487
4,0.1062104354021789
5,0.0724317455660839
