epoch,gBest_fitness
1,0.9840672091001702
2,0.42404529295076276
3,0.24600308783081126
4,0.10042212123301375
5,0.0412642480755111
