epoch,gBest_fitness
1,0.2806445641816896
2,0.1303337182090829
3,0.08270575080593212
4,0.06737913317748612
5,0.05687224314262218
