epoch,gBest_fitness
1,1.2519988523296208
2,0.9970273547852366
3,0.7316782333846991
4,0.5231455327856516
5,0.3711520372148145
