epoch,gBest_fitness
1,0.9977622323574907
2,0.6815790032099809
3,0.22078725872881344
4,0.05448375714369158
5,0.035013617269029296
