epoch,gBest_fitness
1,1.0495283408779388
2,0.8590609353530129
3,0.3950383319913745
4,0.20615013591181108
5,0.13640914887489552
