epoch,gBest_fitness
1,0.9804329795868288
2,0.3427482616869282
3,0.10458533290150096
4,0.04976194772101594
5,0.03615483754159299
