epoch,gBest_fitness
1,1.8177354651268414
2,1.2208863653549071
3,1.0783797186008452
4,0.9797889893843554
5,0.8814524383144988
