epoch,gBest_fitness
1,0.3551215923712894
2,0.2078684455173705
3,0.10921293555679135
4,0.08393963230484036
5,0.06012587291145044
