epoch,gBest_fitness
1,0.054909134418644534
2,0.018076447278845498
3,0.006435622997794543
4,0.0023398774146046186
5,0.0011409756085846157
