epoch,gBest_fitness
1,0.29847249221998573
2,0.08797837470466596
3,0.06082672898536301
4,0.027442927649030446
5,0.01985089691692521
