epoch,gBest_fitness
1,0.12887452683210743
2,0.038584580783526556
3,0.009315754952856081
4,0.003867568810802191
5,0.0019394081644299455
