epoch,gBest_fitness
1,0.97771033824635
2,0.5757606408948596
3,0.2747254893118508
4,0.1921973288655925
5,0.12147570711509781
