epoch,gBest_fitness
1,0.3703869750535972
2,0.18922956628740994
3,0.08846135948049394
4,0.055966246622968785
5,0.03830422189145344
