epoch,gBest_fitness
1,1.0558824776631306
2,0.8634355715087475
3,0.6538576353997951
4,0.5711989710498961
5,0.45050379943753993
