epoch,gBest_fitness
1,0.295206269657345
2,0.11256265419806377
3,0.07899109065829213
4,0.058668517211182936
5,0.041537095712872896
