epoch,gBest_fitness
1,1.3128750376341844
2,1.0532539104654857
3,0.9842790090528943
4,0.7803587238576655
5,0.6674872337441482
