epoch,gBest_fitness
1,1.8033107217294362
2,1.2472520786017818
3,1.0877921644144428
4,1.0307496212028229
5,0.9403552124095491
