epoch,gBest_fitness
1,0.7065861847266797
2,0.5458388543488306
3,0.42015813629996324
4,0.37077706382542774
5,0.31111835784036224
