epoch,gBest_fitness
1,2.871942475060988e-88
2,2.871942475060988e-88
3,2.871942475060988e-88
4,2.871942475060988e-88
5,3.9278783760264266e-89
