epoch,gBest_fitness
1,1.2589617241346506e-17
2,1.2589617241346506e-17
3,1.2589617241346506e-17
4,1.2589617241346506e-17
5,1.2589617241346506e-17
