epoch,gBest_fitness
1,1.0139998131542098e-10
2,1.7344280151853961e-13
3,1.7344280151853961e-13
4,1.9016722891788987e-15
5,2.321771425459459e-17
