epoch,gBest_fitness
1,7.19579763057441e-108
2,4.1564541196700996e-120
3,4.1564541196700996e-120
4,4.1564541196700996e-120
5,3.394750172381574e-120
