epoch,gBest_fitness
1,9.382746206842582e-81
2,3.698470494799263e-93
3,3.698470494799263e-93
4,3.698470494799263e-93
5,3.698470494799263e-93
