epoch,gBest_fitness
1,7.080927292294095e-15
2,2.058705376653876e-16
3,2.058705376653876e-16
4,2.058705376653876e-16
5,2.058705376653876e-16
