epoch,gBest_fitness
1,1.211175869650901e-15
2,2.6088891649411126e-16
3,2.6088891649411126e-16
4,2.6088891649411126e-16
5,5.447355489255432e-18
