epoch,gBest_fitness
1,7.432240100598646e-16
2,7.432240100598646e-16
3,2.1525519292113586e-18
4,2.1525519292113586e-18
5,6.66416626558006e-20
