epoch,gBest_fitness
1,8.738847773186194e-82
2,8.738847773186194e-82
3,2.066725980599305e-87
4,2.464686920071768e-93
5,2.464686920071768e-93
