epoch,gBest_fitness
1,5.103948465880991e-21
2,5.103948465880991e-21
3,5.103948465880991e-21
4,5.103948465880991e-21
5,5.103948465880991e-21
