epoch,gBest_fitness
1,1.6741445071758687e-20
2,1.6741445071758687e-20
3,1.6741445071758687e-20
4,1.6741445071758687e-20
5,1.6741445071758687e-20
