epoch,gBest_fitness
1,5.023144257370312e-18
2,5.023144257370312e-18
3,3.224811680987547e-20
4,3.224811680987547e-20
5,3.224811680987547e-20
