epoch,gBest_fitness
1,2.707708245637879e-112
2,2.707708245637879e-112
3,2.707708245637879e-112
4,2.707708245637879e-112
5,1.0613984664452151e-114
