epoch,gBest_fitness
1,1.145284205138627e-115
2,1.145284205138627e-115
3,1.145284205138627e-115
4,1.145284205138627e-115
5,1.145284205138627e-115
