epoch,gBest_fitness
1,1.861714601559483e-13
2,7.660072435168065e-16
3,7.660072435168065e-16
4,7.660072435168065e-16
5,7.660072435168065e-16
