epoch,gBest_fitness
1,2.5638864096298634e-13
2,1.1930250400468304e-15
3,1.1930250400468304e-15
4,2.9157099103312816e-19
5,2.9157099103312816e-19
