epoch,gBest_fitness
1,4.014115506547795e-93
2,4.6043680475174945e-97
3,7.944873837386842e-98
4,7.944873837386842e-98
5,5.2494970673191084e-102
