epoch,gBest_fitness
1,1.9870631613145533e-11
2,2.3713990375763964e-17
3,2.3713990375763964e-17
4,2.3713990375763964e-17
5,2.3713990375763964e-17
