epoch,gBest_fitness
1,2.1521996352658423e-19
2,2.1521996352658423e-19
3,2.1521996352658423e-19
4,2.1521996352658423e-19
5,2.1521996352658423e-19
