epoch,gBest_fitness
1,2.0520137066550727e-14
2,3.9407981821668376e-17
3,3.9407981821668376e-17
4,1.7462375200667887e-17
5,1.7462375200667887e-17
