epoch,gBest_fitness
1,1.6947222363203276e-10
2,7.1240969170251785e-12
3,1.2318525252194021e-14
4,1.196604925375879e-15
5,1.196604925375879e-15
