epoch,gBest_fitness
1,1.0536247445488127e-10
2,1.9846987856247314e-16
3,1.9846987856247314e-16
4,1.2491701081890005e-16
5,8.598845386372081e-24
