epoch,gBest_fitness
1,5.849501803354808e-10
2,1.476778570442537e-10
3,1.0924338893198275e-17
4,1.0924338893198275e-17
5,1.0924338893198275e-17
