epoch,gBest_fitness
1,1.801310034643145e-14
2,1.801310034643145e-14
3,1.801310034643145e-14
4,6.302874088684484e-20
5,6.302874088684484e-20
