epoch,gBest_fitness
1,2.094815951024676e-85
2,2.094815951024676e-85
3,1.2109523619134794e-87
4,2.6967991247877738e-92
5,2.6967991247877738e-92
