epoch,gBest_fitness
1,1.747430966184727e-87
2,1.747430966184727e-87
3,1.747430966184727e-87
4,1.747430966184727e-87
5,1.747430966184727e-87
