epoch,gBest_fitness
1,1.2413964852989048e-11
2,1.9100593603588705e-12
3,1.9100593603588705e-12
4,1.4116180014729584e-13
5,1.4116180014729584e-13
