epoch,gBest_fitness
1,2.2389080036222546e-113
2,1.7646171227105274e-113
3,1.7646171227105274e-113
4,1.7646171227105274e-113
5,1.7646171227105274e-113
