epoch,gBest_fitness
1,1.7749852914384135e-92
2,1.6105401964079522e-92
3,1.6105401964079522e-92
4,1.6105401964079522e-92
5,4.414361330885023e-102
