epoch,gBest_fitness
1,8.66497584043079e-117
2,8.66497584043079e-117
3,8.66497584043079e-117
4,8.66497584043079e-117
5,8.66497584043079e-117
