epoch,gBest_fitness
1,8.197847237099408e-15
2,8.197847237099408e-15
3,3.7256233769471865e-19
4,3.7256233769471865e-19
5,3.7256233769471865e-19
