epoch,gBest_fitness
1,1.7358991639517167e-87
2,7.27570084848253e-94
3,4.1615250652356616e-96
4,4.1615250652356616e-96
5,4.1615250652356616e-96
