epoch,gBest_fitness
1,2.040197683921356e-111
2,1.983508632406802e-115
3,1.983508632406802e-115
4,3.894020948232018e-121
5,3.894020948232018e-121
