epoch,gBest_fitness
1,2.422210073729197e-18
2,2.422210073729197e-18
3,2.422210073729197e-18
4,2.422210073729197e-18
5,2.422210073729197e-18
