epoch,gBest_fitness
1,3.0416622904995847e-110
2,5.403050673581323e-113
3,5.403050673581323e-113
4,5.403050673581323e-113
5,5.403050673581323e-113
