epoch,gBest_fitness
1,3.3828617382230452e-108
2,6.9511046123926595e-109
3,5.231654677808242e-120
4,5.231654677808242e-120
5,1.8750255049106052e-120
