epoch,gBest_fitness
1,3.282067515787956e-17
2,3.282067515787956e-17
3,3.282067515787956e-17
4,3.282067515787956e-17
5,3.282067515787956e-17
