epoch,gBest_fitness
1,1.2738866339492038e-12
2,1.2738866339492038e-12
3,6.236036588112463e-13
4,2.1643754816917547e-16
5,2.1643754816917547e-16
