epoch,gBest_fitness
1,2.125643835155832e-116
2,2.125643835155832e-116
3,2.125643835155832e-116
4,2.125643835155832e-116
5,2.125643835155832e-116
