epoch,gBest_fitness
1,8.251920115420758e-113
2,8.251920115420758e-113
3,6.789094069765045e-126
4,6.789094069765045e-126
5,6.789094069765045e-126
