epoch,gBest_fitness
1,2.827107752090247e-86
2,2.827107752090247e-86
3,2.5009753070339077e-99
4,2.5009753070339077e-99
5,2.5009753070339077e-99
