epoch,gBest_fitness
1,1.5893375799794926e-12
2,5.862468701453024e-13
3,2.838603845413004e-15
4,2.838603845413004e-15
5,2.398611103103318e-17
