epoch,gBest_fitness
1,3.013031875742442e-10
2,1.7228927384108008e-10
3,3.2823441542233257e-17
4,3.2823441542233257e-17
5,3.2823441542233257e-17
