epoch,gBest_fitness
1,6.5120274328361205e-15
2,6.5120274328361205e-15
3,3.259755556404727e-16
4,1.688855014334072e-20
5,1.688855014334072e-20
