epoch,gBest_fitness
1,9.40281441595585e-19
2,9.40281441595585e-19
3,9.40281441595585e-19
4,9.40281441595585e-19
5,1.7372673113638471e-22
