epoch,gBest_fitness
1,9.852224413045426e-89
2,4.5852457962518667e-97
3,4.5852457962518667e-97
4,4.5852457962518667e-97
5,4.5852457962518667e-97
