epoch,gBest_fitness
1,3.4359314412471185e-88
2,3.3968630197704676e-89
3,9.741546305933718e-95
4,9.741546305933718e-95
5,1.5497867904612942e-101
