epoch,gBest_fitness
1,7.92961149314479e-20
2,7.92961149314479e-20
3,7.92961149314479e-20
4,7.92961149314479e-20
5,4.713300041333269e-22
