epoch,gBest_fitness
1,8.241038672497165e-14
2,8.241038672497165e-14
3,2.593998962111394e-16
4,4.695226045680051e-19
5,4.695226045680051e-19
