epoch,gBest_fitness
1,5.578336874500832e-14
2,1.3497038113743741e-15
3,1.3497038113743741e-15
4,1.3497038113743741e-15
5,1.3497038113743741e-15
