epoch,gBest_fitness
1,3.987401526694178e-15
2,2.30230876556101e-18
3,2.30230876556101e-18
4,2.30230876556101e-18
5,2.30230876556101e-18
