epoch,gBest_fitness
1,3.2075603629553316e-20
2,3.2075603629553316e-20
3,3.2075603629553316e-20
4,3.2075603629553316e-20
5,3.2075603629553316e-20
