epoch,gBest_fitness
1,3.3928564247274846e-110
2,8.124971248442487e-117
3,8.124971248442487e-117
4,8.124971248442487e-117
5,3.5886764999555474e-118
