epoch,gBest_fitness
1,1.0835403411976969e-84
2,3.385348091257965e-91
3,3.24345561625443e-99
4,3.24345561625443e-99
5,3.24345561625443e-99
