epoch,gBest_fitness
1,4.70024155646954e-18
2,4.70024155646954e-18
3,4.70024155646954e-18
4,4.70024155646954e-18
5,4.70024155646954e-18
