epoch,gBest_fitness
1,6.762881429509704e-11
2,1.7765386314605185e-15
3,1.7765386314605185e-15
4,1.7765386314605185e-15
5,1.7765386314605185e-15
