epoch,gBest_fitness
1,9.857722649795608e-10
2,2.726902109828441e-21
3,2.726902109828441e-21
4,2.726902109828441e-21
5,2.726902109828441e-21
