epoch,gBest_fitness
1,2.986057468093942e-22
2,2.986057468093942e-22
3,2.986057468093942e-22
4,2.986057468093942e-22
5,2.986057468093942e-22
