epoch,gBest_fitness
1,3.8523960996805123e-85
2,3.8523960996805123e-85
3,7.27543727876614e-90
4,7.27543727876614e-90
5,7.27543727876614e-90
