epoch,gBest_fitness
1,1.0686549085248139e-11
2,1.0810941943316074e-15
3,1.0810941943316074e-15
4,1.0810941943316074e-15
5,1.0810941943316074e-15
