epoch,gBest_fitness
1,1.4343474035021027e-116
2,1.4343474035021027e-116
3,1.4343474035021027e-116
4,1.4343474035021027e-116
5,1.0611108504601377e-121
