epoch,gBest_fitness
1,4.5265133226850135e-92
2,8.51203890044803e-96
3,8.51203890044803e-96
4,8.51203890044803e-96
5,8.51203890044803e-96
