epoch,gBest_fitness
1,3.8433977311316427e-84
2,4.376658389115317e-87
3,2.840114358444092e-102
4,2.840114358444092e-102
5,2.840114358444092e-102
