epoch,gBest_fitness
1,8.111267896759017e-85
2,8.111267896759017e-85
3,4.529017614884928e-93
4,2.1613083820162533e-94
5,2.1613083820162533e-94
