epoch,gBest_fitness
1,1.7694583651465858e-118
2,6.727963916829684e-119
3,6.727963916829684e-119
4,6.727963916829684e-119
5,8.945962828907363e-123
