epoch,gBest_fitness
1,3.944130693581116e-15
2,3.944130693581116e-15
3,3.944130693581116e-15
4,3.944130693581116e-15
5,2.241682679389472e-19
