epoch,gBest_fitness
1,1.8400517462785146e-91
2,1.8400517462785146e-91
3,1.8400517462785146e-91
4,1.8400517462785146e-91
5,4.765484440640202e-97
