epoch,gBest_fitness
1,5.779880410024412e-108
2,3.919975018353067e-124
3,1.7934424184454195e-124
4,1.7934424184454195e-124
5,1.7934424184454195e-124
