epoch,gBest_fitness
1,2.299120822042625e-16
2,2.299120822042625e-16
3,2.299120822042625e-16
4,2.299120822042625e-16
5,2.299120822042625e-16
