epoch,gBest_fitness
1,9.390654934147085e-23
2,9.390654934147085e-23
3,9.390654934147085e-23
4,9.390654934147085e-23
5,9.390654934147085e-23
