epoch,gBest_fitness
1,5.5459098336743455e-12
2,9.007001554812843e-17
3,9.007001554812843e-17
4,9.007001554812843e-17
5,9.007001554812843e-17
