epoch,gBest_fitness
1,3.710672694911382e-85
2,7.172357607109422e-88
3,7.613687128643925e-89
4,7.613687128643925e-89
5,7.613687128643925e-89
