epoch,gBest_fitness
1,7.222178295756861e-88
2,4.3707199667617146e-91
3,4.3707199667617146e-91
4,4.3707199667617146e-91
5,4.3707199667617146e-91
