epoch,gBest_fitness
1,2.39372658763227e-12
2,2.39372658763227e-12
3,2.399593593030963e-13
4,1.0333598521490053e-17
5,1.0333598521490053e-17
