epoch,gBest_fitness
1,2.8727598764752417e-112
2,2.8727598764752417e-112
3,3.447020728959268e-116
4,3.447020728959268e-116
5,3.447020728959268e-116
