epoch,gBest_fitness
1,2.6606054521538074e-14
2,6.20239583824078e-15
3,6.20239583824078e-15
4,6.20239583824078e-15
5,5.5989282967312e-19
