epoch,gBest_fitness
1,2.073362756420967e-90
2,2.073362756420967e-90
3,2.073362756420967e-90
4,7.378796073702956e-97
5,7.378796073702956e-97
