epoch,gBest_fitness
1,4.489157733136228e-15
2,4.489157733136228e-15
3,4.489157733136228e-15
4,4.489157733136228e-15
5,5.88063874988232e-19
