epoch,gBest_fitness
1,4.8965841417782554e-15
2,4.8965841417782554e-15
3,2.836722275640476e-15
4,2.836722275640476e-15
5,2.836722275640476e-15
