epoch,gBest_fitness
1,1.3018733703781635e-17
2,1.3018733703781635e-17
3,1.3018733703781635e-17
4,2.3430365729585852e-20
5,2.3430365729585852e-20
