epoch,gBest_fitness
1,4.0735127636447966e-85
2,5.555182606008265e-94
3,5.555182606008265e-94
4,5.555182606008265e-94
5,5.555182606008265e-94
