epoch,gBest_fitness
1,2.9413332947561366e-11
2,1.4339987437995098e-15
3,1.4339987437995098e-15
4,1.4339987437995098e-15
5,7.233566644509393e-16
