epoch,gBest_fitness
1,3.1693383011082215e-10
2,1.5267927357243865e-12
3,1.3382250390839751e-12
4,1.3382250390839751e-12
5,1.1944275522970466e-14
