epoch,gBest_fitness
1,6.714595740742215e-118
2,2.390312933421678e-120
3,2.4881635247289393e-126
4,2.4881635247289393e-126
5,2.4881635247289393e-126
