epoch,gBest_fitness
1,2.7643087798454087e-13
2,2.9789110758078554e-17
3,2.9789110758078554e-17
4,2.9789110758078554e-17
5,2.9789110758078554e-17
