epoch,gBest_fitness
1,7.701622896133202e-10
2,6.670590019362726e-10
3,5.5096429559600425e-15
4,5.5096429559600425e-15
5,4.908736793785881e-19
