epoch,gBest_fitness
1,7.980064554110579e-14
2,4.738165441124541e-20
3,4.738165441124541e-20
4,4.738165441124541e-20
5,4.738165441124541e-20
