epoch,gBest_fitness
1,3.9555347061012505e-79
2,4.547315869640399e-91
3,4.547315869640399e-91
4,4.547315869640399e-91
5,4.547315869640399e-91
