epoch,gBest_fitness
1,1.3724543043944657e-15
2,3.331548717446204e-16
3,3.331548717446204e-16
4,3.331548717446204e-16
5,3.331548717446204e-16
