epoch,gBest_fitness
1,9.609072398063856e-88
2,1.0079759184588571e-95
3,1.0079759184588571e-95
4,1.0079759184588571e-95
5,1.0079759184588571e-95
