epoch,gBest_fitness
1,1.5466871624662458e-86
2,1.5466871624662458e-86
3,5.227001336008111e-87
4,9.76275686076949e-95
5,1.7867746073886084e-105
