epoch,gBest_fitness
1,2.0054689377202646e-18
2,2.0054689377202646e-18
3,2.0054689377202646e-18
4,2.0054689377202646e-18
5,7.254289374386931e-19
