epoch,gBest_fitness
1,6.398722287993918e-116
2,6.398722287993918e-116
3,6.398722287993918e-116
4,6.398722287993918e-116
5,6.398722287993918e-116
