epoch,gBest_fitness
1,3.3070662365583835e-90
2,3.3070662365583835e-90
3,3.3070662365583835e-90
4,1.8833580836096628e-92
5,1.8833580836096628e-92
