epoch,gBest_fitness
1,3.292878187036404e-16
2,3.292878187036404e-16
3,3.292878187036404e-16
4,3.292878187036404e-16
5,6.54425816628589e-19
