epoch,gBest_fitness
1,5.592492658611844e-89
2,5.592492658611844e-89
3,5.592492658611844e-89
4,5.592492658611844e-89
5,5.592492658611844e-89
