epoch,gBest_fitness
1,1.000776321039818e-14
2,1.000776321039818e-14
3,1.000776321039818e-14
4,1.000776321039818e-14
5,1.000776321039818e-14
