epoch,gBest_fitness
1,5.46089380687542e-86
2,4.9789685968039874e-92
3,3.6201216635709145e-94
4,1.61609692176042e-94
5,2.3963484088393848e-110
