epoch,gBest_fitness
1,1.8054179409023414e-89
2,1.8054179409023414e-89
3,1.8054179409023414e-89
4,1.1588539328697106e-94
5,1.1588539328697106e-94
