epoch,gBest_fitness
1,1.872240303949682e-113
2,1.872240303949682e-113
3,3.331717349008576e-116
4,3.331717349008576e-116
5,3.331717349008576e-116
