epoch,gBest_fitness
1,5.494132203097631e-16
2,5.494132203097631e-16
3,5.494132203097631e-16
4,5.494132203097631e-16
5,3.0231840554422683e-18
