epoch,gBest_fitness
1,5.258818522835237e-24
2,5.258818522835237e-24
3,5.258818522835237e-24
4,5.258818522835237e-24
5,5.258818522835237e-24
