epoch,gBest_fitness
1,3.68749060099302e-14
2,3.68749060099302e-14
3,3.68749060099302e-14
4,3.68749060099302e-14
5,3.68749060099302e-14
