epoch,gBest_fitness
1,3.5829926328313603e-82
2,1.3019052135952307e-90
3,1.3019052135952307e-90
4,1.3819830300896514e-97
5,1.3819830300896514e-97
