epoch,gBest_fitness
1,5.672021431754191e-88
2,5.672021431754191e-88
3,5.672021431754191e-88
4,3.416727649565736e-90
5,3.416727649565736e-90
