epoch,gBest_fitness
1,7.586960553912145e-114
2,1.5101251585207848e-131
3,1.5101251585207848e-131
4,1.5101251585207848e-131
5,1.5101251585207848e-131
