epoch,gBest_fitness
1,1.1236206852806754e-12
2,4.805126506759664e-19
3,4.805126506759664e-19
4,4.805126506759664e-19
5,4.805126506759664e-19
