epoch,gBest_fitness
1,5.128759337747865e-117
2,5.128759337747865e-117
3,7.227941219033443e-121
4,7.227941219033443e-121
5,7.227941219033443e-121
