epoch,gBest_fitness
1,2.7469214995014028e-14
2,1.4968920151696062e-14
3,6.895143354560945e-16
4,6.895143354560945e-16
5,6.895143354560945e-16
