epoch,gBest_fitness
1,2.1214358842318886e-17
2,7.788529228299408e-19
3,7.788529228299408e-19
4,7.788529228299408e-19
5,2.695528375028817e-19
