epoch,gBest_fitness
1,2.7572689742543466e-16
2,2.7572689742543466e-16
3,2.7572689742543466e-16
4,2.7572689742543466e-16
5,3.9798594989782538e-19
