epoch,gBest_fitness
1,1.2535623574543646e-09
2,3.7162259198289417e-16
3,3.7162259198289417e-16
4,8.362600676740386e-22
5,8.362600676740386e-22
