epoch,gBest_fitness
1,2.333476940365898e-109
2,2.333476940365898e-109
3,1.2874173844428313e-120
4,1.2874173844428313e-120
5,1.2874173844428313e-120
