epoch,gBest_fitness
1,1.8571166488776751e-90
2,1.8571166488776751e-90
3,1.8571166488776751e-90
4,1.8571166488776751e-90
5,1.8571166488776751e-90
