epoch,gBest_fitness
1,4.28783526345427e-109
2,5.681640392438017e-115
3,2.044939527007169e-119
4,6.129550826775542e-120
5,6.129550826775542e-120
