epoch,gBest_fitness
1,7.065600468626171e-12
2,6.629396100586714e-14
3,6.629396100586714e-14
4,8.87739239761e-19
5,8.87739239761e-19
