epoch,gBest_fitness
1,2.7123303591645797e-115
2,2.7123303591645797e-115
3,2.7123303591645797e-115
4,2.7123303591645797e-115
5,4.727349081704448e-120
