epoch,gBest_fitness
1,6.814725407206007e-13
2,6.814725407206007e-13
3,1.6545147787671375e-14
4,3.1399057973034842e-15
5,2.126080137300787e-20
