epoch,gBest_fitness
1,2.3285165931469305e-12
2,2.8086183638810728e-15
3,1.0404430513516592e-20
4,1.0404430513516592e-20
5,8.62913451923475e-28
