epoch,gBest_fitness
1,5.580957846035748e-90
2,1.00354299086967e-92
3,5.029192783230602e-93
4,5.029192783230602e-93
5,5.375590590042558e-95
