epoch,gBest_fitness
1,8.401810718037149e-92
2,8.401810718037149e-92
3,8.401810718037149e-92
4,8.401810718037149e-92
5,8.401810718037149e-92
