epoch,gBest_fitness
1,1.1376485018450729e-10
2,8.537585301861258e-16
3,2.555775656473956e-16
4,7.675296209751814e-17
5,7.675296209751814e-17
