epoch,gBest_fitness
1,1.1557272745676261e-09
2,2.9714586672204215e-16
3,2.9714586672204215e-16
4,3.8362229515506073e-22
5,3.8362229515506073e-22
