epoch,gBest_fitness
1,1.4658541439493278e-15
2,2.9717586399326004e-17
3,2.9717586399326004e-17
4,2.9717586399326004e-17
5,2.9717586399326004e-17
