epoch,gBest_fitness
1,1.8025305248566205e-91
2,1.8025305248566205e-91
3,1.140662893349108e-98
4,1.140662893349108e-98
5,1.140662893349108e-98
