epoch,gBest_fitness
1,6.864537302266286e-11
2,5.195499262218218e-16
3,5.195499262218218e-16
4,1.1248228200324298e-20
5,1.1248228200324298e-20
