epoch,gBest_fitness
1,1.2426665691800444e-115
2,1.2426665691800444e-115
3,6.847629978129061e-117
4,6.847629978129061e-117
5,6.847629978129061e-117
