epoch,gBest_fitness
1,9.233923976326394e-84
2,1.1750900407813848e-84
3,6.4283094333928874e-86
4,1.3473466794206744e-87
5,8.659092542942429e-92
