epoch,gBest_fitness
1,4.4758618898645316e-18
2,5.877926478035859e-19
3,5.877926478035859e-19
4,5.877926478035859e-19
5,5.877926478035859e-19
