epoch,gBest_fitness
1,9.867814641140862e-14
2,4.717982479870645e-16
3,7.723057662330883e-17
4,7.723057662330883e-17
5,2.710205105245973e-17
