epoch,gBest_fitness
1,1.283257272195226e-13
2,1.283257272195226e-13
3,2.004906083970832e-14
4,2.004906083970832e-14
5,7.072495921180935e-15
