epoch,gBest_fitness
1,3.8236857977860426e-16
2,3.8236857977860426e-16
3,3.8236857977860426e-16
4,3.8236857977860426e-16
5,3.8236857977860426e-16
