epoch,gBest_fitness
1,1.780710969657223e-112
2,1.780710969657223e-112
3,3.9242770579104695e-123
4,3.9242770579104695e-123
5,8.395222308339736e-124
