epoch,gBest_fitness
1,4.2393250673056825e-21
2,4.2393250673056825e-21
3,4.2393250673056825e-21
4,4.2393250673056825e-21
5,4.2393250673056825e-21
