epoch,gBest_fitness
1,5.1915621700365355e-87
2,1.1963667340900242e-100
3,1.1963667340900242e-100
4,1.1963667340900242e-100
5,1.1963667340900242e-100
