epoch,gBest_fitness
1,2.809655538242682e-10
2,1.56336879650628e-13
3,1.56336879650628e-13
4,1.56336879650628e-13
5,2.3334560875743543e-15
