epoch,gBest_fitness
1,2.3109713484452992e-117
2,2.3109713484452992e-117
3,2.3109713484452992e-117
4,5.603010662334531e-126
5,5.603010662334531e-126
