epoch,gBest_fitness
1,1.6031777042133082e-91
2,1.6031777042133082e-91
3,2.0425521623037454e-98
4,2.0425521623037454e-98
5,2.0425521623037454e-98
