epoch,gBest_fitness
1,5.220334631842561e-14
2,3.300049508192227e-16
3,1.7048226919377385e-17
4,1.7048226919377385e-17
5,1.7048226919377385e-17
