epoch,gBest_fitness
1,6.828304053453749e-18
2,6.828304053453749e-18
3,6.828304053453749e-18
4,6.828304053453749e-18
5,6.828304053453749e-18
