epoch,gBest_fitness
1,6.838965100518164e-92
2,6.838965100518164e-92
3,6.838965100518164e-92
4,6.838965100518164e-92
5,6.838965100518164e-92
