epoch,gBest_fitness
1,2.197359897049477e-92
2,2.639167903141158e-94
3,2.639167903141158e-94
4,2.639167903141158e-94
5,2.639167903141158e-94
