epoch,gBest_fitness
1,4.9695989927247346e-15
2,4.9695989927247346e-15
3,1.9244646004830405e-20
4,1.9244646004830405e-20
5,1.9244646004830405e-20
