epoch,gBest_fitness
1,1.9959102745193554e-98
2,1.9959102745193554e-98
3,1.9959102745193554e-98
4,2.7684944904511286e-99
5,2.7684944904511286e-99
