epoch,gBest_fitness
1,8.742065002846499e-89
2,8.742065002846499e-89
3,1.5219937633727636e-91
4,4.1979708879114663e-103
5,4.1979708879114663e-103
