epoch,gBest_fitness
1,1.0237835722581202e-110
2,9.445853105804902e-119
3,9.445853105804902e-119
4,2.381813497824348e-121
5,2.381813497824348e-121
