epoch,gBest_fitness
1,1.3101398880249569e-17
2,1.3101398880249569e-17
3,1.3101398880249569e-17
4,1.3101398880249569e-17
5,1.3101398880249569e-17
