epoch,gBest_fitness
1,7.808674466455646e-82
2,5.978498798248998e-90
3,5.2718900280044825e-90
4,5.2718900280044825e-90
5,5.2718900280044825e-90
