epoch,gBest_fitness
1,9.04527981819405e-20
2,9.04527981819405e-20
3,9.04527981819405e-20
4,9.04527981819405e-20
5,9.04527981819405e-20
