epoch,gBest_fitness
1,3.2762955641338764e-78
2,2.6451632234441344e-92
3,2.6451632234441344e-92
4,2.4975054095848914e-99
5,2.4975054095848914e-99
