epoch,gBest_fitness
1,2.620752826639131e-17
2,2.620752826639131e-17
3,2.620752826639131e-17
4,2.620752826639131e-17
5,2.620752826639131e-17
