epoch,gBest_fitness
1,2.995933655387462e-11
2,2.995933655387462e-11
3,2.995933655387462e-11
4,7.708925429997952e-16
5,7.708925429997952e-16
