epoch,gBest_fitness
1,5.258545969032104e-86
2,1.081557508532453e-91
3,1.081557508532453e-91
4,1.081557508532453e-91
5,1.4899787977962436e-93
