epoch,gBest_fitness
1,3.004008901232586e-11
2,2.5161169926798647e-14
3,1.14723418750317e-14
4,2.6831092844337537e-15
5,1.792789805988689e-15
