epoch,gBest_fitness
1,2.2313618249605772e-11
2,6.126534310709842e-14
3,6.126534310709842e-14
4,1.8144769605495592e-14
5,1.8144769605495592e-14
