epoch,gBest_fitness
1,5.632901045025826e-17
2,5.632901045025826e-17
3,5.632901045025826e-17
4,5.632901045025826e-17
5,2.6654716074442985e-21
