epoch,gBest_fitness
1,2.2874936798433548e-122
2,2.2874936798433548e-122
3,2.2874936798433548e-122
4,2.2874936798433548e-122
5,2.2874936798433548e-122
