epoch,gBest_fitness
1,9.214672082125911e-13
2,9.214672082125911e-13
3,9.214672082125911e-13
4,3.2283363152111555e-17
5,3.2283363152111555e-17
