epoch,gBest_fitness
1,7.71763380094335e-126
2,7.71763380094335e-126
3,7.71763380094335e-126
4,7.71763380094335e-126
5,7.71763380094335e-126
