epoch,gBest_fitness
1,1.5561071598937676e-85
2,1.6321790346556283e-96
3,1.6321790346556283e-96
4,1.3146396215685931e-99
5,1.3146396215685931e-99
