epoch,gBest_fitness
1,2.1336031857777233e-08
2,8.792796375529297e-14
3,7.975759546773533e-18
4,7.975759546773533e-18
5,7.975759546773533e-18
