epoch,gBest_fitness
1,5.392730669749435e-94
2,5.392730669749435e-94
3,5.392730669749435e-94
4,5.392730669749435e-94
5,5.392730669749435e-94
