epoch,gBest_fitness
1,6.331564841374689e-119
2,6.331564841374689e-119
3,6.331564841374689e-119
4,1.4120208477310885e-121
5,1.4120208477310885e-121
