epoch,gBest_fitness
1,1.433299452521494e-14
2,1.433299452521494e-14
3,1.433299452521494e-14
4,1.433299452521494e-14
5,1.433299452521494e-14
