epoch,gBest_fitness
1,5.477751994979781e-11
2,1.990585245957331e-12
3,3.9613575291620276e-14
4,1.2524697749812488e-17
5,1.2524697749812488e-17
