epoch,gBest_fitness
1,2.1595953043177552e-86
2,2.1595953043177552e-86
3,5.977137342811916e-91
4,9.069749046421925e-92
5,3.2073036338660955e-92
