epoch,gBest_fitness
1,2.2839573396189152e-10
2,1.9423820986683215e-14
3,1.9423820986683215e-14
4,3.923991210148038e-15
5,3.923991210148038e-15
