epoch,gBest_fitness
1,1.5878053887312373e-108
2,1.5878053887312373e-108
3,7.646837612834075e-116
4,8.523551899204905e-132
5,8.523551899204905e-132
