epoch,gBest_fitness
1,6.3968249231074554e-12
2,2.868940627586177e-21
3,2.868940627586177e-21
4,2.868940627586177e-21
5,2.868940627586177e-21
