epoch,gBest_fitness
1,1.6518818898099138e-111
2,1.6518818898099138e-111
3,2.925398780858037e-118
4,2.925398780858037e-118
5,6.465909737975139e-124
