epoch,gBest_fitness
1,1.605524775339164e-117
2,9.512006883573039e-126
3,9.512006883573039e-126
4,9.512006883573039e-126
5,9.512006883573039e-126
