epoch,gBest_fitness
1,1.5540448994210875e-13
2,7.561322344171832e-15
3,2.3880912335877677e-19
4,8.486464719035547e-20
5,8.486464719035547e-20
