epoch,gBest_fitness
1,2.640625542248354e-86
2,2.640625542248354e-86
3,3.990797331014336e-90
4,3.990797331014336e-90
5,3.990797331014336e-90
