epoch,gBest_fitness
1,2.802314807250312e-118
2,4.178598514119029e-119
3,3.006694567950059e-120
4,3.006694567950059e-120
5,2.6605143993459452e-132
