epoch,gBest_fitness
1,2.828475845691178e-79
2,8.211616596467278e-90
3,1.7770869889178876e-91
4,1.271111801245398e-92
5,1.271111801245398e-92
