epoch,gBest_fitness
1,1.625788431090085e-90
2,7.831072615507566e-94
3,7.831072615507566e-94
4,7.831072615507566e-94
5,7.831072615507566e-94
