epoch,gBest_fitness
1,2.520015617708295e-17
2,2.520015617708295e-17
3,2.520015617708295e-17
4,4.843965480768906e-18
5,4.843965480768906e-18
