epoch,gBest_fitness
1,2.407172902405772e-115
2,2.407172902405772e-115
3,2.2183304102968765e-125
4,2.2183304102968765e-125
5,1.690994313811e-125
