epoch,gBest_fitness
1,4.226737687035216e-84
2,4.226737687035216e-84
3,4.226737687035216e-84
4,1.8314753368428918e-94
5,1.8314753368428918e-94
