epoch,gBest_fitness
1,2.292482704479573e-15
2,1.2254337771861949e-16
3,1.0884546404179655e-17
4,1.0884546404179655e-17
5,1.0884546404179655e-17
