epoch,gBest_fitness
1,6.363149714544219e-95
2,6.363149714544219e-95
3,6.363149714544219e-95
4,6.363149714544219e-95
5,6.363149714544219e-95
