epoch,gBest_fitness
1,2.244508331515613e-14
2,1.1375904783551992e-16
3,1.2550723256685582e-19
4,1.2550723256685582e-19
5,1.2550723256685582e-19
