epoch,gBest_fitness
1,5.808656380361577e-89
2,1.5839528853489853e-91
3,3.787679928652157e-94
4,6.349667403435988e-95
5,6.349667403435988e-95
