epoch,gBest_fitness
1,5.806281190895425e-103
2,5.806281190895425e-103
3,5.806281190895425e-103
4,5.806281190895425e-103
5,5.806281190895425e-103
