epoch,gBest_fitness
1,4.990408885371529e-89
2,4.990408885371529e-89
3,5.566078402025614e-105
4,5.566078402025614e-105
5,5.566078402025614e-105
