epoch,gBest_fitness
1,1.0186792827941312e-108
2,6.667227611262106e-122
3,6.667227611262106e-122
4,6.667227611262106e-122
5,6.667227611262106e-122
