epoch,gBest_fitness
1,1.0640228335647838e-109
2,3.4065579090573685e-110
3,1.907060535126314e-112
4,1.907060535126314e-112
5,1.907060535126314e-112
