epoch,gBest_fitness
1,7.606941777481104e-18
2,7.606941777481104e-18
3,3.679435946748749e-22
4,3.679435946748749e-22
5,3.679435946748749e-22
