epoch,gBest_fitness
1,5.706820688967117e-18
2,5.706820688967117e-18
3,5.706820688967117e-18
4,5.706820688967117e-18
5,1.1656717663898096e-21
