epoch,gBest_fitness
1,3.6903660334878156e-119
2,3.6903660334878156e-119
3,4.976842826331702e-121
4,4.976842826331702e-121
5,4.976842826331702e-121
