epoch,gBest_fitness
1,1.333474867297784e-19
2,1.333474867297784e-19
3,1.333474867297784e-19
4,1.333474867297784e-19
5,1.333474867297784e-19
