epoch,gBest_fitness
1,2.8386167817434763e-13
2,3.700979221526925e-16
3,3.700979221526925e-16
4,3.700979221526925e-16
5,1.9721812331809692e-16
