epoch,gBest_fitness
1,1.3151933063405042e-12
2,1.8167586081369483e-19
3,1.8167586081369483e-19
4,1.8167586081369483e-19
5,1.8167586081369483e-19
