epoch,gBest_fitness
1,1.4558027460238149e-90
2,1.4558027460238149e-90
3,1.4558027460238149e-90
4,3.378150319837336e-91
5,9.805217961787442e-105
