epoch,gBest_fitness
1,3.329246814442425e-17
2,3.329246814442425e-17
3,3.329246814442425e-17
4,3.329246814442425e-17
5,3.329246814442425e-17
