epoch,gBest_fitness
1,1.6912650427802224e-10
2,3.012866702754693e-17
3,3.012866702754693e-17
4,3.012866702754693e-17
5,3.012866702754693e-17
