epoch,gBest_fitness
1,3.444866793696588e-12
2,3.444866793696588e-12
3,7.056064569796248e-14
4,7.056064569796248e-14
5,4.0737529581520705e-21
