epoch,gBest_fitness
1,8.264207566862853e-13
2,1.9666009906241917e-14
3,3.9531059355521476e-21
4,3.9531059355521476e-21
5,3.9531059355521476e-21
