epoch,gBest_fitness
1,9.193334352154054
2,1.1665986543648263
3,0.2859501093265746
4,0.14709532067297504
5,0.11218005904854822
