epoch,gBest_fitness
1,2.769239821930363
2,2.40823466877599
3,2.323101447341156
4,2.3198182209370484
5,2.3179046064629287
