epoch,gBest_fitness
1,3.697859601531523
2,3.133086905938335
3,2.8560090628012174
4,2.678852992713637
5,2.5787216690116606
