epoch,gBest_fitness
1,2.7690383272902612
2,2.4924426685119383
3,2.0704856672017375
4,1.9685394298675871
5,1.9502064279135891
