epoch,gBest_fitness
1,20.350325415565536
2,20.165966541863302
3,20.12706430570129
4,20.08775513804685
5,20.034967218929648
