epoch,gBest_fitness
1,20.290854518378342
2,19.55691416720289
3,14.2420060461426
4,13.212841414835522
5,12.682912121187762
