epoch,gBest_fitness
1,20.62682111232772
2,20.169588514014098
3,19.90696472490121
4,19.440861781150726
5,18.93651181224032
