epoch,gBest_fitness
1,3.084389214834769
2,2.939564478114374
3,2.926137245070351
4,2.9234003639086876
5,2.5967527223037448
