epoch,gBest_fitness
1,3.946809911199321
2,3.6548711614697997
3,3.5034789669614175
4,3.3871610879325194
5,3.3525910596112003
