epoch,gBest_fitness
1,20.423360320640185
2,19.535104935368558
3,17.324979890183336
4,15.617740208716626
5,14.988117381763242
