epoch,gBest_fitness
1,20.388879105683046
2,20.138812666469676
3,20.08295373965538
4,20.0620175997086
5,20.03430962798505
