epoch,gBest_fitness
1,21.12822635057117
2,20.919542496864512
3,20.738444390968464
4,20.628551643631727
5,20.508061620670425
