epoch,gBest_fitness
1,20.519031394209318
2,20.363737982588255
3,20.291980738563588
4,20.24738602068932
5,20.13050369525886
