epoch,gBest_fitness
1,2.2649513898011695
2,1.6765539781179837
3,1.6556636551016628
4,1.442936561003091
5,0.15896735352074431
