epoch,gBest_fitness
1,20.829533970768544
2,20.732154364858786
3,20.596645401165148
4,20.532775951364815
5,20.476087831407725
