epoch,gBest_fitness
1,20.74674979836761
2,20.526199645222665
3,20.45836538117684
4,20.40986873171998
5,20.378846252337823
