epoch,gBest_fitness
1,3.1348823538953714
2,2.086443314561159
3,1.9397270382829679
4,1.88200707738913
5,1.8576263261731865
