epoch,gBest_fitness
1,2.3801211178412385
2,2.222188366826558
3,1.2553607927392751
4,0.8635188415333315
5,0.8267462279620124
