epoch,gBest_fitness
1,21.20446898382213
2,21.068435561663918
3,20.9673703247474
4,20.839311563613517
5,20.816833732426893
