epoch,gBest_fitness
1,20.2056327122593
2,20.0539204329955
3,20.01574026492014
4,20.004826160238164
5,19.995188248044187
