epoch,gBest_fitness
1,2.6130882568962766
2,2.202401169576874
3,1.941640047310838
4,1.8578100697100663
5,1.847663826889566
