epoch,gBest_fitness
1,20.48144651658386
2,20.292323971977602
3,20.065043623201287
4,19.407326474396996
5,18.63932191165335
