epoch,gBest_fitness
1,14.224534483072677
2,3.6495013558314224
3,3.5033916791578226
4,3.2503971186981713
5,3.200198410496697
