epoch,gBest_fitness
1,14.112264149258401
2,3.5114401545500837
3,3.0541704648326093
4,2.754655936057589
5,2.425739388686822
