epoch,gBest_fitness
1,3.0747865837056243
2,2.767928991951639
3,2.635268726446928
4,2.5480699878730317
5,2.508424471252948
