epoch,gBest_fitness
1,21.096291864910636
2,20.11258443234145
3,19.233805663262604
4,18.528537646475204
5,18.158814698991
