epoch,gBest_fitness
1,20.826107110587174
2,19.336454366030676
3,17.787979314804044
4,16.796613103464683
5,16.276739845697325
