epoch,gBest_fitness
1,19.77284509322981
2,18.608730606795948
3,18.008372320580637
4,17.231303899542592
5,15.188567570180286
