epoch,gBest_fitness
1,4.866872605723621
2,1.7510230554198825
3,1.308086492474708
4,0.981611426553116
5,0.7463906354957861
