epoch,gBest_fitness
1,2.5067605086022025
2,1.6620662026567499
3,1.3028256611108024
4,1.0988966281904706
5,0.983578184815713
