epoch,gBest_fitness
1,4.649444262901071
2,4.147164011579811
3,3.924341598399512
4,3.7770961069993523
5,3.6619454212103766
