epoch,gBest_fitness
1,20.388450762030402
2,19.964206768292858
3,19.283657138439853
4,16.407233356397413
5,14.469182687194763
