epoch,gBest_fitness
1,1.7464372755530353
2,1.2845648000975562
3,0.8590460565662075
4,0.8052444226760191
5,0.33040464096626154
