epoch,gBest_fitness
1,20.435584088003527
2,20.305723642999403
3,20.23192246279922
4,20.197854581764954
5,20.163352142834004
