epoch,gBest_fitness
1,2.458521262529086
2,1.2504392851131105
3,1.172514703829155
4,1.1612284553145433
5,1.156647217968985
