epoch,gBest_fitness
1,20.63245528881507
2,19.96860567854676
3,18.283157147405102
4,17.328277356914633
5,16.509082643246792
