epoch,gBest_fitness
1,21.096333144590975
2,20.937990189782624
3,20.86168061056841
4,20.817192302617606
5,20.789764713772858
