epoch,gBest_fitness
1,2.662197387742499
2,2.2846518638396067
3,1.8546133315694076
4,1.7572354658000369
5,1.4827334144777038
