epoch,gBest_fitness
1,20.996500508257594
2,20.712265570093084
3,19.18544672285307
4,18.088955150547314
5,17.689157598036996
