epoch,gBest_fitness
1,5.0993554004991495
2,4.925783869817671
3,4.841600017787034
4,4.630745733344867
5,4.443464541997631
