epoch,gBest_fitness
1,4.117279585690689
2,3.819342750610766
3,3.621996254625007
4,3.5378455775833655
5,3.4585037079617966
