epoch,gBest_fitness
1,10.924525193023777
2,2.4563177083308756
3,2.1731610026752297
4,2.090511486835823
5,2.07188423180968
