epoch,gBest_fitness
1,20.391459325094935
2,20.33636419002966
3,20.198751121972446
4,19.872513535338356
5,19.182335785616527
