epoch,gBest_fitness
1,2.551787590159688
2,2.1175008301868954
3,1.8661610150899262
4,1.6529102183150113
5,1.5188524440973983
