epoch,gBest_fitness
1,19.789924473367474
2,18.35837116713779
3,17.54244221430251
4,17.235090472129393
5,17.136558642366097
