epoch,gBest_fitness
1,20.181420825852978
2,20.13383609309747
3,20.08972770930818
4,20.074935782217036
5,20.054560770719323
