epoch,gBest_fitness
1,2.321902206542305
2,1.9315645251202054
3,1.8726321902995022
4,1.84965015135429
5,1.844181256179184
