epoch,gBest_fitness
1,20.78542560218546
2,20.64496088810957
3,20.564558566033377
4,20.512205759719524
5,20.44570831689343
