epoch,gBest_fitness
1,21.080750936602847
2,20.588407462178445
3,20.474563625826853
4,20.36406716211041
5,20.31833339462897
