epoch,gBest_fitness
1,20.728059385639707
2,20.165549374719564
3,18.86054321173517
4,16.718445374298106
5,16.243008784229914
