epoch,gBest_fitness
1,20.447201780746386
2,20.085482272498712
3,19.976680703018598
4,19.940770292694925
5,19.87516296125418
