epoch,gBest_fitness
1,20.45188524053783
2,18.400076729040318
3,17.708134062510858
4,17.379102769792777
5,15.974049552610662
