epoch,gBest_fitness
1,21.109649778919422
2,20.907925775603857
3,20.825288263846947
4,20.79680009072936
5,20.774392458092958
