epoch,gBest_fitness
1,20.6814529909167
2,20.445235447487526
3,20.37282209523389
4,20.283832712062615
5,20.245950065597896
