epoch,gBest_fitness
1,20.81970517394047
2,20.622290941348588
3,20.49482184039091
4,20.469952438407297
5,20.42105845547971
