epoch,gBest_fitness
1,4.626182533202684
2,3.559662408028164
3,3.2196032394569305
4,2.9657935543281906
5,2.659571795007779
