epoch,gBest_fitness
1,3.41396466861934
2,2.8741080954320606
3,2.7066093737740364
4,2.6519657181070326
5,2.6086592086184734
