epoch,gBest_fitness
1,20.718024929463205
2,20.393482154721593
3,20.160769261303454
4,19.072493060602433
5,17.87333672311075
