epoch,gBest_fitness
1,3.161250029687182
2,2.9385407286148184
3,2.8504167094250303
4,2.593624523687773
5,2.5361027835174856
