epoch,gBest_fitness
1,20.014522194859065
2,17.120734492174616
3,15.131608523195483
4,14.834803260182529
5,14.735932003868017
