epoch,gBest_fitness
1,4.712501023857357
2,4.110016369757819
3,3.5622686290867844
4,3.3601424862822253
5,3.236819969712809
