epoch,gBest_fitness
1,4.269867702824111
2,3.869710654557086
3,3.7472932012816362
4,3.546145008804221
5,3.399238336045855
