epoch,gBest_fitness
1,3.550383245928874
2,3.128913802082512
3,2.985055294873043
4,2.9060104436771224
5,2.823765570934722
