epoch,gBest_fitness
1,4.203963275326977
2,2.590240985801636
3,2.287198903976272
4,2.1931785327083557
5,1.955567289820625
