epoch,gBest_fitness
1,20.292563370010566
2,20.205592452261243
3,20.101447867893064
4,20.039287875792844
5,20.022684969851287
