epoch,gBest_fitness
1,20.570726647499466
2,20.379634827022954
3,20.251107029631516
4,20.17389831673781
5,20.105113850530408
