epoch,gBest_fitness
1,3.313178837742989
2,2.8023884188533548
3,2.5272267260946504
4,2.3849392549643764
5,2.2104237701720604
