epoch,gBest_fitness
1,4.478202193609562
2,4.165622572870287
3,3.9709013437951524
4,3.5614209772951253
5,3.300283038165287
