epoch,gBest_fitness
1,20.41408533111037
2,20.139345617308162
3,20.07572231670961
4,20.00465650505174
5,19.876577704691112
