epoch,gBest_fitness
1,5.2286560999205705
2,4.847292022818326
3,4.607765758764394
4,4.544155630482184
5,4.360613287528977
