epoch,gBest_fitness
1,20.672841700364746
2,20.347593353028067
3,20.142300054458683
4,19.67933855290132
5,19.18219408445493
