epoch,gBest_fitness
1,20.69244660276534
2,20.562912327669633
3,20.48608729004174
4,20.384115124916658
5,20.301398036254604
