epoch,gBest_fitness
1,20.66644368088003
2,20.33140224893682
3,20.24324828088191
4,20.195679611657862
5,20.101596731969167
