epoch,gBest_fitness
1,4.581175860570994
2,3.591485381236233
3,3.2059561626543247
4,2.988400936216444
5,2.846583006728285
