epoch,gBest_fitness
1,4.368127448417155
2,3.120068796680496
3,2.8294429616324384
4,2.5829894117261785
5,2.363980561872179
