epoch,gBest_fitness
1,4.489969445233353
2,3.2092390520659255
3,3.048195694358576
4,2.652765396186578
5,2.3987030387357966
