epoch,gBest_fitness
1,21.154008631461338
2,20.83805093975317
3,20.735076329449445
4,20.67558928772166
5,20.634213607730953
