epoch,gBest_fitness
1,20.957706182336008
2,20.665642559860032
3,20.248492311693457
4,19.32431766625924
5,17.881691685201737
