epoch,gBest_fitness
1,1.6048636362238153
2,1.3393674057993583
3,1.2212283366923384
4,0.8439557862993969
5,0.8150933582052997
