epoch,gBest_fitness
1,5.428750625824609
2,5.115077738977238
3,4.849221662627617
4,4.783164630469898
5,4.650334006889885
