epoch,gBest_fitness
1,4.067082020871997
2,3.782707709513144
3,3.6616125035399496
4,3.566261432417076
5,3.508061646028708
