epoch,gBest_fitness
1,2.1256217311887196
2,1.7587231663682066
3,1.6849132413668184
4,1.662063091984582
5,1.6502434041791685
