epoch,gBest_fitness
1,20.923945196449168
2,20.67116930553126
3,20.557479769090012
4,20.481209921409476
5,20.342856470571444
