epoch,gBest_fitness
1,21.110660432840916
2,20.877049294154144
3,20.75867605313978
4,20.71053726989664
5,20.655955916047155
