epoch,gBest_fitness
1,3.690110886431605
2,2.888712957569528
3,2.3010382445009836
4,1.9476586370156181
5,1.8436640239890072
