epoch,gBest_fitness
1,20.773500356333457
2,20.52340277430856
3,20.452095022438716
4,20.351287122177506
5,20.30835787498505
