epoch,gBest_fitness
1,20.371513138022465
2,16.38857701919092
3,10.984399531545439
4,7.213376966472268
5,5.618874576591612
