epoch,gBest_fitness
1,20.44603492445521
2,19.080433565657028
3,10.349723250256158
4,6.24001309838075
5,5.960190500189821
