epoch,gBest_fitness
1,3.3540924226378697
2,3.1850024088370223
3,3.1345945656776135
4,3.1286150162049116
5,3.0421507759847874
