epoch,gBest_fitness
1,3.3187342857294984
2,3.04477454249199
3,2.623800900434724
4,2.5132051549121397
5,2.381539456632819
