epoch,gBest_fitness
1,4.751256151712962
2,4.207235324856153
3,3.5336354728347747
4,3.127423872654838
5,2.929545055639601
