epoch,gBest_fitness
1,4.089856838281353
2,3.881962484495802
3,3.6229947183044975
4,3.428790466741717
5,3.2671878058868526
