epoch,gBest_fitness
1,21.11527495736064
2,20.96986037420571
3,20.844642669820118
4,19.99690455232086
5,18.23871627113661
