epoch,gBest_fitness
1,3.9392804593828328
2,2.7196828370365727
3,2.3276437314428375
4,2.1989857878566537
5,2.0540957890734686
