epoch,gBest_fitness
1,3.0183604825950536
2,2.705393117330271
3,2.5454272591256495
4,2.467183500131022
5,2.443131087629937
