epoch,gBest_fitness
1,21.090777803993166
2,20.91986273350915
3,20.82847656937769
4,20.774919966378867
5,20.752307646197607
