epoch,gBest_fitness
1,3.8105783874023094
2,2.9474068319376525
3,2.7757218655040714
4,2.4958777526888345
5,2.3530482642319055
