epoch,gBest_fitness
1,20.425869011646792
2,20.14318235840427
3,20.067578335876245
4,20.0518946499281
5,20.019757374047348
