epoch,gBest_fitness
1,2.7202760649710602
2,1.9913287501138695
3,1.9128177419408314
4,1.832228603056397
5,1.7984185805912003
