epoch,gBest_fitness
1,20.27180999914416
2,20.106440557082024
3,20.074159971789612
4,20.0629636628083
5,20.024949203905003
