epoch,gBest_fitness
1,21.00864268654113
2,20.459816569576645
3,18.891305550322723
4,16.404104452570685
5,15.48460184126873
