epoch,gBest_fitness
1,5.137450527295346
2,4.363766027912256
3,3.944531698669348
4,3.8148357780777435
5,3.677804667184738
