epoch,gBest_fitness
1,4.462857534059122
2,4.210568789445155
3,4.090780287063648
4,3.965310311731941
5,3.8941410571429285
