epoch,gBest_fitness
1,20.280419219118404
2,20.113693167139168
3,20.07538359829285
4,19.988314117092322
5,19.821372668651556
