epoch,gBest_fitness
1,5.728750807065808e-14
2,5.728750807065808e-14
3,4.440892098500626e-16
4,4.440892098500626e-16
5,4.440892098500626e-16
