epoch,gBest_fitness
1,6.620526349365718e-11
2,6.620526349365718e-11
3,3.241851231905457e-14
4,3.241851231905457e-14
5,3.9968028886505635e-15
