epoch,gBest_fitness
1,1.723510223428093e-12
2,4.440892098500626e-16
3,4.440892098500626e-16
4,4.440892098500626e-16
5,4.440892098500626e-16
