epoch,gBest_fitness
1,5.059508367821763e-12
2,5.059508367821763e-12
3,4.440892098500626e-16
4,4.440892098500626e-16
5,4.440892098500626e-16
