epoch,gBest_fitness
1,3.636491108238715e-10
2,3.6637359812630166e-13
3,3.6637359812630166e-13
4,4.440892098500626e-16
5,4.440892098500626e-16
