epoch,gBest_fitness
1,2.5196289499263003e-11
2,2.5196289499263003e-11
3,2.5196289499263003e-11
4,1.9939605522267811e-13
5,1.9939605522267811e-13
