epoch,gBest_fitness
1,3.8074653208042264e-08
2,3.933426917512861e-10
3,3.933426917512861e-10
4,3.9968028886505635e-15
5,3.9968028886505635e-15
