epoch,gBest_fitness
1,3.6637359812630166e-13
2,3.241851231905457e-14
3,3.241851231905457e-14
4,3.241851231905457e-14
5,3.241851231905457e-14
