epoch,gBest_fitness
1,3.0953017926549364e-13
2,3.0953017926549364e-13
3,3.0953017926549364e-13
4,1.603162047558726e-13
5,4.440892098500626e-16
