epoch,gBest_fitness
1,1.3860024239420454e-12
2,1.3860024239420454e-12
3,4.440892098500626e-16
4,4.440892098500626e-16
5,4.440892098500626e-16
