epoch,gBest_fitness
1,-1015.4956867568625
2,-1074.6766311390402
3,-1096.835907145647
4,-1116.557662791531
5,-1134.044286130876
6,-1244.1014957871334
7,-1330.447744662799
8,-1406.1446228437965
9,-1601.814955082647
10,-1836.0976410586984
11,-2031.5058737823538
12,-2212.546948484436
13,-2366.723801360295
14,-2571.6621642175037
15,-2660.0329518941344
16,-2816.031227287412
17,-2968.4215057003644
18,-3156.3640440738
19,-3344.6254086713366
20,-3506.1604158770874
21,-3654.566988535842
22,-3784.1053933686585
23,-3866.6424922507263
24,-3968.981366847083
25,-4079.981366847083
26,-4179.054963266526
27,-4273.035816190702
28,-4344.612198405391
29,-4389.601571045107
30,-4426.502378483817
31,-4451.632343788898
32,-4467.879615018668
33,-4489.424119838516
34,-4507.396401846331
35,-4528.678110980131
36,-4548.446053096417
37,-4567.076384779111
38,-4576.163569532648
39,-4582.020355462557
40,-4586.020355462557
41,-4590.149423985823
42,-4596.149423985823
43,-4602.149423985823
44,-4606.885227395315
45,-4610.7228402755545
46,-4614.7228402755545
47,-4618.7228402755545
48,-4621.840134808346
49,-4625.451880000601
50,-4629.368406385587
51,-4633.368406385587
52,-4637.368406385587
53,-4641.368406385587
54,-4643.812935650814
55,-4644.812935650814
56,-4645.812935650814
57,-4646.812935650814
58,-4647.812935650814
59,-4648.660794036024
60,-4649.660794036024
61,-4650.0
62,-4650.0
63,-4650.0
64,-4650.0
65,-4650.0
66,-4650.0
67,-4650.0
68,-4650.0
69,-4650.0
70,-4650.0
71,-4650.0
72,-4650.0
73,-4650.0
74,-4650.0
75,-4650.0
76,-4650.0
77,-4650.0
78,-4650.0
79,-4650.0
80,-4650.0
81,-4650.0
82,-4650.0
83,-4650.0
84,-4650.0
85,-4650.0
86,-4650.0
87,-4650.0
88,-4650.0
89,-4650.0
90,-4650.0
91,-4650.0
92,-4650.0
93,-4650.0
94,-4650.0
95,-4650.0
96,-4650.0
97,-4650.0
98,-4650.0
99,-4650.0
100,-4650.0
101,-4650.0
102,-4650.0
103,-4650.0
104,-4650.0
105,-4650.0
106,-4650.0
107,-4650.0
108,-4650.0
109,-4650.0
110,-4650.0
111,-4650.0
112,-4650.0
113,-4650.0
114,-4650.0
115,-4650.0
116,-4650.0
117,-4650.0
118,-4650.0
119,-4650.0
120,-4650.0
121,-4650.0
122,-4650.0
123,-4650.0
124,-4650.0
125,-4650.0
126,-4650.0
127,-4650.0
128,-4650.0
129,-4650.0
130,-4650.0
131,-4650.0
132,-4650.0
133,-4650.0
134,-4650.0
135,-4650.0
136,-4650.0
137,-4650.0
138,-4650.0
139,-4650.0
140,-4650.0
141,-4650.0
142,-4650.0
143,-4650.0
144,-4650.0
145,-4650.0
146,-4650.0
147,-4650.0
148,-4650.0
149,-4650.0
150,-4650.0
