epoch,gBest_fitness
1,-591.6823584419567
2,-593.5895011004382
3,-595.2932152086814
4,-627.1394336621127
5,-672.8375128655689
6,-720.1947562050374
7,-754.685454564217
8,-817.7374312710099
9,-916.9328628003294
10,-1001.9515656861611
11,-1060.296196331328
12,-1139.6685066814598
13,-1248.4902470684997
14,-1351.3309122845367
15,-1454.873035576906
16,-1570.4257052521518
17,-1662.6865314866109
18,-1758.640483348155
19,-1832.8119185005419
20,-1901.2890641202312
21,-1943.0954512228548
22,-1972.9197290653954
23,-2002.4247926164387
24,-2028.5763420924834
25,-2049.780679036607
26,-2063.627343169358
27,-2072.134068884506
28,-2075.390383885673
29,-2077.390383885673
30,-2079.480428198629
31,-2081.390383885673
32,-2083.390383885673
33,-2085.390383885673
34,-2087.390383885673
35,-2089.390383885673
36,-2091.390383885673
37,-2093.390383885673
38,-2095.390383885673
39,-2097.390383885673
40,-2099.390383885673
41,-2100.0
42,-2100.0
43,-2100.0
44,-2100.0
45,-2100.0
46,-2100.0
47,-2100.0
48,-2100.0
49,-2100.0
50,-2100.0
51,-2100.0
52,-2100.0
53,-2100.0
54,-2100.0
55,-2100.0
56,-2100.0
57,-2100.0
58,-2100.0
59,-2100.0
60,-2100.0
61,-2100.0
62,-2100.0
63,-2100.0
64,-2100.0
65,-2100.0
66,-2100.0
67,-2100.0
68,-2100.0
69,-2100.0
70,-2100.0
71,-2100.0
72,-2100.0
73,-2100.0
74,-2100.0
75,-2100.0
76,-2100.0
77,-2100.0
78,-2100.0
79,-2100.0
80,-2100.0
81,-2100.0
82,-2100.0
83,-2100.0
84,-2100.0
85,-2100.0
86,-2100.0
87,-2100.0
88,-2100.0
89,-2100.0
90,-2100.0
91,-2100.0
92,-2100.0
93,-2100.0
94,-2100.0
95,-2100.0
96,-2100.0
97,-2100.0
98,-2100.0
99,-2100.0
100,-2100.0
101,-2100.0
102,-2100.0
103,-2100.0
104,-2100.0
105,-2100.0
106,-2100.0
107,-2100.0
108,-2100.0
109,-2100.0
110,-2100.0
111,-2100.0
112,-2100.0
113,-2100.0
114,-2100.0
115,-2100.0
116,-2100.0
117,-2100.0
118,-2100.0
119,-2100.0
120,-2100.0
121,-2100.0
122,-2100.0
123,-2100.0
124,-2100.0
125,-2100.0
126,-2100.0
127,-2100.0
128,-2100.0
129,-2100.0
130,-2100.0
131,-2100.0
132,-2100.0
133,-2100.0
134,-2100.0
135,-2100.0
136,-2100.0
137,-2100.0
138,-2100.0
139,-2100.0
140,-2100.0
141,-2100.0
142,-2100.0
143,-2100.0
144,-2100.0
145,-2100.0
146,-2100.0
147,-2100.0
148,-2100.0
149,-2100.0
150,-2100.0
