epoch,gBest_fitness
1,-675.0215235800947
2,-993.9720247361371
3,-1009.7610566954451
4,-1096.2874715387827
5,-1173.0075593665388
6,-1240.7769702810608
7,-1300.4140518858435
8,-1349.7178833503192
9,-1430.051037974018
10,-1596.445375613571
11,-1750.8103037894946
12,-1894.244414754751
13,-2081.6331060664093
14,-2320.0828715937587
15,-2518.9256835961924
16,-2714.641156521681
17,-2932.850838761157
18,-3165.489408594457
19,-3362.1838098871167
20,-3510.022944038193
21,-3647.3020107876696
22,-3762.0323470804374
23,-3871.99348117464
24,-3978.2752957034427
25,-4063.9817027808344
26,-4139.4901599922605
27,-4214.136249308497
28,-4271.075210675995
29,-4306.656818296329
30,-4337.591316192073
31,-4376.407590300254
32,-4405.573292719111
33,-4432.6324998158925
34,-4456.059089860292
35,-4483.059089860292
36,-4507.836403572667
37,-4534.836403572667
38,-4560.328472309314
39,-4584.873992010013
40,-4608.122918999462
41,-4627.151513072888
42,-4638.810541073047
43,-4644.73586290109
44,-4647.24194895683
45,-4648.395718698626
46,-4649.395718698626
47,-4650.0
48,-4650.0
49,-4650.0
50,-4650.0
51,-4650.0
52,-4650.0
53,-4650.0
54,-4650.0
55,-4650.0
56,-4650.0
57,-4650.0
58,-4650.0
59,-4650.0
60,-4650.0
61,-4650.0
62,-4650.0
63,-4650.0
64,-4650.0
65,-4650.0
66,-4650.0
67,-4650.0
68,-4650.0
69,-4650.0
70,-4650.0
71,-4650.0
72,-4650.0
73,-4650.0
74,-4650.0
75,-4650.0
76,-4650.0
77,-4650.0
78,-4650.0
79,-4650.0
80,-4650.0
81,-4650.0
82,-4650.0
83,-4650.0
84,-4650.0
85,-4650.0
86,-4650.0
87,-4650.0
88,-4650.0
89,-4650.0
90,-4650.0
91,-4650.0
92,-4650.0
93,-4650.0
94,-4650.0
95,-4650.0
96,-4650.0
97,-4650.0
98,-4650.0
99,-4650.0
100,-4650.0
101,-4650.0
102,-4650.0
103,-4650.0
104,-4650.0
105,-4650.0
106,-4650.0
107,-4650.0
108,-4650.0
109,-4650.0
110,-4650.0
111,-4650.0
112,-4650.0
113,-4650.0
114,-4650.0
115,-4650.0
116,-4650.0
117,-4650.0
118,-4650.0
119,-4650.0
120,-4650.0
121,-4650.0
122,-4650.0
123,-4650.0
124,-4650.0
125,-4650.0
126,-4650.0
127,-4650.0
128,-4650.0
129,-4650.0
130,-4650.0
131,-4650.0
132,-4650.0
133,-4650.0
134,-4650.0
135,-4650.0
136,-4650.0
137,-4650.0
138,-4650.0
139,-4650.0
140,-4650.0
141,-4650.0
142,-4650.0
143,-4650.0
144,-4650.0
145,-4650.0
146,-4650.0
147,-4650.0
148,-4650.0
149,-4650.0
150,-4650.0
