epoch,gBest_fitness
1,-3161.1427885285984
2,-3183.296536219751
3,-3203.087217490537
4,-3262.6399814617143
5,-3426.3430730791924
6,-3479.1969493939505
7,-3700.6086045433062
8,-3899.7973976276726
9,-4174.659850210323
10,-4470.750011338946
11,-4803.1432411773985
12,-5168.895393525908
13,-5579.3942733620825
14,-5929.473114980695
15,-6262.0915563634035
16,-6601.580342881763
17,-6989.75251997328
18,-7483.845593683302
19,-7981.163833008261
20,-8404.182709237433
21,-8637.797137855827
22,-8959.735458622448
23,-9232.470791387588
24,-9438.215680583859
25,-9689.449706307623
26,-9990.325983002715
27,-10226.213218168226
28,-10416.643183178267
29,-10594.936334635418
30,-10853.463132475063
31,-11026.505130226113
32,-11140.352577290601
33,-11284.810639721733
34,-11403.4407697869
35,-11514.292779139447
36,-11641.63063006233
37,-11759.682805496506
38,-11878.938394728093
39,-11958.29428902432
40,-12040.629415781903
41,-12134.881239256123
42,-12230.98537388194
43,-12312.316059405483
44,-12390.372719826682
45,-12453.650469667176
46,-12514.738985610387
47,-12554.139668435944
48,-12587.139668435944
49,-12611.704658461977
50,-12630.527792203191
51,-12649.527792203191
52,-12668.335683812662
53,-12686.335683812662
54,-12704.335683812662
55,-12721.269652244318
56,-12732.36277953512
57,-12743.36277953512
58,-12750.0
59,-12750.0
60,-12750.0
61,-12750.0
62,-12750.0
63,-12750.0
64,-12750.0
65,-12750.0
66,-12750.0
67,-12750.0
68,-12750.0
69,-12750.0
70,-12750.0
71,-12750.0
72,-12750.0
73,-12750.0
74,-12750.0
75,-12750.0
76,-12750.0
77,-12750.0
78,-12750.0
79,-12750.0
80,-12750.0
81,-12750.0
82,-12750.0
83,-12750.0
84,-12750.0
85,-12750.0
86,-12750.0
87,-12750.0
88,-12750.0
89,-12750.0
90,-12750.0
91,-12750.0
92,-12750.0
93,-12750.0
94,-12750.0
95,-12750.0
96,-12750.0
97,-12750.0
98,-12750.0
99,-12750.0
100,-12750.0
101,-12750.0
102,-12750.0
103,-12750.0
104,-12750.0
105,-12750.0
106,-12750.0
107,-12750.0
108,-12750.0
109,-12750.0
110,-12750.0
111,-12750.0
112,-12750.0
113,-12750.0
114,-12750.0
115,-12750.0
116,-12750.0
117,-12750.0
118,-12750.0
119,-12750.0
120,-12750.0
121,-12750.0
122,-12750.0
123,-12750.0
124,-12750.0
125,-12750.0
126,-12750.0
127,-12750.0
128,-12750.0
129,-12750.0
130,-12750.0
131,-12750.0
132,-12750.0
133,-12750.0
134,-12750.0
135,-12750.0
136,-12750.0
137,-12750.0
138,-12750.0
139,-12750.0
140,-12750.0
141,-12750.0
142,-12750.0
143,-12750.0
144,-12750.0
145,-12750.0
146,-12750.0
147,-12750.0
148,-12750.0
149,-12750.0
150,-12750.0
