epoch,gBest_fitness
1,-1004.2429828003171
2,-1108.5898498943563
3,-1131.2800842302217
4,-1143.9952883442504
5,-1153.035713385599
6,-1161.0214221721253
7,-1168.048845904266
8,-1237.9191494137058
9,-1342.1725453624827
10,-1413.3127221400562
11,-1577.9346124402664
12,-1723.7904614280574
13,-1899.974531719764
14,-2068.43083447166
15,-2262.4276291901783
16,-2458.3707011327024
17,-2633.273976506854
18,-2830.2672364636605
19,-3047.422414003873
20,-3298.3754982845653
21,-3523.4093962710713
22,-3763.028834739332
23,-3942.168389033259
24,-4088.5228226569534
25,-4188.136927288438
26,-4256.366986771918
27,-4336.583305053286
28,-4403.675534468329
29,-4458.010210666173
30,-4501.069674699639
31,-4533.532569726859
32,-4562.176880507989
33,-4592.176880507989
34,-4622.176880507989
35,-4650.0
36,-4650.0
37,-4650.0
38,-4650.0
39,-4650.0
40,-4650.0
41,-4650.0
42,-4650.0
43,-4650.0
44,-4650.0
45,-4650.0
46,-4650.0
47,-4650.0
48,-4650.0
49,-4650.0
50,-4650.0
51,-4650.0
52,-4650.0
53,-4650.0
54,-4650.0
55,-4650.0
56,-4650.0
57,-4650.0
58,-4650.0
59,-4650.0
60,-4650.0
61,-4650.0
62,-4650.0
63,-4650.0
64,-4650.0
65,-4650.0
66,-4650.0
67,-4650.0
68,-4650.0
69,-4650.0
70,-4650.0
71,-4650.0
72,-4650.0
73,-4650.0
74,-4650.0
75,-4650.0
76,-4650.0
77,-4650.0
78,-4650.0
79,-4650.0
80,-4650.0
81,-4650.0
82,-4650.0
83,-4650.0
84,-4650.0
85,-4650.0
86,-4650.0
87,-4650.0
88,-4650.0
89,-4650.0
90,-4650.0
91,-4650.0
92,-4650.0
93,-4650.0
94,-4650.0
95,-4650.0
96,-4650.0
97,-4650.0
98,-4650.0
99,-4650.0
100,-4650.0
101,-4650.0
102,-4650.0
103,-4650.0
104,-4650.0
105,-4650.0
106,-4650.0
107,-4650.0
108,-4650.0
109,-4650.0
110,-4650.0
111,-4650.0
112,-4650.0
113,-4650.0
114,-4650.0
115,-4650.0
116,-4650.0
117,-4650.0
118,-4650.0
119,-4650.0
120,-4650.0
121,-4650.0
122,-4650.0
123,-4650.0
124,-4650.0
125,-4650.0
126,-4650.0
127,-4650.0
128,-4650.0
129,-4650.0
130,-4650.0
131,-4650.0
132,-4650.0
133,-4650.0
134,-4650.0
135,-4650.0
136,-4650.0
137,-4650.0
138,-4650.0
139,-4650.0
140,-4650.0
141,-4650.0
142,-4650.0
143,-4650.0
144,-4650.0
145,-4650.0
146,-4650.0
147,-4650.0
148,-4650.0
149,-4650.0
150,-4650.0
