epoch,gBest_fitness
1,-566.7449927637889
2,-590.0583260971226
3,-613.3698123998417
4,-695.3256732808534
5,-715.3283473995879
6,-826.118356363338
7,-923.6135642514388
8,-1009.0843631666739
9,-1123.611002210253
10,-1216.8289942840681
11,-1305.8109927831204
12,-1403.0606107090957
13,-1487.5582207301181
14,-1572.980745693871
15,-1641.3101443239905
16,-1709.6853007989455
17,-1763.188555667191
18,-1794.3000353715368
19,-1826.3304175398214
20,-1851.1077430713103
21,-1876.560422203225
22,-1899.1301989854312
23,-1912.4496878522668
24,-1923.0341900099168
25,-1931.5401180181952
26,-1939.5500800772036
27,-1947.5500800772036
28,-1955.5500800772036
29,-1964.1362535286992
30,-1979.4010095144638
31,-1991.1095300400434
32,-2000.1095300400434
33,-2009.1095300400434
34,-2019.6047512070409
35,-2028.6047512070409
36,-2037.6047512070409
37,-2046.6047512070409
38,-2055.604751207041
39,-2064.309248639307
40,-2072.848184416042
41,-2081.848184416042
42,-2090.168775619294
43,-2094.978493102254
44,-2099.147102818264
45,-2100.0
46,-2100.0
47,-2100.0
48,-2100.0
49,-2100.0
50,-2100.0
51,-2100.0
52,-2100.0
53,-2100.0
54,-2100.0
55,-2100.0
56,-2100.0
57,-2100.0
58,-2100.0
59,-2100.0
60,-2100.0
61,-2100.0
62,-2100.0
63,-2100.0
64,-2100.0
65,-2100.0
66,-2100.0
67,-2100.0
68,-2100.0
69,-2100.0
70,-2100.0
71,-2100.0
72,-2100.0
73,-2100.0
74,-2100.0
75,-2100.0
76,-2100.0
77,-2100.0
78,-2100.0
79,-2100.0
80,-2100.0
81,-2100.0
82,-2100.0
83,-2100.0
84,-2100.0
85,-2100.0
86,-2100.0
87,-2100.0
88,-2100.0
89,-2100.0
90,-2100.0
91,-2100.0
92,-2100.0
93,-2100.0
94,-2100.0
95,-2100.0
96,-2100.0
97,-2100.0
98,-2100.0
99,-2100.0
100,-2100.0
101,-2100.0
102,-2100.0
103,-2100.0
104,-2100.0
105,-2100.0
106,-2100.0
107,-2100.0
108,-2100.0
109,-2100.0
110,-2100.0
111,-2100.0
112,-2100.0
113,-2100.0
114,-2100.0
115,-2100.0
116,-2100.0
117,-2100.0
118,-2100.0
119,-2100.0
120,-2100.0
121,-2100.0
122,-2100.0
123,-2100.0
124,-2100.0
125,-2100.0
126,-2100.0
127,-2100.0
128,-2100.0
129,-2100.0
130,-2100.0
131,-2100.0
132,-2100.0
133,-2100.0
134,-2100.0
135,-2100.0
136,-2100.0
137,-2100.0
138,-2100.0
139,-2100.0
140,-2100.0
141,-2100.0
142,-2100.0
143,-2100.0
144,-2100.0
145,-2100.0
146,-2100.0
147,-2100.0
148,-2100.0
149,-2100.0
150,-2100.0
