epoch,gBest_fitness
1,-1372.3754710087571
2,-1381.9481097055932
3,-1390.4996669414284
4,-1424.869895382033
5,-1551.2661974145135
6,-1654.453096740108
7,-1743.4012295972636
8,-1830.6035492446183
9,-1945.2024362545703
10,-2107.5771745330458
11,-2242.994657768883
12,-2364.7671604957845
13,-2443.046261629968
14,-2501.3525856768483
15,-2559.584832359293
16,-2704.5381506049544
17,-2814.547561092312
18,-2943.1624655156934
19,-3032.4661991250277
20,-3164.576243819954
21,-3295.6513416102207
22,-3428.074234869882
23,-3524.921617293182
24,-3652.0638151952016
25,-3784.394185615767
26,-3901.046985978417
27,-3986.276150866634
28,-4052.685789822571
29,-4128.685789822572
30,-4204.685789822572
31,-4274.4286894079
32,-4327.97336254759
33,-4382.260931017725
34,-4445.754645106106
35,-4478.3508176335845
36,-4510.419006216852
37,-4538.419006216852
38,-4560.640286748193
39,-4579.640286748192
40,-4598.640286748192
41,-4617.640286748193
42,-4636.640286748193
43,-4650.0
44,-4650.0
45,-4650.0
46,-4650.0
47,-4650.0
48,-4650.0
49,-4650.0
50,-4650.0
51,-4650.0
52,-4650.0
53,-4650.0
54,-4650.0
55,-4650.0
56,-4650.0
57,-4650.0
58,-4650.0
59,-4650.0
60,-4650.0
61,-4650.0
62,-4650.0
63,-4650.0
64,-4650.0
65,-4650.0
66,-4650.0
67,-4650.0
68,-4650.0
69,-4650.0
70,-4650.0
71,-4650.0
72,-4650.0
73,-4650.0
74,-4650.0
75,-4650.0
76,-4650.0
77,-4650.0
78,-4650.0
79,-4650.0
80,-4650.0
81,-4650.0
82,-4650.0
83,-4650.0
84,-4650.0
85,-4650.0
86,-4650.0
87,-4650.0
88,-4650.0
89,-4650.0
90,-4650.0
91,-4650.0
92,-4650.0
93,-4650.0
94,-4650.0
95,-4650.0
96,-4650.0
97,-4650.0
98,-4650.0
99,-4650.0
100,-4650.0
101,-4650.0
102,-4650.0
103,-4650.0
104,-4650.0
105,-4650.0
106,-4650.0
107,-4650.0
108,-4650.0
109,-4650.0
110,-4650.0
111,-4650.0
112,-4650.0
113,-4650.0
114,-4650.0
115,-4650.0
116,-4650.0
117,-4650.0
118,-4650.0
119,-4650.0
120,-4650.0
121,-4650.0
122,-4650.0
123,-4650.0
124,-4650.0
125,-4650.0
126,-4650.0
127,-4650.0
128,-4650.0
129,-4650.0
130,-4650.0
131,-4650.0
132,-4650.0
133,-4650.0
134,-4650.0
135,-4650.0
136,-4650.0
137,-4650.0
138,-4650.0
139,-4650.0
140,-4650.0
141,-4650.0
142,-4650.0
143,-4650.0
144,-4650.0
145,-4650.0
146,-4650.0
147,-4650.0
148,-4650.0
149,-4650.0
150,-4650.0
