epoch,gBest_fitness
1,-688.3953469299629
2,-705.3290473152481
3,-716.6510095340343
4,-737.3976552884201
5,-760.9572498065849
6,-795.7153786052423
7,-823.8866870071955
8,-887.1042314304307
9,-969.2271906126924
10,-1080.257855037848
11,-1184.4096968478034
12,-1265.691265267169
13,-1362.7543924588715
14,-1471.3897783642112
15,-1570.8023489633579
16,-1687.024053062337
17,-1784.2446244224095
18,-1871.2781997307025
19,-1929.9560960859883
20,-1952.6934960921453
21,-1969.5267235632514
22,-1994.450317079969
23,-2015.450317079969
24,-2025.6066375325272
25,-2031.6484598295592
26,-2037.9255381131018
27,-2045.469552731027
28,-2054.4695527310273
29,-2063.4695527310273
30,-2072.4695527310273
31,-2075.866591992906
32,-2078.866591992906
33,-2081.866591992906
34,-2084.866591992906
35,-2087.866591992906
36,-2090.785621904779
37,-2091.8199335000695
38,-2092.8199335000695
39,-2093.8199335000695
40,-2094.8199335000695
41,-2095.8199335000695
42,-2096.8199335000695
43,-2097.8199335000695
44,-2098.8199335000695
45,-2099.8199335000695
46,-2100.0
47,-2100.0
48,-2100.0
49,-2100.0
50,-2100.0
51,-2100.0
52,-2100.0
53,-2100.0
54,-2100.0
55,-2100.0
56,-2100.0
57,-2100.0
58,-2100.0
59,-2100.0
60,-2100.0
61,-2100.0
62,-2100.0
63,-2100.0
64,-2100.0
65,-2100.0
66,-2100.0
67,-2100.0
68,-2100.0
69,-2100.0
70,-2100.0
71,-2100.0
72,-2100.0
73,-2100.0
74,-2100.0
75,-2100.0
76,-2100.0
77,-2100.0
78,-2100.0
79,-2100.0
80,-2100.0
81,-2100.0
82,-2100.0
83,-2100.0
84,-2100.0
85,-2100.0
86,-2100.0
87,-2100.0
88,-2100.0
89,-2100.0
90,-2100.0
91,-2100.0
92,-2100.0
93,-2100.0
94,-2100.0
95,-2100.0
96,-2100.0
97,-2100.0
98,-2100.0
99,-2100.0
100,-2100.0
101,-2100.0
102,-2100.0
103,-2100.0
104,-2100.0
105,-2100.0
106,-2100.0
107,-2100.0
108,-2100.0
109,-2100.0
110,-2100.0
111,-2100.0
112,-2100.0
113,-2100.0
114,-2100.0
115,-2100.0
116,-2100.0
117,-2100.0
118,-2100.0
119,-2100.0
120,-2100.0
121,-2100.0
122,-2100.0
123,-2100.0
124,-2100.0
125,-2100.0
126,-2100.0
127,-2100.0
128,-2100.0
129,-2100.0
130,-2100.0
131,-2100.0
132,-2100.0
133,-2100.0
134,-2100.0
135,-2100.0
136,-2100.0
137,-2100.0
138,-2100.0
139,-2100.0
140,-2100.0
141,-2100.0
142,-2100.0
143,-2100.0
144,-2100.0
145,-2100.0
146,-2100.0
147,-2100.0
148,-2100.0
149,-2100.0
150,-2100.0
