epoch,gBest_fitness
1,-672.4310397958093
2,-725.3969775873389
3,-725.5004654472864
4,-725.5925696426395
5,-725.6742353625194
6,-767.1695126214664
7,-798.5285749959949
8,-843.4954146275405
9,-885.6632872188889
10,-929.3337815179215
11,-985.0927918158277
12,-1074.0659483064555
13,-1190.478931447598
14,-1264.586633045815
15,-1320.665357967118
16,-1392.4277601431659
17,-1465.107942753002
18,-1563.730590659385
19,-1645.930343921746
20,-1741.3652855487978
21,-1813.0617431468884
22,-1867.9702804149108
23,-1911.1277343561817
24,-1932.6482405799452
25,-1956.1773900413968
26,-1974.734985469714
27,-1987.734985469714
28,-2000.7675423274284
29,-2012.7407092877838
30,-2021.740709287784
31,-2030.740709287784
32,-2034.5980632558078
33,-2037.5376544982412
34,-2039.6894600926541
35,-2043.2498348300148
36,-2048.746415788786
37,-2054.6379050680694
38,-2060.6379050680694
39,-2065.859959802358
40,-2070.293930766005
41,-2073.293930766005
42,-2076.1639776114275
43,-2079.1639776114275
44,-2082.1639776114275
45,-2085.1639776114275
46,-2088.1639776114275
47,-2091.1639776114275
48,-2094.1639776114275
49,-2095.533719067724
50,-2096.533719067724
51,-2097.4366920341176
52,-2098.4061561647336
53,-2099.4061561647336
54,-2100.0
55,-2100.0
56,-2100.0
57,-2100.0
58,-2100.0
59,-2100.0
60,-2100.0
61,-2100.0
62,-2100.0
63,-2100.0
64,-2100.0
65,-2100.0
66,-2100.0
67,-2100.0
68,-2100.0
69,-2100.0
70,-2100.0
71,-2100.0
72,-2100.0
73,-2100.0
74,-2100.0
75,-2100.0
76,-2100.0
77,-2100.0
78,-2100.0
79,-2100.0
80,-2100.0
81,-2100.0
82,-2100.0
83,-2100.0
84,-2100.0
85,-2100.0
86,-2100.0
87,-2100.0
88,-2100.0
89,-2100.0
90,-2100.0
91,-2100.0
92,-2100.0
93,-2100.0
94,-2100.0
95,-2100.0
96,-2100.0
97,-2100.0
98,-2100.0
99,-2100.0
100,-2100.0
101,-2100.0
102,-2100.0
103,-2100.0
104,-2100.0
105,-2100.0
106,-2100.0
107,-2100.0
108,-2100.0
109,-2100.0
110,-2100.0
111,-2100.0
112,-2100.0
113,-2100.0
114,-2100.0
115,-2100.0
116,-2100.0
117,-2100.0
118,-2100.0
119,-2100.0
120,-2100.0
121,-2100.0
122,-2100.0
123,-2100.0
124,-2100.0
125,-2100.0
126,-2100.0
127,-2100.0
128,-2100.0
129,-2100.0
130,-2100.0
131,-2100.0
132,-2100.0
133,-2100.0
134,-2100.0
135,-2100.0
136,-2100.0
137,-2100.0
138,-2100.0
139,-2100.0
140,-2100.0
141,-2100.0
142,-2100.0
143,-2100.0
144,-2100.0
145,-2100.0
146,-2100.0
147,-2100.0
148,-2100.0
149,-2100.0
150,-2100.0
