epoch,gBest_fitness
1,0.0072491165730083846
2,0.000691049596608185
3,0.000691049596608185
4,0.000691049596608185
5,0.000691049596608185
