epoch,gBest_fitness
1,0.015840546784464976
2,0.007893067847300301
3,9.37699604552968e-05
4,9.37699604552968e-05
5,9.37699604552968e-05
