epoch,gBest_fitness
1,0.014424373141580328
2,0.004473084158703881
3,0.0006822969228389126
4,0.0006822969228389126
5,0.0006822969228389126
