epoch,gBest_fitness
1,0.0020153733995146735
2,0.0020153733995146735
3,0.0019966843894028002
4,0.0019966843894028002
5,0.0019966843894028002
