epoch,gBest_fitness
1,0.0013871902146818252
2,0.0013871902146818252
3,0.0002764548379197711
4,0.0002764548379197711
5,0.0002764548379197711
