epoch,gBest_fitness
1,0.024788434703837268
2,0.024788434703837268
3,0.024788434703837268
4,0.024788434703837268
5,1.5300131794458485e-06
