epoch,gBest_fitness
1,0.04188369368204882
2,0.011731150847464417
3,0.011731150847464417
4,0.004061673505737216
5,0.004061673505737216
