epoch,gBest_fitness
1,0.012255723302375449
2,0.0027188847115243845
3,0.0027188847115243845
4,0.0010585049574952936
5,0.0010585049574952936
