epoch,gBest_fitness
1,0.0019931364721656112
2,0.0019931364721656112
3,0.001560762871247701
4,0.001560762871247701
5,0.001560762871247701
