epoch,gBest_fitness
1,0.004773239066692709
2,0.004773239066692709
3,0.0007955245444271861
4,0.0007955245444271861
5,0.0007955245444271861
