epoch,gBest_fitness
1,0.0022642786186375056
2,0.0022642786186375056
3,0.0005016713692390165
4,0.0005016713692390165
5,0.0005016713692390165
