epoch,gBest_fitness
1,0.0308792772134459
2,0.01076677602675832
3,0.01076677602675832
4,0.00011067422182928699
5,0.00011067422182928699
