epoch,gBest_fitness
1,0.00047758487132460895
2,0.00047758487132460895
3,0.00047758487132460895
4,0.00047758487132460895
5,0.00047758487132460895
