epoch,gBest_fitness
1,7.466003316807613e-05
2,7.466003316807613e-05
3,7.466003316807613e-05
4,7.466003316807613e-05
5,7.466003316807613e-05
