epoch,gBest_fitness
1,0.00029370056528067913
2,5.044336485578094e-05
3,5.044336485578094e-05
4,5.044336485578094e-05
5,5.044336485578094e-05
