epoch,gBest_fitness
1,0.12260907449935844
2,0.03192824930717396
3,0.009347866218956832
4,0.009347866218956832
5,0.009347866218956832
