epoch,gBest_fitness
1,0.004042015465632094
2,0.00036546373939610007
3,0.00036546373939610007
4,0.00036546373939610007
5,0.00036546373939610007
