epoch,gBest_fitness
1,0.36032886101481215
2,0.016252467918103645
3,0.016252467918103645
4,0.0005879737753905211
5,0.0005879737753905211
