epoch,gBest_fitness
1,0.005712565358105388
2,0.0005791634367931439
3,0.0005791634367931439
4,0.0005791634367931439
5,0.00025730802354007146
