epoch,gBest_fitness
1,0.010784543840413004
2,0.010784543840413004
3,0.006401287833219583
4,0.006401287833219583
5,0.006401287833219583
