epoch,gBest_fitness
1,4.186150081581636e-05
2,4.186150081581636e-05
3,4.186150081581636e-05
4,4.186150081581636e-05
5,4.186150081581636e-05
