epoch,gBest_fitness
1,0.0001255656828577492
2,0.0001255656828577492
3,0.0001255656828577492
4,0.0001255656828577492
5,0.0001255656828577492
