epoch,gBest_fitness
1,0.1667127080291234
2,0.008569838887033708
3,5.1812595363575203e-05
4,5.1812595363575203e-05
5,5.1812595363575203e-05
