epoch,gBest_fitness
1,-10116.142186876443
2,-17035.3419738146
3,-21000.0
4,-21000.0
5,-21000.0
