epoch,gBest_fitness
1,-16418.8963715589
2,-19727.16750022489
3,-20192.272990959606
4,-20762.27748469212
5,-21000.0
