epoch,gBest_fitness
1,-145984.39323029242
2,-214912.20163365293
3,-290799.036596855
4,-316880.4051443831
5,-352448.9413660087
