epoch,gBest_fitness
1,-182941.38347427282
2,-297616.7440718609
3,-339293.3677287021
4,-385051.9964583722
5,-413906.8508359418
