epoch,gBest_fitness
1,-26926.540900337743
2,-38487.998703995516
3,-41318.46722209942
4,-44070.165744063976
5,-45716.13945075349
