epoch,gBest_fitness
1,-201167.6991047661
2,-256573.65263805445
3,-294296.8975333486
4,-329250.51835243916
5,-373382.1106260182
