epoch,gBest_fitness
1,-12827.080784851743
2,-33512.12492016637
3,-40150.03979566923
4,-45477.23045878207
5,-46259.73195603798
