epoch,gBest_fitness
1,-11321.843118478675
2,-18323.67048312559
3,-20784.615593008435
4,-21000.0
5,-21000.0
