epoch,gBest_fitness
1,-25822.884460941685
2,-31702.183824284457
3,-38672.20410429838
4,-43084.43697181976
5,-46025.22113616097
