epoch,gBest_fitness
1,-47692.80368420386
2,-70952.72537831505
3,-87282.00024299855
4,-104191.04659326447
5,-114904.62003139302
