epoch,gBest_fitness
1,-162553.8372214644
2,-219850.30324186152
3,-257911.66123081843
4,-300068.9488891657
5,-343557.8621733524
