epoch,gBest_fitness
1,-77347.64787822342
2,-87404.96818283886
3,-105685.68518925527
4,-113715.05834566698
5,-120342.29781043771
