epoch,gBest_fitness
1,-13640.057379089743
2,-17153.016855469996
3,-19451.707015143387
4,-20452.839304740333
5,-20740.022075524088
