epoch,gBest_fitness
1,-46508.85094544412
2,-62525.52792935156
3,-74321.68024710313
4,-98038.0390039607
5,-107767.88084620575
