epoch,gBest_fitness
1,-9749.712251261257
2,-44145.20910929308
3,-77507.50790396178
4,-88548.95218300313
5,-101603.69594551118
