epoch,gBest_fitness
1,-29169.13379917124
2,-35207.932656618264
3,-38758.22937414078
4,-42491.77317559085
5,-45601.71733442684
