epoch,gBest_fitness
1,124834.82150624195
2,26129.792733087525
3,3594.770039085728
4,473.74460183029055
5,333.6818001982867
