epoch,gBest_fitness
1,12660.225046809821
2,69.60391097699868
3,55.546535990224555
4,43.046454898805735
5,37.62393806632659
