epoch,gBest_fitness
1,76326.48372060739
2,12630.229600910478
3,1815.2262264579474
4,788.7317606386408
5,462.1673961108741
