epoch,gBest_fitness
1,29169.75771108731
2,4723.855410863745
3,207.05214661410207
4,113.14558306400697
5,83.00417108117955
