epoch,gBest_fitness
1,25420.445683697548
2,4558.014090818187
3,1964.827336403657
4,727.9632018288202
5,433.8807909903107
