epoch,gBest_fitness
1,193085.79687785276
2,20921.128005038656
3,9685.327783255749
4,3469.115936031617
5,2308.067771380914
