epoch,gBest_fitness
1,25885.923750140875
2,9598.197814711928
3,4905.17314557189
4,2574.292431361201
5,1602.6441558925794
