epoch,gBest_fitness
1,31380.37723016987
2,4764.372428484147
3,1037.4312750226989
4,554.076959245166
5,201.1758464085878
