epoch,gBest_fitness
1,234.45884699045715
2,115.99504608758224
3,60.915371277310584
4,48.02219030371741
5,33.35994012118152
