epoch,gBest_fitness
1,3398.8176023443934
2,307.2557829154751
3,122.85082623841103
4,103.03788283621958
5,93.17743879413615
