epoch,gBest_fitness
1,161.09216357138314
2,57.25188162284811
3,30.01682010194525
4,22.010542905456997
5,20.04406136815199
