epoch,gBest_fitness
1,7088481.8561181165
2,61186.71618950805
3,14758.385052007254
4,4790.975106256922
5,2244.462139425893
