epoch,gBest_fitness
1,9648.68667629466
2,160.321945905268
3,90.43700965715527
4,68.90360424322344
5,53.63649321393302
