epoch,gBest_fitness
1,111434.19403284142
2,1716.5119036538752
3,713.124711916631
4,470.3355043371298
5,260.46615704766714
