epoch,gBest_fitness
1,3570.060931923616
2,1669.5756268011419
3,920.0544892350431
4,646.0867670908725
5,436.8547321152739
