epoch,gBest_fitness
1,8187.146592623093
2,3508.2747809979296
3,1846.056488851871
4,1304.2387973023574
5,991.7659644756678
