epoch,gBest_fitness
1,606.5454672238073
2,339.8552423495599
3,187.4647660923128
4,132.5425227111746
5,108.82143183085539
