epoch,gBest_fitness
1,140.10872691861957
2,54.845762031144965
3,30.126960820091032
4,22.536704901059128
5,19.776867169169005
