epoch,gBest_fitness
1,16185261.051243644
2,2444912.86678743
3,493172.6653351305
4,250482.36780939306
5,107286.90087449997
