epoch,gBest_fitness
1,512016.28809223056
2,102176.83745547672
3,27516.17228222356
4,10296.474465545522
5,4841.505181668648
