epoch,gBest_fitness
1,1364913.6914564546
2,313107.17242734873
3,148417.49712768753
4,37880.278940528784
5,18016.75690026857
