epoch,gBest_fitness
1,205.34638018653385
2,107.47803696202602
3,67.03326218457107
4,49.581022068747885
5,39.47299920965544
