epoch,gBest_fitness
1,72.58983340858661
2,22.717782582376223
3,18.56966035459161
4,17.831268286291763
5,17.68753494407481
