epoch,gBest_fitness
1,16912.524468104635
2,2464.0346682567574
3,679.202138580773
4,214.02600473721915
5,113.51957858774942
