epoch,gBest_fitness
1,25209082.16779041
2,1959142.8217056424
3,725160.5295137847
4,286208.5764063267
5,82856.36028435157
