epoch,gBest_fitness
1,79.80537212543479
2,27.773248741123716
3,19.715856648991714
4,19.03385319272757
5,18.87569829613863
