epoch,gBest_fitness
1,61.64672121033932
2,30.11299237558362
3,20.653628383537143
4,19.167686671450692
5,18.036727408116548
