epoch,gBest_fitness
1,10169139.57529661
2,948899.7875554216
3,246266.1699554781
4,146736.4553562741
5,80303.64503496674
