epoch,gBest_fitness
1,21017.24766563706
2,2951.314948335434
3,1041.22209222089
4,367.89678850834815
5,239.2466636540488
