epoch,gBest_fitness
1,10616.36036083457
2,4335.413912894839
3,2407.7169041947077
4,1476.0837190975622
5,1191.542521644085
