epoch,gBest_fitness
1,11185.482093813996
2,4959.052560145521
3,3111.771941738109
4,2278.9725942920713
5,1614.7301158002135
