epoch,gBest_fitness
1,101.53241077688301
2,64.50179396203406
3,31.491137354818242
4,22.45729584084719
5,20.781225166635604
