epoch,gBest_fitness
1,1309.4777567422593
2,441.93209169127607
3,318.5582108930443
4,250.77238471992868
5,168.24083696201384
