epoch,gBest_fitness
1,2425.206959151179
2,706.9662356977161
3,457.05216089943053
4,357.6949920662233
5,319.4187364019622
