epoch,gBest_fitness
1,4046967.733200535
2,494331.630700653
3,42359.81482517938
4,21802.639388995198
5,15027.120031092985
