epoch,gBest_fitness
1,558319.9964632015
2,104147.68270979874
3,10390.107043241878
4,3769.163436659151
5,2078.847704858262
