epoch,gBest_fitness
1,159613.30686457304
2,19052.748136627764
3,7448.314446575408
4,1522.0726464728752
5,1047.8206277549461
