epoch,gBest_fitness
1,83.5901186798392
2,24.093238423328238
3,20.114499161018205
4,19.24518077483868
5,18.940612543367898
