epoch,gBest_fitness
1,1353.1975824635256
2,24.62567992980397
3,20.138998250684594
4,19.224614551957615
5,19.079891878867713
