epoch,gBest_fitness
1,16770492.600706518
2,1606591.7243400905
3,408713.5798637975
4,203121.04434313686
5,97581.9419939779
