epoch,gBest_fitness
1,166134.7774553449
2,4119.6195562004905
3,612.1212596549333
4,281.5136834618199
5,124.74692987165648
