epoch,gBest_fitness
1,573395.7137828573
2,88402.48771837553
3,11701.860802752213
4,6539.208842784476
5,4081.156006733868
