epoch,gBest_fitness
1,212.35867650001276
2,75.41132541102435
3,54.82472353493415
4,36.41460668148137
5,30.787274856321023
