epoch,gBest_fitness
1,4029.940642134304
2,564.4392967827132
3,203.2198672396828
4,154.64187261571223
5,142.64365206305644
