epoch,gBest_fitness
1,2628.728698676543
2,1237.5636065143412
3,852.1909502504519
4,752.4743048443983
5,627.4737998797201
