epoch,gBest_fitness
1,16828989.017858975
2,2513853.090566059
3,598513.2671397186
4,248225.31287119281
5,146961.8671198459
