epoch,gBest_fitness
1,8893.355019545308
2,2289.3788507458617
3,1138.8071707326244
4,841.8325932475957
5,663.3343200787973
