epoch,gBest_fitness
1,925669.7524033894
2,114387.73763653488
3,18366.09949472361
4,6773.658346532308
5,3019.509707307829
