epoch,gBest_fitness
1,1742.8294612126472
2,174.061954165769
3,52.192163166046285
4,27.06001999874036
5,19.64715138195662
