epoch,gBest_fitness
1,5087.9696169834215
2,1273.941417349811
3,712.0471126969348
4,461.1730676565756
5,292.5547590566563
