epoch,gBest_fitness
1,2623.33860931567
2,475.67690348060336
3,119.87917514771814
4,86.70387729024331
5,76.26831180242945
