epoch,gBest_fitness
1,316.5020201915302
2,145.83165676418164
3,94.26608993980135
4,76.23785336135691
5,67.4062855034393
