epoch,gBest_fitness
1,1040657.7987797856
2,52890.26807563492
3,14223.75884304852
4,6754.384214050677
5,3461.4685431628045
