epoch,gBest_fitness
1,39.276933436212644
2,23.16738525371175
3,19.770470313808577
4,19.442061968396473
5,19.38904315857746
