epoch,gBest_fitness
1,532.3185238511654
2,308.1804233299308
3,214.52188241557934
4,185.15737870309323
5,148.51394314389754
