epoch,gBest_fitness
1,96.68401982347301
2,70.9968586354301
3,59.36364641987372
4,50.197665287002515
5,31.31624306347952
