epoch,gBest_fitness
1,1490.7480403664458
2,536.262262919333
3,316.17248932132634
4,232.0668310124384
5,153.12389529521764
