epoch,gBest_fitness
1,2060.6438622561104
2,718.4387916956761
3,378.2237800142386
4,267.40293486233156
5,256.3449688488037
