epoch,gBest_fitness
1,22104691.034655336
2,3098848.5308230855
3,583966.1768330038
4,324330.58870166197
5,214563.55538403703
