epoch,gBest_fitness
1,2547.6446339301906
2,696.3882609432317
3,346.5207269359886
4,187.2954206364632
5,149.67611798495867
