epoch,gBest_fitness
1,49279.760880668204
2,1196.2403167143102
3,95.28436503941053
4,68.77311725506141
5,45.25391977534535
