epoch,gBest_fitness
1,27094.433820581897
2,11363.47288926225
3,5037.66983950101
4,3455.407315006222
5,2591.1692446747384
