epoch,gBest_fitness
1,5788612.753914489
2,395963.5174568259
3,36375.61852934662
4,8844.36419053144
5,3605.0380484418106
