epoch,gBest_fitness
1,9702.654912844808
2,363.32964769246445
3,110.10687203876647
4,47.680283013713016
5,27.857176651807286
