epoch,gBest_fitness
1,3435.3334485050345
2,1852.426662595395
3,1005.6579798252756
4,941.8345798472589
5,825.1516577290087
