epoch,gBest_fitness
1,26892.53298197769
2,12869.35720323924
3,6174.063385074806
4,4534.631412434854
5,2904.77792405913
