epoch,gBest_fitness
1,36716.97477688989
2,3088.843167626725
3,463.9786938136926
4,306.31771914310565
5,245.05710500909476
