epoch,gBest_fitness
1,2227.5284836572228
2,412.0061652353829
3,351.89787900853355
4,312.8860078346011
5,250.47301951994135
