epoch,gBest_fitness
1,24341885.113854256
2,1884977.000949651
3,738339.4598772614
4,242202.28643516262
5,129024.84445005486
