epoch,gBest_fitness
1,10278.186507112576
2,4394.788225260912
3,2233.744375449025
4,1669.8167656191988
5,1274.261215505271
