epoch,gBest_fitness
1,6855661.517635955
2,1521260.5050730733
3,469989.81355292286
4,174584.56210751226
5,113379.42694085592
