epoch,gBest_fitness
1,76.075984702954
2,32.39983921832387
3,19.71093904932465
4,13.317859300383683
5,12.027781519972903
