epoch,gBest_fitness
1,1832.2566115892057
2,1106.2058571424263
3,627.6234255173131
4,363.380238139608
5,114.82997975097615
