epoch,gBest_fitness
1,62.876517546855816
2,24.566719338245154
3,21.999284397069808
4,19.919698294891674
5,19.352266018780952
