epoch,gBest_fitness
1,664935.0350052612
2,38271.0809622705
3,10482.831673460341
4,5111.686220215539
5,3024.5925387689185
