epoch,gBest_fitness
1,73746721.60102324
2,9752886.676921992
3,1869191.839442309
4,546570.3076685367
5,293591.5507484988
