epoch,gBest_fitness
1,272.84891549908974
2,115.18060927210146
3,84.18841653709758
4,50.9821352039223
5,40.670013897830806
