epoch,gBest_fitness
1,2805.3810842207854
2,493.0071344472714
3,291.0290243201547
4,208.82357764104808
5,173.0767367059195
