epoch,gBest_fitness
1,10899885.786977148
2,1167760.9672630779
3,744237.9566331644
4,393728.91743327276
5,191027.84405600626
