epoch,gBest_fitness
1,290010.43752394174
2,28992.66829432232
3,7188.277703352389
4,3680.274013927185
5,2380.8240581420064
