epoch,gBest_fitness
1,22316832.691389274
2,2861471.2929709633
3,565244.1363498403
4,278357.2159275821
5,136266.96145918785
