epoch,gBest_fitness
1,453.8138864365462
2,89.87798280388418
3,48.39471230148602
4,35.359408215175975
5,30.640505285277396
