epoch,gBest_fitness
1,49344692.17616814
2,3288431.786728662
3,979641.6848366951
4,545429.4312260154
5,143103.75145488605
