epoch,gBest_fitness
1,58583.80219374063
2,3932.6286062689205
3,1606.0883523060095
4,969.2557155980456
5,733.7741565096334
