epoch,gBest_fitness
1,5904.82702188125
2,206.9934933759464
3,63.113399504531785
4,32.16334713457193
5,24.84467721835251
