epoch,gBest_fitness
1,2905117.0008256477
2,121870.42285206643
3,27747.046010356895
4,12298.361549463149
5,6572.090294353054
