epoch,gBest_fitness
1,115450828.53102848
2,5853716.123668851
3,715624.6347097341
4,363608.8929623133
5,205707.37473578678
