epoch,gBest_fitness
1,39364.946271071036
2,5199.199570844672
3,1296.1835037722649
4,812.5948621722843
5,539.0351395403401
