epoch,gBest_fitness
1,11405.36702665858
2,5052.69641867413
3,2549.304727058676
4,1759.8483962781474
5,1181.0200895853427
