epoch,gBest_fitness
1,123.12201083728586
2,29.013532097437942
3,17.599390029255368
4,17.283142653616682
5,17.206539906690942
