epoch,gBest_fitness
1,1016.4490009536988
2,389.7325887299084
3,295.2659573536249
4,238.14323380582857
5,202.63444059609446
