epoch,gBest_fitness
1,2887.033326333398
2,996.8088973499159
3,544.9757623511019
4,368.14706502136454
5,310.6913438644891
