epoch,gBest_fitness
1,6555.313291820831
2,3066.802493201061
3,1557.296506777178
4,1150.8379634154553
5,901.75177345455
