epoch,gBest_fitness
1,10827.876292615785
2,807.1718620036166
3,300.05088534782783
4,117.74296927939892
5,66.33176727072083
