epoch,gBest_fitness
1,1084.293857435358
2,510.57319200269285
3,256.0444328892016
4,194.9262944533009
5,167.78384889116026
