epoch,gBest_fitness
1,343.7482328164009
2,168.10867618733184
3,79.8600417960626
4,50.55819979725879
5,35.55643509310772
