epoch,gBest_fitness
1,1383.4571426756327
2,536.2377559809621
3,320.68014991863515
4,209.73607460909284
5,151.5958921212536
