epoch,gBest_fitness
1,209610.47178171636
2,10437.816119104356
3,3311.601543751736
4,1435.7696548932197
5,738.5820272620796
