epoch,gBest_fitness
1,247.66828790120928
2,181.95441850433886
3,134.56272311508562
4,82.17367696989014
5,53.219335104441164
