epoch,gBest_fitness
1,926142.2652240065
2,109489.4855326758
3,15639.00146049407
4,3019.317831999937
5,1767.2355124518458
