epoch,gBest_fitness
1,8464.500460937068
2,6202.909372794702
3,3430.416632995122
4,2372.3259781073502
5,2059.2554353316905
