epoch,gBest_fitness
1,24635.709873416366
2,2547.3684957281553
3,1239.618734253021
4,671.5175773996709
5,521.0828443512781
