epoch,gBest_fitness
1,306.0462004504913
2,190.75759269936563
3,150.9869907843545
4,115.88969752377355
5,102.0682081065771
