epoch,gBest_fitness
1,2677.0682380217
2,533.8031514468978
3,284.0355719554366
4,216.380158387113
5,185.82261663760713
