epoch,gBest_fitness
1,4992.976412031282
2,4992.976412031282
3,4992.976412031282
4,4992.976412031282
5,4992.976412031282
