epoch,gBest_fitness
1,4992.3708247777295
2,4899.997663497925
3,4899.997663497925
4,4899.997663497925
5,4899.997663497925
