epoch,gBest_fitness
1,4994.885978654423
2,4994.885978654423
3,4994.885978654423
4,4994.885978654423
5,4994.885978654423
