epoch,gBest_fitness
1,1803.2147991062268
2,1803.2147991062268
3,1803.2147991062268
4,1803.2147991062268
5,1803.2147991062268
