epoch,gBest_fitness
1,768.8044014990523
2,759.9996376037598
3,759.9996376037598
4,759.9996376037598
5,759.9996376037598
