epoch,gBest_fitness
1,1791.5499178562027
2,1791.5499178562027
3,1791.5499178562027
4,1791.5499178562027
5,1791.5499178562027
