epoch,gBest_fitness
1,1742.01997846754
2,1742.01997846754
3,1742.01997846754
4,1742.01997846754
5,1739.9991703033447
