epoch,gBest_fitness
1,1801.0820202566947
2,1801.0820202566947
3,1801.0820202566947
4,1801.0820202566947
5,1801.0820202566947
