epoch,gBest_fitness
1,1804.8001068127546
2,1804.8001068127546
3,1804.8001068127546
4,1804.8001068127546
5,1804.8001068127546
