epoch,gBest_fitness
1,4929.983675225925
2,4927.594394713905
3,4916.269175724849
4,4899.997663497925
5,4899.997663497925
