epoch,gBest_fitness
1,4996.873042216561
2,4996.873042216561
3,4996.873042216561
4,4996.873042216561
5,4996.873042216561
