epoch,gBest_fitness
1,799.4959750299431
2,759.9996376037598
3,759.9996376037598
4,759.9996376037598
5,759.9996376037598
