epoch,gBest_fitness
1,20004.58438195515
2,20004.58438195515
3,20004.58438195515
4,20004.58438195515
5,20004.58438195515
