epoch,gBest_fitness
1,1753.5760069311739
2,1753.5760069311739
3,1753.5760069311739
4,1753.5760069311739
5,1753.5760069311739
