epoch,gBest_fitness
1,1806.842122198234
2,1739.9991703033447
3,1739.9991703033447
4,1739.9991703033447
5,1739.9991703033447
