epoch,gBest_fitness
1,4998.6943257182875
2,4998.6943257182875
3,4998.6943257182875
4,4998.6943257182875
5,4998.6943257182875
