epoch,gBest_fitness
1,20004.060499748222
2,20004.060499748222
3,20004.060499748222
4,20004.060499748222
5,20004.060499748222
