epoch,gBest_fitness
1,795.252151656614
2,769.053956437477
3,766.9863974639472
4,766.9863974639472
5,764.1257731209225
