epoch,gBest_fitness
1,804.40884342147
2,804.40884342147
3,804.40884342147
4,804.40884342147
5,775.720931660655
