epoch,gBest_fitness
1,1800.7926270029964
2,1800.7926270029964
3,1800.7926270029964
4,1800.7926270029964
5,1800.7926270029964
