epoch,gBest_fitness
1,5010.933842558996
2,5010.933842558996
3,5010.933842558996
4,5010.933842558996
5,5010.933842558996
