epoch,gBest_fitness
1,803.7803326381702
2,803.7803326381702
3,803.7803326381702
4,803.7803326381702
5,769.8224111592076
