epoch,gBest_fitness
1,1809.6292303061766
2,1809.6292303061766
3,1763.1802686803262
4,1739.9991703033447
5,1739.9991703033447
