epoch,gBest_fitness
1,20002.683040695236
2,20002.683040695236
3,20002.683040695236
4,20002.683040695236
5,20002.683040695236
