epoch,gBest_fitness
1,20008.5110423763
2,20008.5110423763
3,20008.5110423763
4,20008.5110423763
5,20008.5110423763
