epoch,gBest_fitness
1,14.8464753374585
2,7.496012120171654
3,4.411856356891516
4,3.0820956558046464
5,2.0995115698636257
