epoch,gBest_fitness
1,14.737324183624782
2,4.590543397396918
3,0.9203295287955294
4,0.3612383399342139
5,0.14766828289867145
