epoch,gBest_fitness
1,2.568376621487256
2,0.730864243742879
3,0.2886121007847422
4,0.11204118298772797
5,0.049320207086254814
