epoch,gBest_fitness
1,0.6767884250505801
2,0.2756823591844049
3,0.09922430192201571
4,0.055835236678820274
5,0.01691822119192985
