epoch,gBest_fitness
1,113.75368343644355
2,58.85255601413961
3,36.556416571773404
4,26.135096319501404
5,21.792679556313757
