epoch,gBest_fitness
1,103.67870647510743
2,46.772261677413354
3,35.4049101959223
4,23.79578190519688
5,15.895939668810803
