epoch,gBest_fitness
1,18.99549619965304
2,1.7538102309068118
3,0.8697179456548919
4,0.217209687113107
5,0.07666595005377735
