epoch,gBest_fitness
1,3036.3884909688127
2,707.1009975484526
3,335.02710521735077
4,247.95682605248786
5,196.45624316041526
