epoch,gBest_fitness
1,66.47102611640054
2,20.95636252806023
3,5.653996363323637
4,1.674281594161998
5,1.0960582441635078
