epoch,gBest_fitness
1,66.95168780876475
2,15.123975200221937
3,6.509587581291408
4,1.997689523761605
5,1.1093571677540772
