epoch,gBest_fitness
1,102.1220846178633
2,54.39342859141308
3,33.146880271655995
4,26.775980289891017
5,19.94652346881527
