epoch,gBest_fitness
1,28.974698950395005
2,15.828699874425528
3,9.323206852197808
4,4.917081344124414
5,2.7003466097618727
