epoch,gBest_fitness
1,3.4844032217844054
2,0.6373402800197889
3,0.3212308979854557
4,0.11631969062508542
5,0.05499741103540209
