epoch,gBest_fitness
1,368.05537771196606
2,90.89636684684702
3,39.1169759093457
4,25.65455747814592
5,18.546847010471662
