epoch,gBest_fitness
1,116.4565898971851
2,12.693538682808736
3,7.393766058147687
4,4.00818013610264
5,2.09674982068779
