epoch,gBest_fitness
1,4.893305565591641
2,1.3029137621982174
3,0.534068770345105
4,0.28597137986891147
5,0.1425680986294985
