epoch,gBest_fitness
1,4983.766895250295
2,1081.8539813349187
3,579.4221352278959
4,407.7305372071872
5,271.71579969902893
