epoch,gBest_fitness
1,421.590839622724
2,115.88807170198919
3,49.422879624121094
4,33.57628485568986
5,19.770358164808663
