epoch,gBest_fitness
1,0.5233108797308096
2,0.07351262158106095
3,0.024791627458198028
4,0.014456275704446783
5,0.006485137851216179
