epoch,gBest_fitness
1,909.1305136890787
2,95.19668318959802
3,43.480154175804124
4,20.110605367226718
5,9.788552022604556
