epoch,gBest_fitness
1,898.4697256955774
2,88.24067964381828
3,48.22228793618768
4,24.939465379456937
5,18.36953053602807
