epoch,gBest_fitness
1,3526.462899775035
2,1092.672629227391
3,413.7365806856491
4,269.37280333353755
5,192.49408200590423
