epoch,gBest_fitness
1,0.5638539514173482
2,0.12883970440121154
3,0.02306281996897492
4,0.0044877142155156455
5,0.001015413558737316
