epoch,gBest_fitness
1,16.98994286040559
2,1.0278797393560744
3,0.24537355243818
4,0.08131657189645905
5,0.02745107269769222
