epoch,gBest_fitness
1,124.41424078814504
2,12.271280408349522
3,3.3623422398328993
4,1.9751118694614578
5,0.7887862647306888
