epoch,gBest_fitness
1,3004.256317369301
2,884.2961534254393
3,424.875736552878
4,247.46952706914485
5,180.43730275593674
