epoch,gBest_fitness
1,2.2310304306425417
2,0.13013189616474935
3,0.05249731861904993
4,0.03546283076170598
5,0.009394074701611011
