epoch,gBest_fitness
1,24.186992280216526
2,8.895795981417914
3,4.35985207928014
4,1.9105626040641401
5,0.9478815146305737
