epoch,gBest_fitness
1,3.3537724487334377
2,1.1005835193164195
3,0.2732392079027609
4,0.05304696085488493
5,0.007656596507563571
