epoch,gBest_fitness
1,90.66582674721083
2,44.170241478535246
3,27.4785806019066
4,21.237141001654887
5,15.46379687275953
