epoch,gBest_fitness
1,27.159468735305644
2,9.393468381220167
3,3.7568351540872813
4,1.8616912594813855
5,1.389352318966041
