epoch,gBest_fitness
1,2.607851649786291
2,0.9022768233198597
3,0.40252517268792065
4,0.177030901003348
5,0.05995604562116191
