epoch,gBest_fitness
1,294777.6769092954
2,14667.489172300358
3,824.6237993096942
4,452.49438056384673
5,314.14043228552526
