epoch,gBest_fitness
1,53106.76591416813
2,146.88900602550905
3,40.07174368037748
4,12.259012422722787
5,5.966756402363438
