epoch,gBest_fitness
1,35775.46007938324
2,5948.781787907657
3,1411.8568598793286
4,230.956962575511
5,174.42068929996492
