epoch,gBest_fitness
1,859856.5587944894
2,105349.01446013387
3,15518.99803778804
4,7574.252191092116
5,4789.513305098385
