epoch,gBest_fitness
1,7507.254324564216
2,15.61089415688581
3,2.3343324543324835
4,0.23583844434932622
5,0.06941569571631295
