epoch,gBest_fitness
1,1215871.500388097
2,20049.082753239687
3,3008.494427196332
4,940.6062363968446
5,670.8418945422784
