epoch,gBest_fitness
1,77433225.94743638
2,17186474.561494727
3,5587395.839603251
4,2334543.5508699603
5,634220.4618094371
