epoch,gBest_fitness
1,5000451.315527009
2,73.65416108337057
3,1.2845550463064004
4,0.21111383251151686
5,0.08480659375483424
