epoch,gBest_fitness
1,2250.0937256846682
2,11.80906097708983
3,2.057496593015502
4,0.03468826554482323
5,0.012624132925370037
