epoch,gBest_fitness
1,159394.57531198603
2,9432.428140304724
3,3165.226055218007
4,2175.598366619897
5,1166.3214208457441
