epoch,gBest_fitness
1,2076.4816129053715
2,27.48036656543101
3,1.0999218599866742
4,0.20046250793183545
5,0.02375088062751263
