epoch,gBest_fitness
1,12327739.444201432
2,2914.909185406595
3,349.2863692744168
4,166.5448526197556
5,97.8430758333084
