epoch,gBest_fitness
1,4975653.9229275575
2,170268.33311705463
3,17869.56039348292
4,8157.829162988112
5,5540.1792662595035
