epoch,gBest_fitness
1,4266258.870293611
2,98.89525401366247
3,22.803766094861995
4,2.8265626388266147
5,0.7854008542562012
