epoch,gBest_fitness
1,4882842.135506749
2,730.93346452112
3,245.8093778457544
4,121.90777728876706
5,51.96816154689744
