epoch,gBest_fitness
1,34355501.71182291
2,6372521.611093617
3,1630753.757548004
4,526499.539372891
5,196096.86189915886
