epoch,gBest_fitness
1,16054354.817676581
2,3973705.2752046334
3,986798.4906226705
4,441791.50022813
5,177670.87736155887
