epoch,gBest_fitness
1,4060004.835210806
2,16.273450605889334
3,2.190473637029722
4,1.3210122234405617
5,0.49969444134632907
