epoch,gBest_fitness
1,1197736.2064710064
2,275.27290763127905
3,87.10961936103985
4,39.26000228861864
5,12.531661185965932
