epoch,gBest_fitness
1,3704800.9168542414
2,292.8805633144477
3,127.53594838968932
4,50.65506486439416
5,34.930881470375766
