epoch,gBest_fitness
1,2113372.905095488
2,16696.600000389033
3,8242.568929225086
4,2030.5972424356848
5,977.1094642366098
