epoch,gBest_fitness
1,45341876.03808225
2,6916292.03722891
3,2116049.9207267915
4,753147.5069799605
5,512775.2316541462
