epoch,gBest_fitness
1,4965556.250737239
2,1490.9665736007548
3,285.79496024474486
4,66.5470212705469
5,40.94691792271419
