epoch,gBest_fitness
1,1082.8409027051732
2,302.339884561304
3,30.61907219241887
4,8.319846299844658
5,4.330064460938199
