epoch,gBest_fitness
1,17349.421174532497
2,2901.754593391524
3,1058.1302310104024
4,613.7021417700064
5,401.82486878832117
