epoch,gBest_fitness
1,2213171.91773549
2,433461.68592176156
3,137355.37579653456
4,71032.81169663025
5,11591.588627886102
