epoch,gBest_fitness
1,3570.184258186826
2,1.5587406822378682
3,0.14969885769404143
4,0.037506032525918755
5,0.010403793666189666
