epoch,gBest_fitness
1,15894.394595470585
2,762.6659465859366
3,251.98055276718623
4,133.3523761788138
5,80.41515265093936
