epoch,gBest_fitness
1,27645.307356802754
2,692.8345333817825
3,386.808331631261
4,270.16786169029206
5,85.15128793917823
