epoch,gBest_fitness
1,5309683.506675684
2,217893.6997089051
3,82716.53139908651
4,46817.43103024164
5,22394.004761873093
