epoch,gBest_fitness
1,4667.839538666998
2,693.6762106611603
3,280.0112752392188
4,166.93683853812345
5,41.97065394095197
