epoch,gBest_fitness
1,4632768.278035918
2,228268.45223788635
3,46251.434154129514
4,18245.099496873278
5,11687.403849419075
