epoch,gBest_fitness
1,6003.81247631991
2,1182.3349394726974
3,154.26637501088376
4,66.55861132198409
5,45.95270716739566
