epoch,gBest_fitness
1,23339785.971300274
2,1108892.970511283
3,357868.3421031678
4,211354.24513380788
5,111186.59497126356
