epoch,gBest_fitness
1,801.8606828600692
2,46.26884834061092
3,12.879252781538337
4,4.5599108604222005
5,2.234096842985943
