epoch,gBest_fitness
1,128852158.1265111
2,10020003.207043355
3,1092986.6246661989
4,551428.4637848964
5,229396.43430165245
