epoch,gBest_fitness
1,5000696.941206769
2,1.7183787711320486
3,0.23506256268439815
4,0.015545811533632204
5,0.009789674764579944
