epoch,gBest_fitness
1,1860341.596751786
2,43578.1252008224
3,6027.440632579552
4,2947.0722455481255
5,1891.5251173257561
