epoch,gBest_fitness
1,1581530.1320773056
2,15688.776377310278
3,1915.4890754227556
4,852.4958182774036
5,656.593490742605
