epoch,gBest_fitness
1,22492246.611975886
2,9727.937929561649
3,3291.709214725401
4,1590.3966160286532
5,742.8357095070427
