epoch,gBest_fitness
1,81306550.91612923
2,6498238.421625993
3,1958314.528254893
4,727463.9233958609
5,322388.2534903265
