epoch,gBest_fitness
1,68529.72480349058
2,19640.26499875889
3,9555.203722644259
4,5399.419328578889
5,3474.1787465159186
