epoch,gBest_fitness
1,6000219.861422789
2,1.966680319120832
3,0.08965353730876022
4,0.022259272483047644
5,0.006917169296838162
