epoch,gBest_fitness
1,203.238017326339
2,17.076037395784777
3,2.896507824237926
4,1.3153927873333455
5,0.5654349202327059
