epoch,gBest_fitness
1,6509.4397845187905
2,3740.2075053100994
3,1806.548620174584
4,655.46111884962
5,188.51807904220502
