epoch,gBest_fitness
1,22551.59479871784
2,5013.516651830457
3,2869.034285542717
4,1071.9756428201251
5,521.0974287155234
