epoch,gBest_fitness
1,6816.8850278187565
2,3199.982844294487
3,1827.6107912858215
4,358.3449412491719
5,78.89269253163276
