epoch,gBest_fitness
1,20762622.237721648
2,2423.9256493300213
3,1124.0859820516696
4,627.5580540775713
5,461.82208311353656
