epoch,gBest_fitness
1,968688.902943548
2,128362.20452143656
3,70577.98425779885
4,35453.41737499496
5,20917.556323587876
