epoch,gBest_fitness
1,10196.015709215557
2,366.69857463250247
3,98.10854040884674
4,59.95740934911126
5,32.67899813016296
