epoch,gBest_fitness
1,1154.8067254339262
2,134.36971599655791
3,12.451442164740465
4,4.5339064233845106
5,1.9301273601592617
