epoch,gBest_fitness
1,4547277.42881269
2,226044.03899812052
3,72672.8858145938
4,38397.759344696926
5,18567.098868455138
