epoch,gBest_fitness
1,30137.123314274595
2,503.46275854473083
3,236.03538248798034
4,158.01963945757555
5,129.22774419540136
