epoch,gBest_fitness
1,1259.4220776107536
2,197.37178795620065
3,78.19451670531176
4,3.5463887445806197
5,1.9002333739761088
