epoch,gBest_fitness
1,23685601.563535485
2,967.7879048259276
3,540.167617392315
4,254.0832381733847
5,171.61170263053583
