epoch,gBest_fitness
1,4.8842987728445415
2,0.37442703172249997
3,0.09013245548067195
4,0.05787736803936602
5,0.020771272842380412
