epoch,gBest_fitness
1,4391.172998118916
2,350.28399337227563
3,102.44926101024195
4,51.46499012995275
5,23.69191439191787
