epoch,gBest_fitness
1,2115.7980072465257
2,30.919027219744926
3,4.821588891963366
4,2.5985342818669697
5,0.7557994641895495
