epoch,gBest_fitness
1,11179633.024020461
2,1213210.0947033493
3,430657.4871973039
4,184867.45517248943
5,99737.91211232754
