epoch,gBest_fitness
1,113850.38332115591
2,39300.66174791837
3,8291.663141639807
4,5494.395790838076
5,4597.281160531216
