epoch,gBest_fitness
1,39520812.21363872
2,3993998.373776377
3,761984.8894951288
4,473000.7273810115
5,233394.0457065664
