epoch,gBest_fitness
1,4005154.0759136965
2,37.514701952440575
3,9.665197529464477
4,5.843481647063295
5,1.3889786442628482
