epoch,gBest_fitness
1,1698326.3821448418
2,6791.847128624218
3,3376.9889404270284
4,895.357392488983
5,212.3335354523811
