epoch,gBest_fitness
1,7005435.764124338
2,8.736684523460118
3,1.0777076378510007
4,0.20839719504152943
5,0.08188189305985209
