epoch,gBest_fitness
1,4730908.626974014
2,399866.21008110384
3,205586.0726974012
4,112902.96638166106
5,46840.67991221178
