epoch,gBest_fitness
1,5250198.966069185
2,2199.317707613151
3,194.40171782546332
4,62.97774903762318
5,19.571690042892225
