epoch,gBest_fitness
1,143699.12004032437
2,126.73482317606619
3,24.029720666637523
4,3.713434011963331
5,1.714045069945227
