epoch,gBest_fitness
1,689.1340725922313
2,319.5520165844081
3,19.5178890677457
4,2.1669997671004713
5,0.9452243797867926
