epoch,gBest_fitness
1,1002642.7041525659
2,1.8845548722247294
3,0.29109714550774235
4,0.19031463677967925
5,0.021947082037810175
