epoch,gBest_fitness
1,13408.76994347682
2,0.5570402453058311
3,0.2301826108714015
4,0.04303078244790724
5,0.014709973677778746
