epoch,gBest_fitness
1,120449.09800135916
2,26.688320216995187
3,1.2371967432497841
4,0.36678181708795965
5,0.17666280181892832
