epoch,gBest_fitness
1,10074924.552388197
2,412315.98973248905
3,74726.11941732405
4,19990.203699407684
5,9385.56988840935
