epoch,gBest_fitness
1,8028537.91302964
2,40.96642392076834
3,0.6481180234975399
4,0.08936129070237046
5,0.042603171400374513
