epoch,gBest_fitness
1,510591.7891687248
2,8621.759471583962
3,3019.909221548129
4,898.3810128131739
5,382.30029717393046
