epoch,gBest_fitness
1,61302.54636967114
2,2861.3013871250773
3,1559.9427514059712
4,805.2642910708172
5,624.1581959415574
