epoch,gBest_fitness
1,5522.125614280535
2,171.79018516732373
3,17.023806202327695
4,11.96111203871491
5,5.617796574055143
