epoch,gBest_fitness
1,28852750.41390777
2,4532323.748078502
3,687626.8788621512
4,139847.61447348716
5,81603.43719203843
