epoch,gBest_fitness
1,24680.75914908902
2,1974.8042669580575
3,1314.6910482498856
4,1074.6254811490599
5,511.35226195561154
