epoch,gBest_fitness
1,40676011.72412463
2,5952543.789484123
3,2133476.228826108
4,759728.8387714385
5,356100.69762467715
