epoch,gBest_fitness
1,1806221.6485306264
2,138874.02162676927
3,66739.13287045374
4,18968.639844124034
5,6986.4590931103585
