epoch,gBest_fitness
1,36475.44961108136
2,64.58079002534947
3,9.934085301518483
4,6.810599926406038
5,2.7055243668271864
