epoch,gBest_fitness
1,220.98132856195284
2,40.77969745291754
3,21.363444878739667
4,17.617008111039198
5,13.518717052607862
