epoch,gBest_fitness
1,21.008672694103968
2,6.284402779271628
3,1.937249404233048
4,0.21496468702489038
5,0.07116456920888427
