epoch,gBest_fitness
1,7144832.755537115
2,53.29112314630114
3,16.44686461657241
4,9.81785231073678
5,4.383571402001412
