epoch,gBest_fitness
1,7130135.936819191
2,90.88177206288385
3,12.083930257683878
4,4.2594415325147565
5,1.7594843133044642
