epoch,gBest_fitness
1,29834.320793318555
2,7784.267829167806
3,2468.6308740933086
4,1876.90853322647
5,1109.114611687826
