epoch,gBest_fitness
1,48019.888777594984
2,3437.5641434865306
3,987.3870374569192
4,637.5795931686027
5,243.38674572061348
