epoch,gBest_fitness
1,3006388.855462502
2,30.0228442429029
3,5.988856973267929
4,1.81936682005638
5,0.6439696293978908
