epoch,gBest_fitness
1,9.406624484378442
2,0.0940521336826178
3,0.023452447152613968
4,0.003775531529920641
5,0.0003078668919206904
