epoch,gBest_fitness
1,8324050.67351152
2,214451.9646144996
3,59938.75383455623
4,29810.67790246254
5,8015.500680700494
