epoch,gBest_fitness
1,5010469.081524727
2,0.6562519846117445
3,0.20377005121624142
4,0.09582256909511058
5,0.03703150079797812
