epoch,gBest_fitness
1,14310913.678494614
2,4415.236862695283
3,646.6496765409177
4,227.17873500107842
5,107.72075354653202
