epoch,gBest_fitness
1,20901.685641694876
2,1.8685441704165988
3,0.02157320620372713
4,0.008558560459808679
5,0.0024265109744150085
