epoch,gBest_fitness
1,4176.109029898657
2,0.34349100488133233
3,0.0798777831466054
4,0.049011800442694334
5,0.011265878160736572
