epoch,gBest_fitness
1,162389174.87547976
2,7138721.572545358
3,3175855.3105327026
4,1020287.3003969251
5,408637.5168492815
