epoch,gBest_fitness
1,250051.58759281228
2,20950.204816878897
3,8311.547763706652
4,5303.985096154504
5,2768.0225630509603
