epoch,gBest_fitness
1,1968295.0539032787
2,147795.22618519978
3,60772.856354832744
4,54189.832410607276
5,27268.111768262952
