epoch,gBest_fitness
1,484745.54468978837
2,817.3809250428448
3,148.84019277408422
4,92.12810297033505
5,26.627055197794142
