epoch,gBest_fitness
1,31940.216450885313
2,297.35291568479505
3,173.56947920853656
4,106.8865873161691
5,58.74536047975672
