epoch,gBest_fitness
1,78317366.1956906
2,4590595.204763126
3,1945956.701221232
4,762432.9534768584
5,353560.9580761174
