epoch,gBest_fitness
1,847.0668820265952
2,325.7258044315079
3,53.86202191250803
4,5.898645654382086
5,1.375698378837319
