epoch,gBest_fitness
1,2126.432566567867
2,61.20942623767922
3,2.0279938572204
4,0.36044579047087344
5,0.24167010139560466
