epoch,gBest_fitness
1,10225294.860056203
2,1580248.6625545812
3,374052.5388623484
4,61643.23279582622
5,25745.670839562794
