epoch,gBest_fitness
1,888.3917692780062
2,624.4202082174372
3,507.6641367315494
4,410.2711852987173
5,274.8657713074841
