epoch,gBest_fitness
1,449.70651657861396
2,439.6020908467948
3,439.6008064424884
4,439.6008064424884
5,439.6008064424884
