epoch,gBest_fitness
1,197.1840466050885
2,159.78796734332266
3,95.45591597765883
4,58.3382548887623
5,53.71488256483394
