epoch,gBest_fitness
1,9.518486363754986
2,6.187060942098261
3,4.761604936712114
4,4.373633683327848
5,3.1876765381359364
