epoch,gBest_fitness
1,38.14987716693274
2,24.087569229918966
3,17.886724129282495
4,15.970299923193359
5,13.473806722261607
