epoch,gBest_fitness
1,6.643081681376818e+45
2,1.263121934500492e+45
3,8.257529056173496e+42
4,5.604406387630191e+40
5,5.078418642866794e+40
