epoch,gBest_fitness
1,1.0240791737103356e+53
2,1.0494584312484045e+51
3,3.995388074721938e+49
4,3.995388074721938e+49
5,3.995388074721938e+49
