epoch,gBest_fitness
1,1023974.1800512025
2,551.4824888527562
3,551.4824888527562
4,551.4824888527562
5,547.6092591169669
