epoch,gBest_fitness
1,341.06979787187794
2,341.06979787187794
3,341.06979787187794
4,341.06979787187794
5,341.06979787187794
