epoch,gBest_fitness
1,195.54193536505153
2,185.38387522287073
3,185.38387522287067
4,151.07788353146577
5,151.07310173879912
