epoch,gBest_fitness
1,3.820422468875206
2,1.1122355111234747
3,0.8356163005533949
4,0.4059911463060465
5,0.33143192857466236
