epoch,gBest_fitness
1,179.29338692718326
2,134.85835088353494
3,59.63133172884302
4,56.77284763969043
5,54.22286919741357
