epoch,gBest_fitness
1,92.03380877526517
2,66.2757774196672
3,51.86469058037292
4,41.755214302883
5,40.14821812188049
