epoch,gBest_fitness
1,34.4614460122289
2,22.925376975550527
3,18.19089102822383
4,16.06238048091703
5,13.735630261268117
