epoch,gBest_fitness
1,314.0289346211781
2,314.0289345611605
3,314.0289345596707
4,314.0289345596707
5,314.0289345596707
