epoch,gBest_fitness
1,28.351908051495368
2,24.287376289048396
3,21.191022558703867
4,20.35389073503468
5,19.217668678143024
