epoch,gBest_fitness
1,2.293683451462908
2,1.420995654535691
3,1.0220092296298955
4,0.7153232274507543
5,0.5230868814466484
