epoch,gBest_fitness
1,368.8284432550795
2,363.7998572859278
3,363.79973829046554
4,363.79973829046554
5,363.79973829046554
