epoch,gBest_fitness
1,36.23094959880278
2,24.732086548205988
3,21.415526646269257
4,20.73912728721652
5,18.737099009883963
