epoch,gBest_fitness
1,1.1718883536335863e+42
2,2.0817426896428805e+39
3,2.0817426896428805e+39
4,2.0817426896428805e+39
5,1.2081828173493436e+39
