epoch,gBest_fitness
1,3.5416335198845814e+46
2,3.5416335198845814e+46
3,3.5416335198845814e+46
4,8.775123328861867e+44
5,2.796376333062225e+44
