epoch,gBest_fitness
1,35294.53855508549
2,497.76259002964747
3,474.2908319518851
4,469.9627341518538
5,469.9627341518538
