epoch,gBest_fitness
1,4.578583701701683
2,3.6399181701002385
3,3.2511544446309624
4,3.09990494275839
5,2.8432939459757014
