epoch,gBest_fitness
1,81.08576652609165
2,65.20679180583724
3,58.233689092705355
4,50.37756219504344
5,48.03722410320503
