epoch,gBest_fitness
1,116.28905488189946
2,85.63836895998558
3,73.42564952730864
4,68.99081863140708
5,65.73961880893073
