epoch,gBest_fitness
1,10.82241966763525
2,7.859136642396688
3,6.86445569715597
4,6.1527014906064
5,5.486056949044342
