epoch,gBest_fitness
1,305.7814490829181
2,305.7814490829181
3,305.7814490829181
4,305.7814490829181
5,305.78144908291404
