epoch,gBest_fitness
1,161.41255250449268
2,161.412552504268
3,161.4125525042665
4,161.4125525042665
5,161.4125525042665
