epoch,gBest_fitness
1,14.086998389466926
2,6.663200417587517
3,4.693934243369332
4,2.849569956359746
5,2.0588366972300927
