epoch,gBest_fitness
1,8.733035484229973
2,6.83339262110789
3,6.635488571016296
4,5.51047362875254
5,5.328291561200254
