epoch,gBest_fitness
1,10.135034318732119
2,7.618406817978215
3,2.5190929897161802
4,1.6357794379634512
5,1.4019694035477823
