epoch,gBest_fitness
1,94.4796994758973
2,71.61533589013031
3,58.785126751048956
4,53.52563833687393
5,52.16265420188653
