epoch,gBest_fitness
1,1.1427503299953309e-35
2,1.1427503299953309e-35
3,1.1427503299953309e-35
4,1.1427503299953309e-35
5,1.1427503299953309e-35
