epoch,gBest_fitness
1,1.747607547618494e-16
2,2.0267204203500204e-19
3,2.671233823278106e-37
4,2.671233823278106e-37
5,2.671233823278106e-37
