epoch,gBest_fitness
1,7.884223149099348e-27
2,7.884223149099348e-27
3,1.1106555252402754e-37
4,1.1106555252402754e-37
5,2.4751746245761732e-39
