epoch,gBest_fitness
1,7.397404710543005e-257
2,7.397404710543005e-257
3,7.397404710543005e-257
4,7.397404710543005e-257
5,7.397404710543005e-257
