epoch,gBest_fitness
1,5.579570152134289e-42
2,5.579570152134289e-42
3,5.579570152134289e-42
4,5.579570152134289e-42
5,5.579570152134289e-42
