epoch,gBest_fitness
1,3.098293225782807e-250
2,3.098293225782807e-250
3,3.098293225782807e-250
4,3.098293225782807e-250
5,3.098293225782807e-250
