epoch,gBest_fitness
1,9.171186522801213e-21
2,4.5790401816565947e-39
3,4.5790401816565947e-39
4,4.5790401816565947e-39
5,4.5790401816565947e-39
