epoch,gBest_fitness
1,7.414816864501222e-243
2,7.414816864501222e-243
3,7.414816864501222e-243
4,7.414816864501222e-243
5,7.414816864501222e-243
