epoch,gBest_fitness
1,5.36058530833542e-17
2,4.0983089496869445e-27
3,4.0983089496869445e-27
4,4.0983089496869445e-27
5,4.0983089496869445e-27
