epoch,gBest_fitness
1,5.85866642917941e-221
2,5.85866642917941e-221
3,5.489994142651813e-237
4,5.489994142651813e-237
5,5.489994142651813e-237
