epoch,gBest_fitness
1,5.222564221105645e-244
2,5.222564221105645e-244
3,5.222564221105645e-244
4,5.222564221105645e-244
5,5.222564221105645e-244
