epoch,gBest_fitness
1,9.205574494863845e-31
2,9.205574494863845e-31
3,9.205574494863845e-31
4,9.205574494863845e-31
5,9.205574494863845e-31
