epoch,gBest_fitness
1,1.6165646247258932e-223
2,5.789849287296819e-230
3,1.717432327554468e-231
4,1.717432327554468e-231
5,1.4113120766941532e-233
