epoch,gBest_fitness
1,8.837245356228991e-217
2,2.2810539962284636e-249
3,2.2810539962284636e-249
4,2.2810539962284636e-249
5,2.2810539962284636e-249
