epoch,gBest_fitness
1,1.4820436262866886e-236
2,1.4820436262866886e-236
3,9.054947032611778e-238
4,9.054947032611778e-238
5,6.684837255518989e-247
