epoch,gBest_fitness
1,2.4053810505984352e-27
2,2.4053810505984352e-27
3,2.4053810505984352e-27
4,2.38626732344511e-27
5,2.38626732344511e-27
